name,embedding,threshold,raw_cosine_cutoff,resolution,gamma,theta,quality,repeat,graph,elapsed_seconds,n,communities,median_size,largest,singletons,words_in_pairs,words_in_3_to_30,words_in_over_100,mean_pair_cosine_word_weighted_nonsingletons,mean_cosine_silhouette_original_300d,negative_silhouette_fraction,word_weighted_median_cluster_size,words_in_1_to_2,words_in_3_to_9,words_in_10_to_30,words_in_31_to_100,cpm_objective_same_graph_and_resolution_only,fraction_graph_edges_within_communities,disconnected_communities
pca100-t0.737-r0.05-run01,pca100,0.737,0.474,0.05,0.05,0.3,CPM,1,graphs/1-9-leiden/experiments-2026-09-17/graphs/pca100-t0.737.graphml,114.568969542,10936,922,6,275,235,110,5818,1328,0.38663510387031186,0.003839176535000715,0.49067300658376006,24.0,345,1841,3977,3445,44412.07998588085,0.5735459721803676,0
pca100-t0.737-r0.1-run01,pca100,0.737,0.474,0.1,0.1,0.3,CPM,1,graphs/1-9-leiden/experiments-2026-09-17/graphs/pca100-t0.737.graphml,92.920585792,10936,1377,4,186,305,246,7512,589,0.4268705885583915,0.023685919847102787,0.42346378931967815,15.0,551,3358,4154,2284,35162.986329615116,0.5065504607527479,0
pca100-t0.737-r0.2-run01,pca100,0.737,0.474,0.2,0.2,0.3,CPM,1,graphs/1-9-leiden/experiments-2026-09-17/graphs/pca100-t0.737.graphml,76.687539875,10936,2069,3,136,435,700,8273,256,0.47117588212646533,0.047633099937985764,0.35341989758595466,8.0,1135,4956,3317,1272,24081.159255445004,0.4081508033434313,0
pca200-fullfit-t0.686-r0.05-run01,pca200-fullfit,0.686,0.3720000000000001,0.05,0.05,0.3,CPM,1,graphs/1-9-leiden/experiments-2026-09-17/graphs/pca200-fullfit-t0.686.graphml,117.696750584,10936,847,7,223,173,126,5824,1075,0.3899818764535782,0.024378888077723822,0.4173372348207754,26.0,299,1755,4069,3738,37923.80416008532,0.5308298745382803,0
pca200-fullfit-t0.686-r0.1-run01,pca200-fullfit,0.686,0.3720000000000001,0.1,0.1,0.3,CPM,1,graphs/1-9-leiden/experiments-2026-09-17/graphs/pca200-fullfit-t0.686.graphml,93.505277333,10936,1274,5,156,219,228,7896,386,0.4350062599534208,0.0539790709756075,0.3213240673006584,15.0,447,3140,4756,2207,29463.141219031808,0.44632238857691914,0
pca200-fullfit-t0.686-r0.1-run02,pca200-fullfit,0.686,0.3720000000000001,0.1,0.1,0.3,CPM,2,graphs/1-9-leiden/experiments-2026-09-17/graphs/pca200-fullfit-t0.686.graphml,93.010215292,10936,1304,5,157,235,250,7742,484,0.4355412148578094,0.05196400094428627,0.3261704462326262,15.0,485,3163,4579,2225,29513.545532888173,0.449126178418694,0
pca200-fullfit-t0.686-r0.1-run03,pca200-fullfit,0.686,0.3720000000000001,0.1,0.1,0.3,CPM,3,graphs/1-9-leiden/experiments-2026-09-17/graphs/pca200-fullfit-t0.686.graphml,94.116021375,10936,1286,5,162,239,224,8058,512,0.43599879901552635,0.05542093556009192,0.3155632772494514,15.0,463,3041,5017,1903,29539.952950420975,0.4492049365603169,0
pca200-fullfit-t0.686-r0.1-run04,pca200-fullfit,0.686,0.3720000000000001,0.1,0.1,0.3,CPM,4,graphs/1-9-leiden/experiments-2026-09-17/graphs/pca200-fullfit-t0.686.graphml,94.195477875,10936,1285,5,160,228,236,7780,505,0.4350240667974999,0.05397324998255285,0.32260424286759326,15.0,464,3088,4692,2187,29501.20203099549,0.451032125445968,0
pca200-fullfit-t0.686-r0.1-run05,pca200-fullfit,0.686,0.3720000000000001,0.1,0.1,0.3,CPM,5,graphs/1-9-leiden/experiments-2026-09-17/graphs/pca200-fullfit-t0.686.graphml,92.81569325000001,10936,1290,5,157,238,212,7724,393,0.43429451006375297,0.05306342828743563,0.32461594732991955,15.0,450,3177,4547,2369,29604.75284996033,0.4529538241015665,0
pca200-fullfit-t0.686-r0.2-run01,pca200-fullfit,0.686,0.3720000000000001,0.2,0.2,0.3,CPM,1,graphs/1-9-leiden/experiments-2026-09-17/graphs/pca200-fullfit-t0.686.graphml,79.996970375,10936,1950,4,105,350,596,8789,105,0.47958468106928165,0.0759794520955161,0.2551207022677396,9.0,946,5008,3781,1096,20132.304834768176,0.3673358483433225,0
raw-t0.7-r0.05-run01,raw,0.7,0.3999999999999999,0.05,0.05,0.3,CPM,1,graphs/1-9-leiden/hsk1-9-thresh0.70.graphml,247.843636458,10936,518,8.5,455,76,62,3571,3100,0.35065405875060507,0.01744167759456996,0.4403803950256035,47.0,138,1026,2545,4127,75193.3232618779,0.4535343443236488,0
raw-t0.7-r0.1-run01,raw,0.7,0.3999999999999999,0.1,0.1,0.3,CPM,1,graphs/1-9-leiden/hsk1-9-thresh0.70.graphml,198.61017412500001,10936,827,7,296,102,140,5832,1961,0.39323532869505623,0.04055821695118453,0.3584491587417703,26.0,242,1946,3886,2901,56356.58521618247,0.3742115033946984,0
raw-t0.7-r0.2-run01,raw,0.7,0.3999999999999999,0.2,0.2,0.3,CPM,1,graphs/1-9-leiden/hsk1-9-thresh0.70.graphml,159.95964158299998,10936,1355,4,179,171,394,7779,483,0.43949408203249324,0.05940264138665779,0.2908741770299927,15.0,565,3350,4429,2109,36317.63658161461,0.287673897918336,0
raw-t0.7-r0.2-run02,raw,0.7,0.3999999999999999,0.2,0.2,0.3,CPM,2,graphs/1-9-leiden/hsk1-9-thresh0.70.graphml,163.487605583,10936,1340,4,163,182,356,7586,574,0.43892148957247623,0.05975209126540859,0.29261155815654716,14.0,538,3331,4255,2238,36655.45064026117,0.2895270504209162,0
raw-t0.7-r0.2-run03,raw,0.7,0.3999999999999999,0.2,0.2,0.3,CPM,3,graphs/1-9-leiden/hsk1-9-thresh0.70.graphml,161.72244849999998,10936,1351,4,171,178,404,7712,697,0.4391628900550753,0.058697298219891024,0.2943489392831017,14.0,582,3309,4403,1945,36345.60406164825,0.2899095516492068,0
raw-t0.7-r0.2-run04,raw,0.7,0.3999999999999999,0.2,0.2,0.3,CPM,4,graphs/1-9-leiden/hsk1-9-thresh0.70.graphml,165.516390958,10936,1336,4,170,164,356,7501,573,0.4389019935867046,0.06083456853093491,0.2895940014630578,14.0,520,3387,4114,2342,36697.483289730546,0.2910471630609331,0
raw-t0.7-r0.2-run05,raw,0.7,0.3999999999999999,0.2,0.2,0.3,CPM,5,graphs/1-9-leiden/hsk1-9-thresh0.70.graphml,165.885462292,10936,1372,4,175,186,406,7618,589,0.44058702255721766,0.05858755900071488,0.2975493782004389,15.0,592,3390,4228,2137,36484.138728260994,0.28965894739618886,0
raw-t0.725-r0.05-run01,raw,0.725,0.44999999999999996,0.05,0.05,0.3,CPM,1,graphs/1-9-leiden/experiments-2026-09-17/graphs/raw-t0.725.graphml,110.83715774999999,10936,978,6,251,257,134,6277,1345,0.3964390811241196,0.02183880422640737,0.43224213606437456,22.0,391,1799,4478,2923,38249.99953751564,0.5108697360768348,0
raw-t0.725-r0.1-run01,raw,0.725,0.44999999999999996,0.1,0.1,0.3,CPM,1,graphs/1-9-leiden/experiments-2026-09-17/graphs/raw-t0.725.graphml,87.70986470899999,10936,1446,4,153,309,290,7950,433,0.4428752684496727,0.05688119842249724,0.31602048280907097,13.0,599,3450,4500,1954,29936.67125775516,0.43745382523539306,0
raw-t0.725-r0.1-run02,raw,0.725,0.44999999999999996,0.1,0.1,0.3,CPM,2,graphs/1-9-leiden/experiments-2026-09-17/graphs/raw-t0.725.graphml,93.02882912499999,10936,1437,4,155,324,266,7859,442,0.4410071306789335,0.053129264493935936,0.32205559619604973,14.0,590,3429,4430,2045,29961.928999420998,0.44124212081676284,0
raw-t0.725-r0.1-run03,raw,0.725,0.44999999999999996,0.1,0.1,0.3,CPM,3,graphs/1-9-leiden/experiments-2026-09-17/graphs/raw-t0.725.graphml,93.58605291700002,10936,1467,4,158,343,302,7824,439,0.44199166294142916,0.05317726599702098,0.33302852962692026,13.0,645,3375,4449,2028,29855.03644645512,0.43703726991213043,0
raw-t0.725-r0.1-run04,raw,0.725,0.44999999999999996,0.1,0.1,0.3,CPM,4,graphs/1-9-leiden/experiments-2026-09-17/graphs/raw-t0.725.graphml,95.020253542,10936,1460,4,161,333,280,7873,446,0.44283262294868136,0.05483078987725524,0.32324433065106073,13.0,613,3478,4395,2004,29982.805474826695,0.4400238929845796,0
raw-t0.725-r0.1-run05,raw,0.725,0.44999999999999996,0.1,0.1,0.3,CPM,5,graphs/1-9-leiden/experiments-2026-09-17/graphs/raw-t0.725.graphml,93.30496333300002,10936,1477,4,163,339,288,8078,558,0.44341653190037905,0.05370119126773515,0.33037673738112655,13.0,627,3470,4608,1673,29831.46407319307,0.43741452756338717,0
raw-t0.725-r0.2-run01,raw,0.725,0.44999999999999996,0.2,0.2,0.3,CPM,1,graphs/1-9-leiden/experiments-2026-09-17/graphs/raw-t0.725.graphml,71.736515,10936,2166,3,108,477,746,8576,108,0.4894492277013544,0.08147942432589843,0.24497073884418435,8.0,1223,4972,3604,1029,20326.3574924767,0.3516198500400836,0
raw-t0.725-r0.2-run02,raw,0.725,0.44999999999999996,0.2,0.2,0.3,CPM,2,graphs/1-9-leiden/experiments-2026-09-17/graphs/raw-t0.725.graphml,75.717330583,10936,2180,3,106,472,764,8347,106,0.4901117747404923,0.08161336181841733,0.2403072421360644,8.0,1236,5111,3236,1247,20337.34750302732,0.3506609868431394,0
raw-t0.725-r0.2-run03,raw,0.725,0.44999999999999996,0.2,0.2,0.3,CPM,3,graphs/1-9-leiden/experiments-2026-09-17/graphs/raw-t0.725.graphml,78.042434625,10936,2195,3,111,476,788,8492,111,0.4899968443776895,0.0795932599843598,0.25338332114118506,8.0,1264,5161,3331,1069,20343.737305435538,0.35181633840011317,0
raw-t0.725-r0.2-run04,raw,0.725,0.44999999999999996,0.2,0.2,0.3,CPM,4,graphs/1-9-leiden/experiments-2026-09-17/graphs/raw-t0.725.graphml,79.745183833,10936,2174,3,107,469,776,8461,107,0.48952352456157205,0.08063726006998057,0.24780541331382588,8.0,1245,5023,3438,1123,20344.28487637639,0.3513369068016411,0
raw-t0.725-r0.2-run05,raw,0.725,0.44999999999999996,0.2,0.2,0.3,CPM,5,graphs/1-9-leiden/experiments-2026-09-17/graphs/raw-t0.725.graphml,79.39367920900003,10936,2159,3,109,454,736,8582,109,0.4890541307488297,0.0807572688778177,0.24341623994147768,8.0,1190,5063,3519,1055,20427.568059578538,0.35253941556502194,0
raw-t0.75-r0.05-run01,raw,0.75,0.5,0.05,0.05,0.3,CPM,1,graphs/1-9-leiden/experiments-2026-09-17/graphs/raw-t0.75.graphml,54.887746042,10936,1792,2,164,750,300,7882,423,0.4430724272720235,0.025511980337924445,0.4056327724945135,13.0,1050,3138,4744,1581,20812.737906473874,0.5991705250362002,0
raw-t0.75-r0.1-run01,raw,0.75,0.5,0.1,0.1,0.3,CPM,1,graphs/1-9-leiden/experiments-2026-09-17/graphs/raw-t0.75.graphml,50.252885959000025,10936,2411,3,94,870,580,8581,0,0.49154707513329454,0.06836006571525016,0.2900512070226774,8.0,1450,5137,3444,905,16845.047824925183,0.5249825702997909,0
raw-t0.75-r0.2-run01,raw,0.75,0.5,0.2,0.2,0.3,CPM,1,graphs/1-9-leiden/experiments-2026-09-17/graphs/raw-t0.75.graphml,43.33179212499999,10936,3256,2,70,1112,1274,8164,0,0.5388493182341263,0.1011272869944172,0.1960497439648866,5.0,2386,6040,2124,386,11979.702366548776,0.43563524553531524,0
