community,size,mean_pair_cosine,mean_cosine_silhouette,negative_silhouette_fraction,representatives,boundary_words,deterministic_sample,all_members,soft_mass,mean_max_membership,mean_normalized_membership_entropy,highest_membership_words,strongest_members_outside_hard_cluster,mean_best_match_jaccard,min_best_match_jaccard,fraction_members_in_best_match_every_repeat
0,230,0.2514144735725974,0.03609132826855945,0.23478260869565218,会见 | 拜会 | 出席 | 接见 | 应邀 | 会晤 | 座谈 | 担任 | 出任 | 邀请 | 致辞 | 会面,联系 | 察看 | 教授 | 协商 | 联欢 | 游行 | 选拔 | 沟通,闭幕式 | 任 | 参加 | 诞辰 | 交往 | 汇报 | 发起人 | 主办 | 参观 | 聘 | 车展 | 座谈,会见 | 拜会 | 出席 | 接见 | 应邀 | 会晤 | 座谈 | 担任 | 出任 | 邀请 | 致辞 | 会面 | 就任 | 开幕式 | 开幕 | 兼任 | 演讲 | 会议 | 颁奖 | 任命 | 会谈 | 招待会 | 举行 | 大会 | 代表团 | 闭幕式 | 召开 | 聘任 | 召集 | 任职 | 闭幕 | 发言 | 研讨 | 特邀 | 主持 | 宴会 | 拜访 | 座谈会 | 出访 | 职务 | 主席 | 联欢 | 视察 | 秘书长 | 团长 | 举办 | 部长 | 就职 | 参观 | 当选 | 推选 | 委员 | 现任 | 辞去 | 洽谈 | 嘉宾 | 宣读 | 参加 | 访谈 | 提名 | 会长 | 交谈 | 陪同 | 听取 | 任期 | 峰会 | 理事 | 谈话 | 典礼 | 采访 | 贺信 | 承办 | 主办 | 庆典 | 顾问 | 汇报 | 主任 | 委员会 | 磋商 | 聘请 | 任 | 秘书 | 总裁 | 选举 | 访问 | 集会 | 观摩 | 招待 | 连任 | 院长 | 发布会 | 来访 | 董事长 | 讲话 | 互访 | 盛会 | 演说 | 论坛 | 董事 | 书记 | 带队 | 上任 | 总经理 | 追悼会 | 博览会 | 展览会 | 见面 | 辞呈 | 组长 | 仪式 | 就座 | 助理 | 邀 | 候选人 | 届 | 负责人 | 做客 | 辞职 | 筹办 | 率领 | 筹备 | 商讨 | 考察 | 人选 | 司长 | 参展 | 评委 | 对话 | 调研 | 交流 | 评选 | 派出 | 竞选 | 公职 | 辩论 | 主管 | 董事会 | 签约 | 发表 | 评审 | 葬礼 | 首席 | 表彰 | 隆重 | 事务 | 接替 | 议程 | 总监 | 沙龙 | 兼 | 聘用 | 合影 | 来宾 | 发言人 | 处长 | 聘 | 合作 | 诞辰 | 协商 | 前任 | 展出 | 议题 | 教授 | 选拔 | 上台 | 交涉 | 沟通 | 院士 | 接待 | 逝世 | 贵宾 | 专职 | 离职 | 征求 | 协会 | 露面 | 牵头 | 宣誓 | 职位 | 谈判 | 首相 | 派遣 | 投票 | 代表 | 作客 | 下台 | 组织 | 联络 | 现场 | 盛大 | 亮相 | 交往 | 游行 | 实地 | 所长 | 提拔 | 专题 | 历届 | 一行 | 发起人 | 接手 | 周年 | 活动 | 联合 | 接触 | 车展 | 参与 | 建交 | 创始人 | 加盟 | 大选 | 互动 | 面对面 | 小组 | 征集 | 负责 | 研究所 | 落户 | 筹划 | 招募 | 发起 | 下属 | 联系 | 掌管 | 察看 | 指导 | 双边 | 独家 | 介入 | 派,239.75899502607987,0.8758135171091825,0.10538123728008299,出任:0.999956 | 担任:0.999941 | 兼任:0.999870 | 会面:0.999825 | 会晤:0.999825 | 就任:0.999758 | 会见:0.999744 | 会谈:0.999684 | 任:0.999529 | 出席:0.999480 | 视察:0.999340 | 座谈:0.999325,专家:0.478241 | 起草:0.467585 | 大使:0.465867 | 委托:0.463543 | 总理:0.439317 | 策划:0.435041 | 表决:0.416233 | 局长:0.402518,0.371483967639628,0.29874213836477986,0.0
1,271,0.31044403145833355,0.06923609641290421,0.03690036900369004,拧 | 拽 | 踹 | 磕 | 搓 | 蹬 | 扔 | 蹦 | 搂 | 捏 | 叼 | 扒,闭 | 站 | 争 | 仰 | 挥 | 伴 | 醒 | 喘,抬 | 绑 | 拨 | 倚 | 蹦 | 采 | 弄 | 呆 | 拐 | 挑 | 歇 | 咬,拧 | 拽 | 踹 | 磕 | 搓 | 蹬 | 扔 | 蹦 | 搂 | 捏 | 叼 | 扒 | 劈 | 扯 | 甩 | 摔 | 揪 | 砸 | 捅 | 拎 | 擦 | 咬 | 敲 | 溜 | 抖 | 抠 | 捶 | 捡 | 爬 | 摸 | 踢 | 拦 | 扳 | 揣 | 揍 | 掏 | 扛 | 掐 | 躺 | 蹭 | 捞 | 砍 | 刨 | 舔 | 兜 | 掰 | 缠 | 挤 | 揉 | 吐 | 碰 | 搁 | 搀 | 绑 | 晃 | 拉 | 滚 | 挑 | 撞 | 丢 | 打 | 弄 | 绷 | 放 | 裹 | 抱 | 刮 | 跳 | 搬 | 撑 | 拖 | 踏 | 拔 | 撕 | 夹 | 抽 | 蹲 | 挠 | 抡 | 趴 | 躲 | 抬 | 卸 | 埋 | 撬 | 逮 | 吹 | 踩 | 扑 | 搅 | 坐 | 挂 | 压 | 翻 | 捎 | 吊 | 剥 | 剪 | 挨 | 摆 | 绞 | 泼 | 捉 | 瘫 | 沾 | 啃 | 背 | 仰 | 搭 | 窜 | 割 | 抹 | 扭 | 牵 | 洒 | 憋 | 歪 | 挽 | 掀 | 伸 | 跪 | 扎 | 扶 | 拣 | 拱 | 挥 | 溅 | 碎 | 堵 | 喷 | 拴 | 铲 | 冲 | 攒 | 捂 | 拿 | 炸 | 勾 | 抄 | 倒 | 盯 | 握 | 赶 | 凑 | 脱 | 撒 | 刷 | 插 | 抢 | 追 | 挡 | 晕 | 摘 | 落 | 轰 | 吞 | 揽 | 贴 | 磨 | 塌 | 抓 | 漏 | 凿 | 拄 | 拾 | 倚 | 削 | 接 | 豁 | 扫 | 推 | 留 | 哄 | 坠 | 递 | 绕 | 射 | 挪 | 撇 | 跑 | 戳 | 窝 | 收拾 | 歇 | 钻 | 抛 | 断 | 醒 | 僵 | 塞 | 掉 | 淹 | 晒 | 送 | 刺 | 装 | 捧 | 遮 | 喘 | 拆 | 卧 | 驮 | 取 | 铺 | 垂 | 昏 | 冒 | 奔 | 困 | 斩 | 叠 | 爆 | 挖 | 拐 | 滑 | 举 | 摇 | 扣 | 漂 | 切 | 拼 | 截 | 拨 | 划 | 勒 | 呆 | 揭 | 填 | 吸 | 陷 | 悬 | 开 | 泻 | 停 | 震 | 攀 | 争 | 寄 | 顶 | 斗 | 筛 | 带 | 闯 | 垮 | 夺 | 押 | 围 | 浮 | 破 | 攻 | 闭 | 守 | 藏 | 捕 | 剩 | 探 | 托 | 寻 | 住 | 坑 | 排 | 泄 | 淘 | 站 | 结 | 搜 | 整 | 采 | 借 | 满 | 伴,255.69158125847008,0.8609497864875851,0.12117926338131374,砸:0.999576 | 捡:0.998822 | 甩:0.998696 | 砍:0.998549 | 拽:0.998505 | 扔:0.998443 | 摔:0.998259 | 蹭:0.998180 | 踹:0.998159 | 捅:0.997992 | 扛:0.997803 | 爬:0.996952,杀:0.465585 | 吓:0.447191 | 沉:0.335845 | 呛:0.327580 | 肩:0.320655 | 死:0.298351 | 盖:0.298263 | 摔倒:0.284392,0.8066710519447992,0.7818791946308725,0.7343173431734318
2,206,0.2596572865666321,0.04247609977776211,0.18932038834951456,学费 | 生活费 | 缴纳 | 费用 | 交纳 | 退休金 | 利息 | 支出 | 减免 | 零花钱 | 房租 | 款项,雇 | 献 | 赏 | 雇佣 | 浪费 | 折 | 套餐 | 享,高额 | 消耗 | 发放 | 劳务 | 生活费 | 关税 | 抚养费 | 物资 | 债务 | 筹措 | 折 | 抽奖,学费 | 生活费 | 缴纳 | 费用 | 交纳 | 退休金 | 利息 | 支出 | 减免 | 零花钱 | 房租 | 款项 | 开支 | 补助 | 工资 | 返还 | 奖金 | 拨款 | 手续费 | 补贴 | 支付 | 经费 | 捐款 | 报酬 | 数额 | 话费 | 筹集 | 报销 | 抚养费 | 捐助 | 定金 | 钱 | 租金 | 筹措 | 开销 | 付款 | 押金 | 收取 | 税收 | 回扣 | 管理费 | 小费 | 薪水 | 还款 | 捐赠 | 缴费 | 收入 | 缴 | 奖励 | 津贴 | 现金 | 贷款 | 资助 | 偿还 | 收支 | 福利 | 抚恤 | 拖欠 | 巨额 | 费 | 交费 | 花费 | 优惠 | 高额 | 钱财 | 负担 | 财政 | 补偿 | 付 | 收费 | 捐 | 预算 | 储蓄 | 公款 | 征收 | 差额 | 领取 | 扣除 | 公费 | 捐献 | 募捐 | 财物 | 购买 | 纳税 | 资金 | 私房钱 | 财力 | 自费 | 收益 | 财产 | 发放 | 兑换 | 折扣 | 抵押 | 额外 | 公积金 | 援助 | 担保 | 债务 | 分红 | 大笔 | 红包 | 存款 | 救济 | 赞助 | 出资 | 外币 | 养老金 | 无偿 | 节省 | 归还 | 投入 | 税 | 赠送 | 赤字 | 奖品 | 门票 | 接济 | 订购 | 伙食 | 付出 | 关税 | 劳务 | 待遇 | 索取 | 分配 | 集资 | 增收 | 付费 | 节约 | 金钱 | 账 | 耗费 | 物资 | 价钱 | 年薪 | 预订 | 免费 | 养老 | 消耗 | 促销 | 打折 | 积蓄 | 回馈 | 回报 | 多劳多得 | 拿走 | 赎 | 特权 | 余额 | 透支 | 雇佣 | 节衣缩食 | 抽奖 | 一次性 | 预售 | 中奖 | 雇 | 占用 | 分担 | 租 | 预约 | 动用 | 亏损 | 活期 | 月票 | 赠 | 订 | 拿出 | 储备 | 人力 | 浪费 | 交付 | 扶持 | 笔 | 工作量 | 筹 | 顺差 | 劳动力 | 出售 | 购 | 安置 | 代价 | 拿到 | 理财 | 支援 | 承包 | 特价 | 换取 | 财富 | 自理 | 券 | 贡献 | 买卖 | 接收 | 套餐 | 手头 | 拍卖 | 免 | 预定 | 折 | 享 | 人手 | 赏 | 献 | 供,208.57934647731233,0.8619172546722929,0.12815849906765886,捐助:0.999740 | 筹集:0.999716 | 捐赠:0.999626 | 捐款:0.999589 | 捐献:0.999560 | 筹措:0.999500 | 开销:0.999265 | 生活费:0.999092 | 经费:0.999015 | 花费:0.998953 | 耗费:0.998903 | 开支:0.998683,申领:0.467868 | 成本:0.437446 | 送:0.432760 | 增值:0.426494 | 住房:0.397000 | 花:0.367620 | 转让:0.365667 | 利润:0.328617,0.6675732319917653,0.5253164556962026,0.6699029126213593
3,186,0.25550281150137516,0.04279372127798251,0.26344086021505375,比赛 | 决赛 | 冠军 | 预赛 | 选手 | 单打 | 田径 | 半决赛 | 夺冠 | 亚军 | 乒乓球 | 参赛,位子 | 出手 | 生涯 | 筹码 | 突击 | 队形 | 健美 | 半边天,队 | 脱颖而出 | 联赛 | 起跑线 | 胜负 | 扑克 | 划船 | 进场 | 勋章 | 俱乐部 | 潜水 | 搭档,比赛 | 决赛 | 冠军 | 预赛 | 选手 | 单打 | 田径 | 半决赛 | 夺冠 | 亚军 | 乒乓球 | 参赛 | 网球 | 双打 | 体操 | 赛场 | 银牌 | 羽毛球 | 举重 | 联赛 | 篮球 | 世界杯 | 排球 | 铜牌 | 摔跤 | 奖牌 | 跳远 | 金牌 | 运动员 | 教练 | 夺魁 | 台球 | 球员 | 棒球 | 球队 | 赛 | 大赛 | 大奖赛 | 获胜 | 奥运会 | 跳高 | 足球 | 爆冷门 | 滑冰 | 奖杯 | 竞技 | 打球 | 运动会 | 游泳 | 上场 | 角逐 | 亚运会 | 球星 | 入场券 | 啦啦队 | 竞赛 | 武术 | 帆船 | 射击 | 胜负 | 裁判 | 比分 | 滑雪 | 东道主 | 胜出 | 犯规 | 高尔夫球 | 对手 | 高手 | 赛车 | 长跑 | 半场 | 较量 | 阵容 | 取胜 | 奖项 | 抽签 | 出局 | 无缘 | 出场 | 交锋 | 得分 | 球 | 跳伞 | 获奖 | 杯 | 队 | 比试 | 龙舟 | 跳水 | 健美 | 失利 | 赛跑 | 战术 | 搭档 | 成绩 | 对弈 | 棋 | 外援 | 防守 | 太极拳 | 巨星 | 舵手 | 全能 | 赢家 | 输家 | 体育 | 头衔 | 争夺 | 俱乐部 | 排名 | 荣誉 | 冲浪 | 扑克 | 冷门 | 王牌 | 巅峰 | 重量级 | 划船 | 顶级 | 下场 | 开场 | 生涯 | 名额 | 头号 | 胜利 | 缺席 | 健身 | 入选 | 接力 | 揭晓 | 冲刺 | 得手 | 黑马 | 运动 | 垫底 | 棋子 | 元老 | 席位 | 脱颖而出 | 失误 | 奖 | 起跑线 | 排行榜 | 作战 | 麻将 | 过关 | 顶尖 | 名单 | 热门 | 演练 | 分组 | 状元 | 世界级 | 全场 | 场 | 阵 | 功臣 | 最佳 | 入场 | 称号 | 倒数 | 演习 | 潜水 | 队形 | 荣获 | 牌 | 火炬 | 领军 | 代言人 | 勋章 | 超级 | 席 | 局 | 太极 | 主力 | 出手 | 筹码 | 行列 | 位子 | 组 | 进场 | 获 | 突击 | 界 | 半边天,184.25064053153346,0.8671639452493834,0.12258269262293722,银牌:0.999941 | 羽毛球:0.999932 | 比赛:0.999931 | 举重:0.999922 | 单打:0.999901 | 跳远:0.999896 | 铜牌:0.999891 | 田径:0.999887 | 夺魁:0.999881 | 决赛:0.999879 | 冠军:0.999862 | 奖牌:0.999830,战场:0.357629 | 拳:0.325525 | 小组:0.322901 | 届:0.310965 | 热气球:0.285950 | 阵营:0.280139 | 领先:0.276784 | 明星:0.275491,0.7553291132596747,0.6759259259259259,0.6559139784946236
4,193,0.26946699429395765,0.01634390174876784,0.3316062176165803,旁边 | 看见 | 前边 | 后边 | 老远 | 那儿 | 外边 | 回来 | 远处 | 路过 | 门口 | 走开,一旁 | 赴 | 坐下 | 指着 | 追随 | 面前 | 抬头 | 回归,两侧 | 里面 | 指着 | 出山 | 沿途 | 只见 | 见到 | 右边 | 途中 | 边 | 敞开 | 遇见,旁边 | 看见 | 前边 | 后边 | 老远 | 那儿 | 外边 | 回来 | 远处 | 路过 | 门口 | 走开 | 那边 | 跟前 | 回去 | 前面 | 下楼 | 挨着 | 后面 | 碰见 | 坐下 | 外头 | 那里 | 来到 | 楼下 | 外面 | 对面 | 望见 | 离开 | 停下 | 穿过 | 这儿 | 进去 | 回头 | 上楼 | 一路上 | 走过 | 顺着 | 上去 | 左边 | 这边 | 赶到 | 见到 | 碰到 | 过来 | 看到 | 走近 | 走 | 往 | 告辞 | 只见 | 赶往 | 里边 | 路上 | 上边 | 走进 | 遇见 | 去 | 动身 | 旁 | 直奔 | 右边 | 进来 | 碰上 | 回到 | 一旁 | 顺路 | 楼上 | 转身 | 底下 | 关上 | 指着 | 前头 | 一边 | 沿着 | 隔壁 | 下边 | 身边 | 上面 | 踏上 | 背着 | 下山 | 后头 | 城里 | 里面 | 前方 | 边 | 里头 | 空荡荡 | 两边 | 里 | 孤零零 | 上来 | 靠近 | 递给 | 进 | 这里 | 出去 | 认得 | 认出 | 下面 | 越过 | 一块儿 | 前往 | 放下 | 上头 | 起程 | 碰巧 | 向前 | 到达 | 前来 | 后退 | 遇到 | 遇上 | 台上 | 周围 | 见过 | 中间 | 四面八方 | 抬头 | 到处 | 向着 | 返回 | 亲眼 | 往后 | 奔赴 | 敲门 | 回 | 掉头 | 赶上 | 见 | 四处 | 途中 | 不见 | 沿途 | 投奔 | 梦见 | 赶赴 | 面前 | 抵达 | 推开 | 布满 | 两侧 | 沿 | 朝着 | 对准 | 看 | 送到 | 半路 | 下来 | 到 | 着 | 中途 | 跟上 | 上 | 追赶 | 远离 | 各奔前程 | 四周 | 前进 | 跟随 | 请进 | 进入 | 放到 | 朝 | 专程 | 归来 | 步入 | 此处 | 结识 | 上方 | 敞开 | 出山 | 一路 | 赫然 | 拉开 | 迈进 | 出发 | 告别 | 从 | 脱离 | 追随 | 重返 | 向 | 有幸 | 止步 | 随 | 靠拢 | 指向 | 赴 | 跨越 | 遇 | 回归,192.30533807441583,0.8850857695968458,0.10056034338545326,碰见:0.999949 | 后边:0.999940 | 旁边:0.999929 | 碰到:0.999919 | 走进:0.999906 | 前边:0.999862 | 遇上:0.999834 | 遇见:0.999820 | 遇到:0.999816 | 奔赴:0.999781 | 里边:0.999774 | 见到:0.999750,扭头:0.497569 | 出来:0.427234 | 站住:0.400562 | 目睹:0.367990 | 奔:0.367728 | 回国:0.356064 | 下去:0.324005 | 步:0.314961,0.31151979345657826,0.2965779467680608,0.046632124352331605
5,127,0.28044059607766225,0.02650970905790174,0.2755905511811024,苦难 | 感情 | 情谊 | 酸甜苦辣 | 磨难 | 回忆 | 艰辛 | 悲欢离合 | 往事 | 难忘 | 人生 | 爱情,发泄 | 遂心 | 艰难 | 艰苦 | 感觉 | 万古长青 | 形影不离 | 想起,人生 | 波折 | 心 | 恩情 | 鹏程万里 | 经受 | 亲情 | 终生 | 生活 | 挫折 | 朝夕相处 | 诀别,苦难 | 感情 | 情谊 | 酸甜苦辣 | 磨难 | 回忆 | 艰辛 | 悲欢离合 | 往事 | 难忘 | 人生 | 爱情 | 心事 | 辛酸 | 情感 | 岁月 | 恩情 | 缘分 | 感触 | 真情 | 感受 | 心灵 | 深情 | 诉说 | 时光 | 友情 | 喜怒哀乐 | 亲情 | 倾诉 | 沧桑 | 心声 | 滋味 | 回味 | 内心 | 体会 | 风风雨雨 | 心情 | 心意 | 梦想 | 心愿 | 记忆 | 历程 | 经历 | 情 | 恩怨 | 诀别 | 心里话 | 命运 | 福气 | 一生 | 朝夕相处 | 乐趣 | 天长地久 | 了却 | 生死 | 感觉 | 忘不了 | 灵魂 | 日子 | 切身 | 萍水相逢 | 相识 | 感想 | 愿望 | 生命 | 交情 | 相伴 | 流露 | 心 | 挫折 | 相处 | 身心 | 相遇 | 人间 | 艰险 | 回首 | 回想 | 友谊 | 生活 | 曲折 | 遂心 | 归宿 | 亲身 | 深深 | 波折 | 目睹 | 梦 | 永恒 | 洗礼 | 想起 | 终生 | 艰难 | 印象 | 沉浸 | 度过 | 领略 | 艰苦 | 足迹 | 体验 | 仇 | 血脉 | 见证 | 漫长 | 感 | 发泄 | 耳闻目睹 | 鹏程万里 | 喜事 | 得失 | 宣泄 | 解脱 | 遗愿 | 硕果 | 观感 | 凯歌 | 一帆风顺 | 万古长青 | 历经 | 形影不离 | 干戈 | 经受 | 渡过 | 享受 | 无穷 | 生存 | 无限 | 终身,122.7871275690383,0.8833019815028178,0.11300956024346893,感受:0.999820 | 经历:0.999712 | 酸甜苦辣:0.999513 | 艰辛:0.999481 | 风风雨雨:0.999345 | 亲身:0.999110 | 悲欢离合:0.998986 | 磨难:0.998820 | 领略:0.998019 | 波折:0.997970 | 往事:0.997628 | 回忆:0.997436,旅程:0.211275 | 境遇:0.192688 | 分享:0.167387 | 苦:0.166872 | 心中:0.152320 | 心想事成:0.152307 | 生涯:0.145352 | 充满:0.145174,0.25758899001491214,0.1752136752136752,0.07086614173228346
6,299,0.19467360390193755,-0.007020200079900521,0.5886287625418061,年初 | 月初 | 月份 | 月底 | 年底 | 全年 | 上周 | 近期 | 季度 | 预计 | 下旬 | 同期,明天 | 之中 | 事后 | 天 | 低估 | 后天 | 附 | 受益,明年 | 后天 | 近 | 百分比 | 段 | 其后 | 远 | 次数 | 限 | 工作日 | 百 | 全国,年初 | 月初 | 月份 | 月底 | 年底 | 全年 | 上周 | 近期 | 季度 | 预计 | 下旬 | 同期 | 上旬 | 中旬 | 今年 | 累计 | 此前 | 当日 | 去年 | 上个月 | 将近 | 期间 | 前期 | 月 | 之前 | 超过 | 当天 | 日 | 以来 | 周 | 明年 | 前夕 | 接下来 | 年前 | 目前 | 总量 | 下个月 | 金额 | 前 | 平均 | 截止 | 约 | 结束 | 截至 | 期 | 预期 | 次日 | 幅度 | 晚间 | 过后 | 前后 | 后续 | 此后 | 总额 | 期末 | 左右 | 高峰期 | 年 | 短期 | 总共 | 近 | 明日 | 合计 | 届时 | 临近 | 今日 | 低于 | 后年 | 总数 | 共计 | 总计 | 前年 | 期限 | 之后 | 大约 | 前天 | 当前 | 初期 | 期中 | 后期 | 其后 | 工作日 | 昨天 | 随后 | 即将 | 后 | 年度 | 明天 | 日前 | 美元 | 量 | 最近 | 中期 | 剩余 | 美金 | 今天 | 时隔 | 天 | 近日 | 占 | 阶段 | 周期 | 较 | 数量 | 前不久 | 来年 | 推迟 | 上期 | 接近 | 以内 | 此次 | 时段 | 高于 | 日后 | 旺季 | 至 | 次数 | 下调 | 之内 | 本期 | 稍后 | 整整 | 小于 | 初 | 未来 | 时间 | 日期 | 折合 | 小时 | 过半 | 概率 | 不久 | 尾声 | 一共 | 数 | 末 | 达到 | 百分比 | 人数 | 预告 | 上次 | 上调 | 分钟 | 季 | 百分点 | 上限 | 到期 | 进度 | 四季 | 成交 | 完毕 | 纪录 | 历时 | 以上 | 值 | 翻番 | 刷新 | 淡季 | 亿 | 逼近 | 产值 | 来临 | 英镑 | 合约 | 剩下 | 累积 | 比重 | 共有 | 超出 | 比例 | 实际 | 当中 | 长达 | 元 | 倒计时 | 刚 | 全国 | 年终 | 最后 | 对应 | 为期 | 首批 | 上述 | 止 | 人次 | 人民币 | 时期 | 高峰 | 下期 | 到来 | 创 | 今后 | 拟 | 倍 | 同年 | 将要 | 净 | 基准 | 率 | 大于 | 为止 | 内 | 共 | 半 | 数目 | 超 | 耗时 | 早 | 第二 | 具体 | 相当于 | 盘 | 几率 | 近年来 | 速度 | 度 | 正式 | 轮 | 完 | 计 | 底 | 时 | 分 | 整数 | 频率 | 秒 | 次 | 修正 | 人均 | 据 | 持有 | 继 | 失业率 | 年限 | 十 | 本 | 经过 | 受益 | 第 | 万 | 五 | 如下 | 等待 | 逢 | 成功率 | 余 | 低估 | 自 | 了结 | 单 | 其间 | 该 | 首 | 平方 | 起步 | 远 | 年代 | 报 | 平安 | 点 | 钟 | 六 | 股 | 事后 | 限 | 七 | 归属 | 后天 | 发行 | 公元 | 总 | 百 | 及 | 零 | 中 | 档 | 以下 | 三 | 此 | 四 | 高 | 日报 | 上下 | 列 | 八 | 每 | 之中 | 经 | 注 | 起 | 节 | 段 | 北京 | 于 | 为 | 在内 | 系 | 许 | 附,286.4849256083489,0.732452058952871,0.22997802274052537,共计:0.998981 | 月初:0.998473 | 月底:0.998381 | 总计:0.996560 | 历时:0.996168 | 年初:0.995906 | 合计:0.995519 | 约:0.995111 | 年底:0.994971 | 上旬:0.994929 | 下旬:0.994800 | 前夕:0.994612,其中:0.475064 | 星期:0.473876 | 指数:0.444852 | 规模:0.430615 | 刚刚:0.419963 | 含:0.413003 | 比:0.412506 | 以后:0.407405,0.37662538673734713,0.28776978417266186,0.2608695652173913
7,167,0.26049571611583405,0.01562281869638764,0.32934131736526945,奇特 | 奇怪 | 怪异 | 奇妙 | 古怪 | 有趣 | 不同寻常 | 新奇 | 惊心动魄 | 不可思议 | 引人注目 | 稀奇,惊喜 | 莫名其妙 | 急迫 | 意料 | 沉闷 | 五颜六色 | 意外 | 单调,极其 | 枯燥 | 突如其来 | 日新月异 | 特有 | 种种 | 意想不到 | 无足轻重 | 有名 | 可贵 | 惊喜 | 惊险,奇特 | 奇怪 | 怪异 | 奇妙 | 古怪 | 有趣 | 不同寻常 | 新奇 | 惊心动魄 | 不可思议 | 引人注目 | 稀奇 | 独特 | 寻常 | 难以置信 | 神奇 | 了不起 | 引人入胜 | 复杂 | 耐人寻味 | 骇人听闻 | 少见 | 罕见 | 离奇 | 独一无二 | 难得一见 | 意想不到 | 惊人 | 惊天动地 | 错综复杂 | 扣人心弦 | 变幻莫测 | 举世瞩目 | 深奥 | 有名 | 棘手 | 稀罕 | 难以想象 | 微妙 | 千变万化 | 司空见惯 | 触目惊心 | 常见 | 崭新 | 出人意料 | 瞩目 | 举世无双 | 举世闻名 | 难得 | 不起眼 | 耳目一新 | 与众不同 | 划时代 | 伟大 | 有意思 | 惊险 | 可贵 | 严峻 | 耳熟能详 | 昂贵 | 沉闷 | 形形色色 | 非凡 | 莫名其妙 | 各式各样 | 意料之外 | 无比 | 前无古人 | 艰巨 | 沉重 | 微不足道 | 极其 | 巨大 | 深远 | 陌生 | 史无前例 | 枯燥 | 五花八门 | 特殊 | 无足轻重 | 不为人知 | 可歌可泣 | 翻天覆地 | 反常 | 震撼 | 熟悉 | 多样 | 杂乱无章 | 一成不变 | 大名鼎鼎 | 出名 | 轰动 | 似曾相识 | 突如其来 | 层出不穷 | 细微 | 家喻户晓 | 乱七八糟 | 远近闻名 | 一连串 | 前所未有 | 著名 | 庞大 | 五颜六色 | 单调 | 沉甸甸 | 常理 | 名副其实 | 紧迫 | 重要 | 全新 | 少有 | 闻名 | 简陋 | 冗长 | 破旧 | 特有 | 急迫 | 陈旧 | 巧合 | 笨重 | 繁重 | 偶然 | 久违 | 惊喜 | 日新月异 | 像样 | 意料 | 空前 | 异常 | 杰出 | 典型 | 随处可见 | 比比皆是 | 重大 | 驰名 | 现成 | 鹤立鸡群 | 宝贵 | 奇迹 | 开天辟地 | 当之无愧 | 沸沸扬扬 | 种种 | 峰回路转 | 迫切 | 意外 | 势不可当 | 过时 | 感兴趣 | 知名 | 高昂 | 呼风唤雨 | 当今 | 常用 | 流行 | 公认 | 例外 | 应有尽有 | 各种 | 深入人心 | 寥寥无几 | 一系列 | 特例 | 单一 | 一应俱全 | 旧,166.46991041563007,0.8819707692477974,0.10898506537166912,有名:0.999692 | 罕见:0.999611 | 复杂:0.999308 | 少见:0.998921 | 难得一见:0.997961 | 家喻户晓:0.997810 | 闻名:0.997564 | 陈旧:0.997025 | 常见:0.996870 | 破旧:0.996863 | 轰动:0.996335 | 举世瞩目:0.996189,极为:0.456289 | 必不可少:0.454468 | 有用:0.320295 | 无关紧要:0.319977 | 记忆犹新:0.284434 | 经典:0.270337 | 新颖:0.237971 | 常人:0.225807,0.5220843659165411,0.3453815261044177,0.32335329341317365
8,202,0.29800742101258193,0.05469471747113675,0.1782178217821782,晚饭 | 午饭 | 晚上 | 下班 | 早饭 | 吃饭 | 夜晚 | 睡觉 | 夜里 | 中午 | 星期天 | 过年,睡着 | 酣睡 | 东奔西走 | 走路 | 成天 | 醒来 | 奔波 | 守株待兔,钓鱼 | 午餐 | 日夜 | 成群结队 | 季节 | 晒太阳 | 冬季 | 夏天 | 节气 | 国庆 | 当晚 | 出门,晚饭 | 午饭 | 晚上 | 下班 | 早饭 | 吃饭 | 夜晚 | 睡觉 | 夜里 | 中午 | 星期天 | 过年 | 除夕 | 午睡 | 傍晚 | 放假 | 聊天儿 | 半夜 | 郊游 | 回家 | 早晨 | 假期 | 上班 | 放学 | 晚餐 | 过节 | 早上 | 周末 | 暑假 | 深夜 | 寒假 | 出门 | 休息 | 节假日 | 爬山 | 野餐 | 清明节 | 中秋节 | 春节 | 假日 | 圣诞节 | 起床 | 串门 | 散步 | 白天 | 清晨 | 打盹儿 | 休假 | 元宵节 | 游玩 | 睡 | 冬天 | 通宵 | 野炊 | 元旦 | 佳节 | 午餐 | 洗澡 | 聚会 | 长假 | 加班 | 一大早 | 陪 | 出差 | 晒太阳 | 打牌 | 节日 | 黄昏 | 请假 | 腊月 | 年夜饭 | 出游 | 熬夜 | 在家 | 星期日 | 溜达 | 扫墓 | 玩耍 | 请客 | 下午 | 端午节 | 从早到晚 | 用餐 | 开夜车 | 一早 | 逛 | 做饭 | 外出 | 遛 | 时节 | 开会 | 新年 | 避暑 | 约会 | 醒来 | 睡着 | 应酬 | 一年到头 | 夜班 | 夏天 | 探亲 | 就餐 | 便饭 | 礼拜 | 开学 | 野营 | 吃不上 | 拜年 | 彻夜 | 夜间 | 每逢 | 国庆 | 钟头 | 度假 | 侃大山 | 游览 | 忙碌 | 相约 | 抽烟 | 上午 | 打猎 | 旅行 | 初一 | 团聚 | 秋天 | 吃喝玩乐 | 生日 | 庙会 | 消遣 | 跑步 | 季节 | 转悠 | 团圆 | 凌晨 | 整天 | 暑期 | 狂欢 | 下课 | 住宿 | 清明 | 一天到晚 | 旷课 | 喜酒 | 送礼 | 星期 | 农历 | 成天 | 晚 | 光顾 | 夜 | 风餐露宿 | 购物 | 值班 | 春天 | 婚礼 | 成群结队 | 准时 | 猜谜 | 迟到 | 当晚 | 钓鱼 | 节气 | 酣睡 | 欢聚 | 疗养 | 家家户户 | 日夜 | 冬季 | 休闲 | 旅游 | 登山 | 蜜月 | 捉迷藏 | 下棋 | 守候 | 搬家 | 夏季 | 狂欢节 | 休养 | 食宿 | 观赏 | 繁忙 | 走路 | 游人 | 早晚 | 昼夜 | 纪念日 | 东奔西走 | 户外 | 观光 | 春季 | 奔波 | 探险 | 等候 | 爆满 | 排队 | 络绎不绝 | 游 | 秋季 | 守株待兔 | 衣食住行 | 嘉年华,201.52839777603063,0.9241109730210754,0.07097405963441321,除夕:0.999976 | 中秋节:0.999974 | 春节:0.999972 | 清明节:0.999952 | 假期:0.999950 | 节日:0.999931 | 早晨:0.999925 | 夜里:0.999917 | 假日:0.999915 | 佳节:0.999912 | 元宵节:0.999911 | 端午节:0.999910,淡季:0.358479 | 工作日:0.358265 | 天:0.344653 | 刷牙:0.299702 | 做梦:0.289096 | 旺季:0.243284 | 次日:0.239108 | 喜庆:0.233889,0.34136047393782154,0.18,0.23267326732673269
9,228,0.27807284133413424,0.055543748658013405,0.15789473684210525,火车 | 行驶 | 车辆 | 列车 | 公交车 | 货车 | 慢车 | 公共汽车 | 大巴 | 电车 | 堵车 | 出租车,旅程 | 旅途 | 来回 | 路边 | 携带 | 让座 | 标致 | 天桥,军舰 | 闸 | 艘 | 堵车 | 导弹 | 码头 | 运送 | 飞行 | 海运 | 货物 | 让座 | 路,火车 | 行驶 | 车辆 | 列车 | 公交车 | 货车 | 慢车 | 公共汽车 | 大巴 | 电车 | 堵车 | 出租车 | 警车 | 私家车 | 乘坐 | 车道 | 客运 | 车 | 卧铺 | 开车 | 乘客 | 驾车 | 骑车 | 巴士 | 乘车 | 缆车 | 卡车 | 公路 | 搭乘 | 飞机 | 司机 | 货运 | 车速 | 路段 | 车厢 | 客车 | 车上 | 游船 | 车票 | 下车 | 航班 | 救护车 | 转弯 | 绕行 | 高速公路 | 长途 | 车站 | 摩托 | 辆 | 追尾 | 停车 | 路况 | 停泊 | 快车 | 旅客 | 路面 | 通车 | 驾驶 | 上车 | 停放 | 铁路 | 自行车 | 人行道 | 高铁 | 航行 | 地铁 | 行人 | 马车 | 船只 | 马路 | 轮船 | 路口 | 拐弯 | 刹车 | 电动车 | 登机 | 机场 | 线路 | 交通 | 道路 | 晚点 | 隧道 | 通行 | 运输 | 时速 | 接送 | 客机 | 轿车 | 倒车 | 机动车 | 打车 | 出行 | 车主 | 公车 | 步行 | 交警 | 往返 | 路程 | 车牌 | 汽车 | 特快 | 行李 | 跑车 | 山路 | 超速 | 货物 | 船 | 停车位 | 码头 | 立交桥 | 修车 | 飞行 | 驾照 | 超车 | 肇事 | 车号 | 过境 | 巡逻 | 趟 | 集装箱 | 降落 | 路边 | 路途 | 乘 | 吉普 | 船舶 | 小路 | 驾 | 机票 | 跑道 | 渔船 | 车位 | 站台 | 直升机 | 运送 | 行走 | 问路 | 票价 | 轮椅 | 轨道 | 违章 | 骑 | 售票 | 车轮 | 路 | 起飞 | 熄火 | 徒步 | 旅程 | 电动 | 军舰 | 退票 | 高速 | 来往 | 旅途 | 飞船 | 安检 | 便道 | 绿灯 | 急转弯 | 车轴 | 飞往 | 通行证 | 直达 | 车型 | 目的地 | 路灯 | 艘 | 坦克 | 公里 | 红灯 | 减速 | 延误 | 行程 | 客流 | 开动 | 路线 | 天桥 | 进出 | 热气球 | 入境 | 机动 | 重型 | 方向盘 | 港口 | 充电 | 十字路口 | 潜艇 | 滞留 | 航运 | 海运 | 航空 | 护照 | 出境 | 让座 | 签证 | 桥梁 | 大道 | 来回 | 闸 | 枢纽 | 穿越 | 公务 | 快递 | 导弹 | 舱 | 架 | 通道 | 转机 | 二手车 | 漫游 | 海关 | 补给 | 航海 | 带路 | 终点 | 往来 | 牌照 | 发射 | 轻型 | 出入 | 光缆 | 核电站 | 标致 | 火箭 | 全程 | 携带 | 票,229.3564865741518,0.9006817058864311,0.08659937625396542,行驶:0.999991 | 慢车:0.999973 | 列车:0.999965 | 火车:0.999944 | 货车:0.999928 | 车辆:0.999919 | 航班:0.999843 | 乘坐:0.999825 | 公交车:0.999808 | 车速:0.999793 | 超速:0.999758 | 转弯:0.999746,座位:0.471824 | 沿途:0.460303 | 机舱:0.420034 | 轮胎:0.369073 | 地铁站:0.356797 | 桥:0.348258 | 停车场:0.339891 | 两栖:0.338021,0.7505210497860172,0.41846153846153844,0.5307017543859649
10,210,0.26306677417471264,0.03784573353338268,0.16666666666666666,弊病 | 弊端 | 症结 | 道理 | 弱点 | 想法 | 难题 | 路子 | 举措 | 思路 | 出路 | 好处,境遇 | 错误 | 所作所为 | 脚印 | 前途 | 身影 | 利害 | 可乘之机,后果 | 重任 | 好处 | 举动 | 难题 | 错误 | 大事 | 局势 | 方针 | 想法 | 疑点 | 共性,弊病 | 弊端 | 症结 | 道理 | 弱点 | 想法 | 难题 | 路子 | 举措 | 思路 | 出路 | 好处 | 难点 | 特点 | 问题 | 念头 | 困境 | 难处 | 用意 | 事情 | 方法 | 根源 | 毛病 | 局面 | 意图 | 契机 | 初衷 | 迹象 | 苗头 | 诀窍 | 主意 | 目的 | 意思 | 坏处 | 原因 | 秘诀 | 缺点 | 出发点 | 突破口 | 现象 | 趋势 | 步骤 | 途径 | 启示 | 缩影 | 举动 | 错觉 | 方针 | 例子 | 优点 | 益处 | 动机 | 兆头 | 意义 | 境地 | 势头 | 机遇 | 规律 | 原则 | 短处 | 招数 | 事 | 前提 | 特征 | 理念 | 因素 | 做法 | 步伐 | 窍门 | 后果 | 状况 | 机会 | 转折点 | 情况 | 地步 | 亮点 | 计策 | 障碍 | 时机 | 理由 | 先例 | 逻辑 | 去处 | 长处 | 成效 | 手段 | 措施 | 现状 | 方向 | 教训 | 轨迹 | 效果 | 余地 | 办法 | 误区 | 对策 | 作用 | 动向 | 结局 | 情形 | 本意 | 本质 | 处境 | 痕迹 | 难关 | 景象 | 瓶颈 | 手法 | 门路 | 写照 | 用处 | 困难 | 隐患 | 缺陷 | 疑点 | 方式 | 脉络 | 隐情 | 宗旨 | 把柄 | 形势 | 缘故 | 构想 | 当务之急 | 警钟 | 重中之重 | 行为 | 重任 | 劣势 | 成果 | 难度 | 细节 | 进程 | 典范 | 境遇 | 使命 | 罪魁祸首 | 绝招 | 大事 | 情景 | 过程 | 序幕 | 共性 | 嫌疑 | 脚步 | 心病 | 玄机 | 要害 | 格局 | 阴影 | 前景 | 课题 | 甜头 | 僵局 | 产物 | 进展 | 要领 | 漏洞 | 关键 | 目标 | 状态 | 错误 | 节奏 | 导火索 | 好事 | 心得 | 线索 | 动作 | 任务 | 角度 | 陷阱 | 蓝图 | 泥潭 | 力度 | 焦点 | 压力 | 背景 | 身影 | 转折 | 预兆 | 条件 | 大局 | 要点 | 局势 | 影子 | 所作所为 | 步 | 可乘之机 | 下功夫 | 利害 | 生命线 | 前途 | 首要 | 脚印 | 时刻 | 事态 | 关头 | 重心 | 点子 | 起点 | 源头 | 重点 | 定心丸 | 悬念 | 去向 | 里程碑 | 个案 | 脉搏 | 铺路 | 大有可为,199.22131006021468,0.8503601229327836,0.14078565327126077,难题:0.999827 | 难点:0.999690 | 缺点:0.999647 | 弊端:0.999511 | 弊病:0.999490 | 局面:0.999409 | 症结:0.999359 | 好处:0.998957 | 境地:0.998780 | 出路:0.998255 | 步伐:0.997762 | 误区:0.997377,借口:0.387737 | 策略:0.381087 | 行列:0.369175 | 时间表:0.317808 | 立场:0.303417 | 不利:0.288985 | 坏事:0.280674 | 效应:0.278984,0.6813035531106233,0.6245210727969349,0.6523809523809524
11,218,0.3369931272075079,0.06978902330098147,0.03669724770642202,哆嗦 | 小声 | 咧嘴 | 嘴唇 | 摇头 | 扭头 | 胳膊 | 身子 | 眼睛 | 发愣 | 苦笑 | 叹气,哗然 | 姿态 | 看热闹 | 旁观 | 哭泣 | 震动 | 腰 | 受惊,受惊 | 道 | 左顾右盼 | 嚷 | 脸颊 | 一言不发 | 情不自禁 | 滔滔不绝 | 得意扬扬 | 不禁 | 脑海 | 手脚,哆嗦 | 小声 | 咧嘴 | 嘴唇 | 摇头 | 扭头 | 胳膊 | 身子 | 眼睛 | 发愣 | 苦笑 | 叹气 | 嘴巴 | 冷笑 | 神情 | 眼神 | 脸颊 | 笑 | 颤抖 | 大声 | 脑袋 | 肩膀 | 一声不吭 | 鼻子 | 瞪 | 脸色 | 一动不动 | 怀里 | 脖子 | 呜咽 | 自言自语 | 点头 | 愣 | 胸膛 | 嬉笑 | 脸 | 睁 | 惨白 | 手臂 | 哼 | 使劲 | 通红 | 喉咙 | 哭 | 一言不发 | 舌头 | 发抖 | 瞅 | 浑身 | 眼泪 | 眨眼 | 抚摸 | 插嘴 | 目不转睛 | 忍不住 | 手指 | 泪水 | 眉开眼笑 | 笑容 | 嗓子 | 听见 | 耳朵 | 手掌 | 表情 | 忽然 | 口气 | 得意扬扬 | 红扑扑 | 声音 | 神气 | 双手 | 皱 | 说话 | 嘴 | 前仰后合 | 打岔 | 神态 | 微笑 | 一眼 | 笑声 | 目瞪口呆 | 眼色 | 嚷 | 猛然 | 眉毛 | 瞧 | 哭泣 | 禁不住 | 招呼 | 伸手 | 下意识 | 爪子 | 用力 | 打量 | 摇晃 | 交头接耳 | 语气 | 流泪 | 面红耳赤 | 心里 | 肚子 | 惊醒 | 响声 | 低头 | 情不自禁 | 站住 | 身躯 | 吓 | 腿 | 动弹 | 指头 | 不由得 | 过头 | 沉默 | 沉思 | 声 | 哄堂大笑 | 示意 | 鸦雀无声 | 口水 | 头顶 | 手腕 | 说道 | 听 | 顿时 | 连滚带爬 | 口哨 | 一瞬间 | 招手 | 拳头 | 不由自主 | 会意 | 眼 | 脚 | 一刹那 | 一阵 | 笑脸 | 模样 | 左顾右盼 | 缓缓 | 俯首 | 东张西望 | 手脚 | 言语 | 膝盖 | 目光 | 摔倒 | 地上 | 样子 | 吼 | 耳光 | 七嘴八舌 | 举手 | 听到 | 脱口而出 | 泪 | 不禁 | 响起 | 站立 | 腰 | 一晃 | 刺耳 | 大模大样 | 心眼儿 | 受惊 | 突然 | 脑子 | 眼里 | 开口 | 直视 | 哑 | 喊 | 注视 | 脑海 | 心中 | 头 | 眼前 | 滔滔不绝 | 打断 | 当着 | 歌声 | 异口同声 | 手势 | 手 | 吻 | 一口气 | 姿势 | 鲜血 | 隐约 | 手里 | 惊 | 话语 | 不经意 | 半天 | 附和 | 两手 | 喘息 | 瞬间 | 横七竖八 | 道 | 紧紧 | 视线 | 看热闹 | 觉 | 旁观 | 响 | 翻来覆去 | 身上 | 一举一动 | 在场 | 地 | 传来 | 原地 | 动静 | 经久不息 | 哗然 | 姿态 | 震动,218.82099478250655,0.8869276827688811,0.09732014967618327,眼神:0.999683 | 眼睛:0.999329 | 声:0.999283 | 神情:0.999195 | 声音:0.999075 | 脸色:0.998831 | 嘴巴:0.998808 | 笑容:0.998599 | 表情:0.998544 | 口气:0.998510 | 语气:0.998417 | 响起:0.998275,跪:0.421097 | 面前:0.417197 | 不假思索:0.401505 | 架势:0.373223 | 台上:0.360717 | 指着:0.336278 | 张扬:0.335146 | 似的:0.333786,0.6014849944208545,0.5071942446043165,0.4541284403669725
12,109,0.29854856883063235,0.034574617564532374,0.2018348623853211,吵嘴 | 闹着玩儿 | 干活儿 | 说闲话 | 挣钱 | 吵 | 吵架 | 操心 | 玩儿 | 赔钱 | 伺候 | 唠叨,怠慢 | 针锋相对 | 诉苦 | 耍 | 活 | 打招呼 | 不通 | 买不起,干活儿 | 下手 | 搞 | 周旋 | 折腾 | 贵 | 赌 | 打招呼 | 打扰 | 闹 | 偷懒 | 打发,吵嘴 | 闹着玩儿 | 干活儿 | 说闲话 | 挣钱 | 吵 | 吵架 | 操心 | 玩儿 | 赔钱 | 伺候 | 唠叨 | 闹 | 忙活 | 挣 | 打架 | 使唤 | 碍事 | 折腾 | 偷懒 | 吃亏 | 做生意 | 耍 | 侍候 | 活儿 | 打官司 | 计较 | 找 | 打仗 | 过日子 | 算计 | 絮叨 | 忙 | 碰钉子 | 得罪 | 敲边鼓 | 过不去 | 告状 | 算账 | 交朋友 | 掏钱 | 闹事 | 争吵 | 省钱 | 能干 | 穿小鞋 | 干 | 省事 | 打搅 | 摆平 | 耽误 | 发财 | 较劲 | 赚钱 | 搞 | 赚 | 公事 | 讨价还价 | 私事 | 钻空子 | 出毛病 | 打交道 | 买 | 打招呼 | 出难题 | 养活 | 沾光 | 家务 | 操劳 | 聊 | 耽搁 | 作对 | 亏本 | 争执 | 打发 | 走后门 | 说情 | 盘算 | 打扰 | 怠慢 | 马虎 | 精打细算 | 办事 | 有事 | 便宜 | 惹 | 卖 | 诉苦 | 纠缠 | 走弯路 | 做 | 讨 | 下手 | 买不起 | 值钱 | 壮胆 | 倾家荡产 | 周旋 | 划算 | 生意 | 活 | 赌 | 半途而废 | 办 | 贵 | 叫板 | 不通 | 走过场 | 针锋相对,111.57093140248787,0.888703290968167,0.11077817293947329,吵架:0.999063 | 吵嘴:0.998977 | 争吵:0.998888 | 挣钱:0.998571 | 耽搁:0.998368 | 赔钱:0.997627 | 吵:0.996218 | 省钱:0.995449 | 告状:0.994995 | 算账:0.994751 | 打架:0.994552 | 算计:0.993896,出洋相:0.365648 | 搞鬼:0.297921 | 着想:0.248042 | 炒股:0.246090 | 商量:0.244106 | 交涉:0.230982 | 不了了之:0.227613 | 耍赖:0.216625,0.30076107185250733,0.08333333333333333,0.0
13,190,0.3060385190851915,0.04462893693226657,0.15789473684210525,谦逊 | 谦虚 | 诚恳 | 诚实 | 真诚 | 善良 | 勤奋 | 勇敢 | 豁达 | 兢兢业业 | 正直 | 大公无私,客气 | 心安理得 | 融洽 | 心血 | 争光 | 满怀 | 着想 | 振作,坦率 | 开朗 | 模范 | 一心 | 大公无私 | 朝气蓬勃 | 宽容 | 互信 | 公正 | 耿直 | 和气 | 为人,谦逊 | 谦虚 | 诚恳 | 诚实 | 真诚 | 善良 | 勤奋 | 勇敢 | 豁达 | 兢兢业业 | 正直 | 大公无私 | 无私 | 坦诚 | 和蔼 | 虚心 | 耿直 | 宽容 | 忠诚 | 刻苦 | 勤劳 | 仁慈 | 坚韧 | 光明磊落 | 踏实 | 老实 | 忠心 | 真挚 | 诚心诚意 | 友善 | 聪明 | 忠贞 | 礼貌 | 敬业 | 执着 | 体贴 | 虔诚 | 孝顺 | 刚毅 | 顽强 | 冷静 | 自信 | 拼搏 | 厚道 | 好学 | 坦率 | 坚强 | 吃苦 | 彬彬有礼 | 细心 | 全心全意 | 勇于 | 开朗 | 热心 | 坦然 | 听话 | 节俭 | 诚挚 | 高尚 | 慷慨 | 顾全大局 | 英勇 | 知足 | 理智 | 自强不息 | 用心 | 勤快 | 坚定 | 勇往直前 | 懂事 | 忍耐 | 沉着 | 务实 | 实事求是 | 艰苦奋斗 | 善意 | 耐心 | 宽厚 | 客气 | 本分 | 慈祥 | 机智 | 团结 | 奉献 | 一心一意 | 殷勤 | 纯洁 | 认真 | 忠于 | 为人 | 辛勤 | 用功 | 从容 | 坚持不懈 | 镇定 | 不耻下问 | 精益求精 | 严肃 | 奋勇 | 平和 | 公道 | 不懈 | 包容 | 足智多谋 | 崇高 | 精明 | 以身作则 | 心灵手巧 | 持之以恒 | 理直气壮 | 从容不迫 | 自觉 | 廉洁 | 好客 | 朝气蓬勃 | 满怀 | 热情 | 和睦 | 诚意 | 正义 | 和气 | 苦心 | 平常心 | 默默 | 公正 | 同舟共济 | 发愤图强 | 理性 | 心安理得 | 好心 | 发扬 | 侠义 | 清醒 | 端正 | 死心塌地 | 敢于 | 振作 | 独立自主 | 争气 | 诚信 | 忠实 | 改邪归正 | 专心 | 名利 | 善于 | 钻研 | 与时俱进 | 奋斗 | 良心 | 默默无闻 | 无微不至 | 克制 | 爱国 | 聚精会神 | 融洽 | 废寝忘食 | 分寸 | 众志成城 | 担当 | 胸有成竹 | 痴心 | 坚守 | 爱心 | 廉正 | 正能量 | 平等 | 光荣 | 友好 | 着想 | 安心 | 自力更生 | 大胆 | 夜以继日 | 苦练 | 公平 | 坚持 | 自立 | 神圣 | 一心 | 和平共处 | 模范 | 互信 | 顺其自然 | 心血 | 中立 | 愚公移山 | 前赴后继 | 立功 | 争光 | 举一反三,194.79980779919447,0.8906048906731407,0.10118133245641577,兢兢业业:0.999773 | 勤奋:0.999543 | 坦诚:0.999480 | 诚恳:0.999439 | 勤劳:0.999298 | 辛勤:0.999287 | 顽强:0.999184 | 勇敢:0.998985 | 拼搏:0.998896 | 诚实:0.998619 | 艰苦奋斗:0.998454 | 英勇:0.998156,能干:0.471977 | 和平:0.464440 | 温柔:0.451533 | 争分夺秒:0.424370 | 治学:0.384492 | 精心:0.375364 | 中庸:0.364717 | 尊严:0.361904,0.37577696411248995,0.21509433962264152,0.03684210526315789
14,141,0.22423850712585977,0.003420084084407822,0.46099290780141844,保 | 审 | 理 | 退 | 定 | 补 | 减 | 降 | 稳 | 移 | 增 | 合,换 | 忍 | 善 | 少 | 催 | 护 | 赔 | 紧,赔 | 变 | 筑 | 造 | 发 | 置 | 解 | 续 | 销 | 融 | 密 | 管,保 | 审 | 理 | 退 | 定 | 补 | 减 | 降 | 稳 | 移 | 增 | 合 | 缓 | 顺 | 建 | 信 | 造 | 忍 | 调 | 存 | 修 | 立 | 判 | 验 | 提 | 利 | 解 | 动 | 改 | 命 | 败 | 积 | 跌 | 收 | 亏 | 撤 | 涨 | 裁 | 交 | 运 | 消 | 巧 | 虚 | 发 | 催 | 加 | 输 | 富 | 善 | 赢 | 胜 | 辩 | 罚 | 登 | 急 | 精 | 征 | 领 | 久 | 避 | 续 | 赔 | 饶 | 认 | 福 | 聚 | 静 | 功 | 转 | 散 | 升 | 损 | 添 | 少 | 销 | 妙 | 慢 | 评 | 松 | 优 | 迁 | 延 | 耗 | 逆 | 欠 | 招 | 特 | 汇 | 旺 | 戒 | 扩 | 告 | 识 | 迟 | 变 | 密 | 清 | 快 | 换 | 融 | 准 | 赖 | 缩 | 引 | 辞 | 渡 | 盛 | 配 | 迎 | 投 | 闻 | 选 | 通 | 扬 | 平 | 紧 | 管 | 顾 | 传 | 行 | 护 | 试 | 迈 | 安 | 严 | 筑 | 齐 | 入 | 混 | 空 | 妥 | 独 | 关 | 曰 | 防 | 法 | 置 | 牢 | 负 | 持 | 归,132.3859345247022,0.7791011615923128,0.21635262188612508,缓:0.985076 | 保:0.982644 | 稳:0.982561 | 减:0.982175 | 调:0.980382 | 迁:0.979069 | 降:0.977603 | 输:0.973402 | 巧:0.971495 | 增:0.970200 | 定:0.968272 | 退:0.966241,赐:0.397857 | 剩:0.366419 | 德:0.347751 | 报:0.345025 | 创:0.333447 | 贵:0.319049 | 充:0.313129 | 玄:0.300795,0.4905134489693313,0.42777777777777776,0.28368794326241137
15,694,0.23666430441611802,-0.0008160849007973461,0.5259365994236311,就算 | 不然 | 也许 | 要不然 | 可是 | 当然 | 毕竟 | 难道 | 要是 | 别说 | 要不 | 何况,一会儿 | 似的 | 空儿 | 极为 | 分外 | 不一会儿 | 使 | 有两下子,当然 | 首先 | 真心 | 呢 | 无论如何 | 在于 | 据此 | 不敢当 | 一经 | 话 | 所谓 | 一旦,就算 | 不然 | 也许 | 要不然 | 可是 | 当然 | 毕竟 | 难道 | 要是 | 别说 | 要不 | 何况 | 反正 | 唉 | 说不定 | 再说 | 真的 | 好像 | 那么 | 其实 | 没准儿 | 但是 | 倒是 | 好歹 | 说真的 | 是不是 | 觉得 | 只不过 | 哎 | 说实话 | 恐怕 | 你 | 那 | 况且 | 确实 | 嘛 | 的确 | 当真 | 也 | 所以 | 说不上 | 偏偏 | 不过 | 看样子 | 怎么 | 既然 | 纵然 | 不见得 | 啊 | 果然 | 哪怕 | 哈哈 | 反倒 | 因为 | 哎呀 | 明明 | 我 | 只是 | 似乎 | 而且 | 虽说 | 没错 | 这会儿 | 非得 | 怪不得 | 简直 | 肯定 | 你们 | 如果 | 知道 | 就 | 不用说 | 有时候 | 按说 | 可不是 | 实在 | 呀 | 不光 | 或许 | 固然 | 本来 | 说白了 | 可惜 | 终究 | 起码 | 不管 | 不如说 | 显然 | 按理说 | 要不是 | 说到底 | 晓得 | 顶多 | 何必 | 果真 | 总之 | 幸好 | 不要紧 | 居然 | 那时候 | 没想到 | 然而 | 照样 | 何苦 | 虽然 | 就是 | 咱 | 难怪 | 不一定 | 即使 | 不行 | 好在 | 这时候 | 竟然 | 莫非 | 好比 | 都 | 没 | 实际上 | 未必 | 想 | 这么 | 幸亏 | 谁 | 仿佛 | 但 | 干吗 | 还是 | 反而 | 即便 | 一点儿 | 为什么 | 咱们 | 就是说 | 没法儿 | 却 | 应该 | 很难说 | 只要 | 真 | 用不着 | 没事儿 | 要么 | 未免 | 那时 | 敢情 | 挺好 | 巴不得 | 难说 | 说 | 不知 | 如果说 | 没关系 | 假如 | 谈不上 | 它 | 以为 | 至于 | 没说的 | 他们 | 倘若 | 好说 | 玩意儿 | 真心 | 没什么 | 离谱儿 | 无非 | 说老实话 | 无论如何 | 这样 | 不至于 | 现在 | 什么 | 到头来 | 算是 | 必定 | 于是 | 想不到 | 很 | 但愿 | 也好 | 大概 | 然后 | 不用 | 才 | 呢 | 假使 | 据说 | 不算 | 总而言之 | 譬如说 | 好似 | 唯独 | 否则 | 待会儿 | 用得着 | 着实 | 这 | 恰恰 | 可能 | 后来 | 看起来 | 恰恰相反 | 吧 | 迟早 | 而是 | 活该 | 够 | 嘿 | 那会儿 | 没用 | 不在乎 | 相信 | 比如说 | 看来 | 像 | 拜托 | 罢了 | 不但 | 恨不得 | 没有 | 不怎么 | 究竟 | 除非 | 甚至于 | 是 | 事实上 | 想到 | 比起 | 看得出 | 有没有 | 此刻 | 听说 | 不仅仅 | 没辙 | 快点儿 | 又 | 必然 | 早就 | 吗 | 别 | 实话 | 只能 | 还 | 要命 | 看似 | 不如 | 一不小心 | 哇 | 不免 | 总算 | 却是 | 根本 | 无所谓 | 估计 | 怎么办 | 好多 | 不像话 | 就要 | 不仅 | 往往 | 难免 | 总的来说 | 多么 | 懒得 | 哪 | 甚至 | 跟 | 对不起 | 动不动 | 到底 | 干什么 | 恰巧 | 绝对 | 那样 | 同样 | 哦 | 一样 | 一会儿 | 这时 | 有人 | 因此 | 反过来 | 而 | 差不多 | 让 | 刚好 | 比不上 | 正好 | 算 | 的话 | 比如 | 休想 | 一旦 | 这样一来 | 也就是说 | 废话 | 叫 | 我们 | 怎么样 | 不能不 | 本身 | 完了 | 再也 | 归根到底 | 看上去 | 不 | 如今 | 仅仅 | 指望 | 尤其 | 要紧 | 好好 | 不得了 | 如此 | 多亏 | 相反 | 顺便 | 不对 | 哪儿 | 更 | 至少 | 得 | 自然而然 | 不值 | 刚才 | 注定 | 好久 | 还有 | 譬如 | 除了 | 换言之 | 记得 | 如同 | 既 | 话 | 无论 | 只有 | 免不了 | 够呛 | 或是 | 当时 | 似的 | 太 | 时候 | 办不到 | 以至于 | 不料 | 别的 | 无疑 | 势必 | 会 | 并非 | 恰好 | 俗话说 | 好 | 真正 | 凑巧 | 比方 | 实话实说 | 再 | 并且 | 特别 | 对于 | 多少 | 不敢当 | 当 | 之所以 | 竟 | 可想而知 | 以后 | 首先 | 慢慢来 | 凑合 | 不止 | 因而 | 这就是说 | 尽管 | 一般来说 | 算了 | 啦 | 一辈子 | 请问 | 或者 | 此时 | 一下子 | 转眼 | 丝毫 | 有两下子 | 对得起 | 自然 | 直到 | 绝 | 正是 | 可以 | 不怎么样 | 趁着 | 不论 | 料到 | 嫌 | 哪里 | 相对而言 | 岂有此理 | 见仁见智 | 理所当然 | 万一 | 可谓 | 终于 | 而已 | 抛开 | 可见 | 做梦 | 一定 | 连 | 显得 | 无可厚非 | 能 | 便 | 所谓 | 不难 | 纯粹 | 接着 | 它们 | 一方面 | 犹如 | 怎样 | 不够 | 小看 | 不一会儿 | 才能 | 挺 | 无形中 | 眼看 | 另外 | 为何 | 显而易见 | 比较 | 虽 | 把 | 便是 | 改日 | 不错 | 这些 | 好家伙 | 相比之下 | 若 | 得不偿失 | 将来 | 越发 | 非常 | 下次 | 意味着 | 天经地义 | 一塌糊涂 | 毫无 | 正如 | 得了 | 加上 | 没完没了 | 是否 | 以致 | 诸如此类 | 从此 | 蛮 | 其次 | 由此看来 | 不成 | 赶不上 | 无关紧要 | 之类 | 眼下 | 些 | 由此可见 | 看成 | 为了 | 有朝一日 | 结果 | 多久 | 有 | 最好 | 颇 | 先 | 另一方面 | 什么样 | 能够 | 等到 | 一概而论 | 一时 | 快要 | 空儿 | 越来越 | 不亚于 | 远远 | 要强 | 变成 | 不得而知 | 当成 | 众所周知 | 更是 | 少不了 | 因人而异 | 张扬 | 等于 | 足以 | 毫不 | 如何 | 出来 | 美中不足 | 给 | 且 | 离不开 | 起来 | 分明 | 要好 | 无法 | 下去 | 相当 | 只 | 除此之外 | 万万 | 凡是 | 例如 | 在于 | 无济于事 | 过 | 一概 | 不易 | 每当 | 来 | 做到 | 用 | 使得 | 不了了之 | 顺理成章 | 莫过于 | 靠 | 取决于 | 了 | 自从 | 不可避免 | 当下 | 紧接着 | 几 | 纵观 | 比 | 堪称 | 对 | 故 | 综上所述 | 前者 | 取而代之 | 归结 | 十分 | 当作 | 可 | 与否 | 能否 | 越 | 格外 | 使 | 看得见 | 值得 | 一干二净 | 必要 | 难以 | 的 | 看作 | 分外 | 不大 | 更加 | 难 | 并 | 从今以后 | 必将 | 换成 | 不容 | 好坏 | 进而 | 如 | 是非 | 最终 | 则 | 同时 | 从而 | 头头是道 | 由于 | 一半 | 一面 | 属于 | 从头 | 无敌 | 整个 | 亦 | 千万 | 多 | 成问题 | 由此 | 背后 | 何时 | 乃 | 号称 | 另 | 出于 | 后者 | 一毛不拔 | 大大 | 极 | 鉴于 | 最 | 反面 | 必不可少 | 哪些 | 必 | 与此同时 | 至此 | 此外 | 用来 | 尤为 | 为此 | 被 | 如愿以偿 | 继而 | 之外 | 遍 | 和 | 不定 | 之下 | 迄今为止 | 作为 | 致使 | 无可奉告 | 极为 | 矣 | 令 | 待 | 一番 | 成为 | 实质 | 一 | 天下 | 至关重要 | 在 | 唯 | 限于 | 据悉 | 即 | 有待 | 正当 | 直至 | 如一 | 其中 | 何处 | 随着 | 两 | 无形 | 视为 | 出 | 深受 | 尽 | 未知数 | 据此 | 成 | 以外 | 稍候 | 一经 | 得益于 | 乃至 | 下 | 称作 | 因 | 个 | 正 | 以及 | 必需 | 一举 | 称为 | 二 | 无 | 从中 | 之 | 仅次于 | 备受 | 联想 | 乙 | 指 | 间接 | 变为 | 某 | 其 | 之一 | 外 | 属 | 除外 | 致,686.9512885832634,0.8508626457546339,0.12936366136697935,何况:0.999975 | 况且:0.999975 | 然而:0.999936 | 说实话:0.999930 | 可是:0.999922 | 总之:0.999919 | 说白了:0.999918 | 但是:0.999918 | 当然:0.999909 | 比如:0.999900 | 假如:0.999880 | 譬如:0.999880,多半:0.487868 | 有的:0.480674 | 人家:0.473630 | 都会:0.471480 | 生怕:0.468863 | 唯一:0.465375 | 几乎:0.460833 | 怕:0.435755,0.5365867385614592,0.4440052700922266,0.3285302593659942
16,356,0.21191486394618825,-0.0009240577950906548,0.5196629213483146,产业 | 产品 | 业务 | 创新 | 市场 | 行业 | 企业 | 发展 | 驱动 | 需求 | 消费 | 应用,智慧 | 水货 | 统一 | 限度 | 投机 | 现代 | 合并 | 程度,供求 | 微观 | 主流 | 潜在 | 货币 | 单元 | 用途 | 独立 | 集团 | 房地产 | 类别 | 档次,产业 | 产品 | 业务 | 创新 | 市场 | 行业 | 企业 | 发展 | 驱动 | 需求 | 消费 | 应用 | 技术 | 运营 | 领域 | 销售 | 转型 | 生产 | 服务 | 研发 | 配置 | 品牌 | 板块 | 平台 | 渠道 | 成本 | 模式 | 金融 | 竞争 | 结构 | 效益 | 整合 | 投资 | 新型 | 经营 | 战略 | 工业 | 优质 | 开发 | 规模 | 资源 | 零售 | 配套 | 新兴 | 整体 | 硬件 | 高新技术 | 原材料 | 建设 | 体系 | 租赁 | 布局 | 价格 | 物流 | 商业 | 资产 | 政策 | 商品 | 盈利 | 供应 | 供给 | 要素 | 能源 | 管理 | 互联网 | 变革 | 服务业 | 改革 | 特性 | 性能 | 增值 | 增长 | 导向 | 效率 | 升级 | 项目 | 定价 | 生态 | 厂商 | 品种 | 层面 | 功能 | 实体 | 贸易 | 利润 | 智能 | 运作 | 价值 | 房地产 | 信贷 | 性价比 | 机制 | 公司 | 交易 | 推广 | 节能 | 高科技 | 厂家 | 供求 | 载体 | 经济 | 采购 | 环保 | 流程 | 全球 | 订单 | 核心 | 销量 | 配送 | 策略 | 总体 | 业绩 | 质量 | 内需 | 形态 | 科技 | 并购 | 基础 | 方面 | 海外 | 合资 | 低价 | 国内 | 风险 | 自主 | 动力 | 属性 | 进口 | 外贸 | 试点 | 外资 | 宏观 | 相关 | 主体 | 电力 | 出口 | 上市 | 概念 | 医药 | 指标 | 人工智能 | 汇率 | 综合 | 产量 | 标准 | 上游 | 降价 | 调控 | 规划 | 涨价 | 大宗 | 型号 | 巨头 | 主流 | 效应 | 形式 | 电池 | 资本 | 类 | 银行 | 煤炭 | 转变 | 下游 | 进出口 | 框架 | 定位 | 调整 | 环节 | 大型 | 类型 | 微观 | 信用 | 工程 | 批发 | 运行 | 先进 | 保险 | 输出 | 低碳 | 种类 | 外部 | 通用 | 本土 | 货币 | 扩展 | 范畴 | 决策 | 境外 | 革新 | 小型 | 虚拟 | 领先 | 高档 | 潜在 | 升值 | 水平 | 平价 | 衍生 | 指数 | 容量 | 共享 | 环境 | 流通 | 机构 | 操作 | 改进 | 用途 | 落地 | 绿色 | 多种 | 规格 | 利率 | 跨国 | 深度 | 售价 | 重组 | 空间 | 一揽子 | 现代化 | 份额 | 常规 | 国际 | 招标 | 价位 | 转化 | 股票 | 门槛 | 廉价 | 民用 | 引擎 | 范围 | 分类 | 普及 | 潮流 | 集团 | 档次 | 组合 | 微型 | 国产 | 统筹 | 型 | 收购 | 示范 | 多功能 | 辅助 | 价 | 高价 | 行情 | 外汇 | 层次 | 中型 | 造价 | 混合 | 类别 | 权益 | 新款 | 等级 | 智慧 | 国外 | 成长 | 常态 | 产地 | 股份 | 系列 | 本地 | 多元 | 物价 | 国有 | 开放 | 方方面面 | 股市 | 性质 | 内部 | 隐性 | 进步 | 基金 | 尖端 | 有机 | 热点 | 对外 | 附加 | 化 | 双重 | 循环 | 畅销 | 调度 | 投机 | 性 | 房价 | 级别 | 定向 | 下一代 | 物质 | 部署 | 端 | 复合 | 新 | 支柱 | 前沿 | 公用 | 为主 | 优先 | 内地 | 流转 | 现代 | 运转 | 纯 | 口径 | 高度 | 同类 | 程度 | 时代 | 振兴 | 激励 | 单边 | 项 | 广义 | 二手 | 一体 | 新式 | 中国 | 黄金 | 尺度 | 标 | 专用 | 单元 | 独立 | 中心 | 松绑 | 飞跃 | 统一 | 合并 | 等 | 种 | 入手 | 问世 | 来源 | 债 | 对象 | 级 | 式 | 批 | 附属 | 指引 | 环球 | 过渡 | 限度 | 所属 | 中等 | 及其 | 非 | 万能 | 世纪 | 水货 | 名义 | 若干,327.53796761275834,0.6651733373620378,0.30182903020338353,产品:0.983982 | 业务:0.983833 | 小型:0.983513 | 类型:0.978122 | 转型:0.976962 | 领域:0.976652 | 创新:0.975222 | 中型:0.975052 | 新型:0.973994 | 布局:0.972974 | 品牌:0.972431 | 发展:0.969191,品质:0.482749 | 短期:0.457504 | 系统:0.450775 | 优化:0.442185 | 方式:0.438413 | 转换:0.417044 | 体制:0.394254 | 买卖:0.383760,0.5250909245129199,0.42548596112311016,0.41853932584269665
17,141,0.24762439226702201,0.025243570630406366,0.23404255319148937,检测 | 安装 | 消毒 | 清洗 | 组装 | 加工 | 修理 | 调试 | 零件 | 样品 | 测量 | 部件,定做 | 特制 | 打扫 | 大气 | 过期 | 复查 | 制作 | 选用,淘汰 | 贮藏 | 改造 | 研制 | 填充 | 检测 | 改装 | 达标 | 高压 | 替换 | 二氧化碳 | 装备,检测 | 安装 | 消毒 | 清洗 | 组装 | 加工 | 修理 | 调试 | 零件 | 样品 | 测量 | 部件 | 储存 | 改装 | 污染 | 回收 | 尾气 | 工艺 | 设备 | 报废 | 过滤 | 试验 | 维修 | 密封 | 气体 | 化验 | 测试 | 排放 | 制成 | 净化 | 检验 | 燃料 | 保养 | 收集 | 装置 | 测定 | 验收 | 监测 | 检查 | 工序 | 污水 | 清洁 | 防护 | 处理 | 探测 | 研制 | 能耗 | 废物 | 焚烧 | 放置 | 通风 | 成品 | 贮藏 | 存放 | 采集 | 仪器 | 拆除 | 切割 | 修补 | 更换 | 清理 | 噪声 | 销毁 | 腐蚀 | 鉴定 | 修复 | 实验 | 管道 | 制作 | 成型 | 改造 | 制造 | 残留 | 打磨 | 保管 | 改良 | 使用 | 二氧化碳 | 装备 | 超标 | 筛选 | 出厂 | 设计 | 劣质 | 摆放 | 垃圾 | 处置 | 分解 | 有毒 | 保存 | 填充 | 合成 | 治理 | 废品 | 材料 | 达标 | 煤气 | 噪音 | 有害 | 保修 | 观测 | 打扫 | 功率 | 试用 | 输送 | 替换 | 燃气 | 合格 | 原装 | 发电 | 配备 | 备用 | 燃油 | 选用 | 攻关 | 复查 | 太阳能 | 供暖 | 能量 | 打包 | 特制 | 过期 | 仿制 | 生成 | 高压 | 布置 | 汽油 | 美化 | 挑选 | 淘汰 | 模型 | 测 | 天然气 | 样本 | 取暖 | 悬挂 | 制 | 整理 | 大气 | 定做 | 休眠,138.97078586473364,0.8266982202514257,0.15768820927460478,修理:0.999534 | 检测:0.998720 | 放置:0.997610 | 修补:0.997050 | 存放:0.996486 | 检验:0.995711 | 调试:0.995189 | 储存:0.995129 | 维修:0.994613 | 测量:0.994514 | 打磨:0.994280 | 样品:0.994207,整治:0.435181 | 冲洗:0.403339 | 铸造:0.371877 | 配件:0.363379 | 勘探:0.338164 | 绝缘:0.319398 | 氧气:0.296763 | 热量:0.296202,0.19948682170937906,0.12090680100755667,0.014184397163120567
18,239,0.3147085880269518,0.08538856105138998,0.058577405857740586,炎症 | 病症 | 急性 | 疼痛 | 治疗 | 出血 | 疾病 | 症状 | 慢性 | 发炎 | 肿瘤 | 腹泻,鼻涕 | 晕倒 | 疼 | 咳 | 痛 | 咽 | 胀 | 头部,秘方 | 睡眠 | 切除 | 恶性 | 忌口 | 血 | 发炎 | 激素 | 心脏 | 视力 | 变异 | 肾,炎症 | 病症 | 急性 | 疼痛 | 治疗 | 出血 | 疾病 | 症状 | 慢性 | 发炎 | 肿瘤 | 腹泻 | 高血压 | 病人 | 肝脏 | 癌症 | 糖尿病 | 患者 | 病 | 复发 | 咳嗽 | 心脏病 | 血栓 | 皮肤 | 抑郁症 | 过敏 | 发病 | 骨折 | 手术 | 打针 | 感冒 | 病情 | 血管 | 血压 | 确诊 | 肝 | 伤口 | 呕吐 | 癌 | 患病 | 治愈 | 肺 | 脾 | 发作 | 急诊 | 失眠 | 肥胖 | 胃 | 痰 | 激素 | 针灸 | 气管 | 外科 | 痴呆 | 肌肉 | 精神病 | 抑郁 | 头晕 | 肿 | 休克 | 患有 | 诊断 | 患 | 药物 | 损伤 | 切除 | 止血 | 口腔 | 愈合 | 传染病 | 麻醉 | 心脏 | 疗效 | 内科 | 胎儿 | 免疫 | 生病 | 创伤 | 康复 | 疗法 | 发热 | 住院 | 肾 | 注射 | 关节 | 临床 | 儿科 | 唾液 | 医生 | 感染 | 抗生素 | 就诊 | 输液 | 血液 | 疼 | 中毒 | 穴位 | 忌口 | 颈部 | 昏迷 | 分泌 | 流感 | 发烧 | 中医 | 全身 | 艾滋病 | 治病 | 痒 | 西医 | 器官 | 出汗 | 肢体 | 体温 | 身体 | 晕车 | 生理 | 服用 | 失明 | 副作用 | 肠 | 体质 | 视力 | 霍乱 | 腹部 | 衰竭 | 动脉 | 胸部 | 门诊 | 睡眠 | 食欲 | 后遗症 | 近视 | 痛 | 衰老 | 神经 | 细胞 | 止咳 | 包扎 | 求医 | 牙齿 | 出院 | 腺 | 呼吸 | 医院 | 戒烟 | 急救 | 保健 | 畸形 | 人体 | 职业病 | 传染 | 护理 | 咽 | 偏方 | 刷牙 | 伤势 | 缝合 | 咳 | 减肥 | 咽喉 | 阳性 | 肌肤 | 脂肪 | 伤 | 胚胎 | 麻痹 | 阴性 | 面部 | 预防 | 医学 | 看病 | 不适 | 按摩 | 输血 | 会诊 | 安眠药 | 酗酒 | 口吃 | 疲劳 | 中药 | 鼻涕 | 防治 | 胀 | 疫苗 | 体检 | 催眠 | 新陈代谢 | 细菌 | 美容 | 骨头 | 知觉 | 大脑 | 遗传 | 聋 | 恶性 | 病毒 | 流血 | 血 | 毒 | 就医 | 变异 | 残疾 | 部位 | 献血 | 牙 | 挂号 | 处方 | 药方 | 解剖 | 药 | 伤痕 | 吸毒 | 吸烟 | 晚期 | 功效 | 发育 | 晕倒 | 监护 | 药品 | 窒息 | 矫正 | 饥饿 | 防疫 | 治 | 秘方 | 伤残 | 兴奋剂 | 医疗 | 养生 | 移植 | 健康 | 腔 | 基因 | 头部 | 卫生 | 胆 | 减压 | 不良 | 人身,242.1424030377229,0.9469478726095639,0.05080607665255102,治疗:1.000000 | 肿瘤:0.999999 | 病症:0.999995 | 急性:0.999993 | 疾病:0.999993 | 确诊:0.999992 | 手术:0.999989 | 癌症:0.999989 | 外科:0.999989 | 炎症:0.999987 | 症状:0.999986 | 慢性:0.999984,怀孕:0.462370 | 青春期:0.423823 | 饮食:0.417817 | 体重:0.396895 | 救治:0.363160 | 指甲:0.340218 | 孕妇:0.329752 | 瘟疫:0.293238,0.8826977622026567,0.8269230769230769,0.8577405857740585
19,179,0.2565732177660443,0.031145043570550233,0.25139664804469275,萎缩 | 减弱 | 急剧 | 低迷 | 恶化 | 下降 | 加剧 | 衰退 | 趋于 | 衰弱 | 升温 | 回升,虚弱 | 悲观 | 显出 | 波澜 | 扭曲 | 急需 | 掀起 | 缺,缓慢 | 骤然 | 愈来愈 | 紧缩 | 宽松 | 不景气 | 急剧 | 向上 | 与日俱增 | 出现 | 萎缩 | 没落,萎缩 | 减弱 | 急剧 | 低迷 | 恶化 | 下降 | 加剧 | 衰退 | 趋于 | 衰弱 | 升温 | 回升 | 增大 | 攀升 | 上升 | 高涨 | 回落 | 显现 | 升高 | 好转 | 分化 | 缓慢 | 衰减 | 愈演愈烈 | 增多 | 紊乱 | 飙升 | 剧烈 | 动荡 | 旺盛 | 不景气 | 日趋 | 收缩 | 复苏 | 激化 | 明显 | 膨胀 | 弱 | 下跌 | 出现 | 弱势 | 上涨 | 凸显 | 萧条 | 呈现 | 蔓延 | 爆发 | 紧张 | 变化 | 日益 | 反弹 | 波动 | 缺失 | 滞后 | 泛滥 | 消失 | 紧缩 | 有所 | 骤然 | 大幅度 | 降温 | 贬值 | 加速 | 混乱 | 脆弱 | 缩水 | 显著 | 激烈 | 松弛 | 紧缺 | 极度 | 严重 | 陷入 | 缺乏 | 扩张 | 薄弱 | 低下 | 强势 | 蓬勃 | 短缺 | 老化 | 悲观 | 稀少 | 不足 | 延续 | 涌入 | 表现 | 虚弱 | 过剩 | 欠缺 | 忽高忽低 | 涌现 | 流失 | 失控 | 浮现 | 逐年 | 徘徊 | 放大 | 崛起 | 扭曲 | 活跃 | 丧失 | 提速 | 迭起 | 没落 | 壮大 | 跟不上 | 与日俱增 | 推移 | 水涨船高 | 相对 | 饱和 | 低谷 | 宽松 | 供不应求 | 演变 | 兴起 | 愈来愈 | 偏 | 收敛 | 向上 | 释放 | 处于 | 停顿 | 焕发 | 不利 | 盛行 | 飞速 | 强烈 | 差 | 温和 | 存在 | 模糊 | 倾向 | 面临 | 偏向 | 此起彼伏 | 放松 | 低 | 暴露 | 时好时坏 | 重现 | 保持 | 扩散 | 微弱 | 显出 | 流入 | 落后 | 维持 | 敏感 | 缺少 | 变迁 | 变动 | 发达 | 观望 | 处在 | 显 | 热潮 | 迎来 | 缺口 | 波澜 | 转向 | 再现 | 折射 | 上演 | 惯性 | 有限 | 轻微 | 流向 | 觉醒 | 密集 | 萌芽 | 掀起 | 缺 | 高潮 | 中性 | 强 | 急需 | 空白,173.358357350268,0.8508903374384873,0.1388462724029488,急剧:0.999144 | 衰弱:0.998805 | 萎缩:0.998592 | 升温:0.998446 | 缺失:0.998269 | 高涨:0.997976 | 显现:0.997853 | 薄弱:0.997725 | 低迷:0.997068 | 衰退:0.996868 | 呈现:0.996741 | 恶化:0.995670,起伏:0.415736 | 升值:0.368423 | 强劲:0.353659 | 翻番:0.311623 | 亏损:0.266439 | 转变:0.250091 | 失去:0.249952 | 乐观:0.246142,0.4487893173873858,0.26229508196721313,0.2346368715083799
20,143,0.2624074682330539,0.008783595799976465,0.42657342657342656,不要 | 不许 | 不肯 | 轻易 | 愿意 | 拒绝 | 怕 | 宁愿 | 忍心 | 随意 | 决不 | 情愿,顺手 | 辜负 | 原谅 | 饶恕 | 小心翼翼 | 被动 | 公然 | 忘,被动 | 随手 | 违背 | 白白 | 随意 | 需 | 严禁 | 小心翼翼 | 怕 | 坚决 | 单方面 | 拒绝,不要 | 不许 | 不肯 | 轻易 | 愿意 | 拒绝 | 怕 | 宁愿 | 忍心 | 随意 | 决不 | 情愿 | 宁可 | 随便 | 不必 | 小心 | 生怕 | 忘记 | 不准 | 盲目 | 免得 | 忽视 | 舍不得 | 刻意 | 无意 | 勿 | 允许 | 故意 | 甘心 | 敢 | 擅自 | 私自 | 容许 | 尽量 | 忌讳 | 乐意 | 只管 | 放过 | 容忍 | 注意 | 过分 | 只顾 | 强迫 | 要 | 忽略 | 放弃 | 答应 | 迁就 | 忘掉 | 懂得 | 留神 | 坚决 | 不宜 | 以免 | 容易 | 一味 | 竟敢 | 留心 | 存心 | 顺从 | 当心 | 严禁 | 必须 | 原谅 | 无故 | 饶恕 | 抛弃 | 听从 | 禁止 | 冒昧 | 违背 | 疏忽 | 记住 | 务必 | 不顾 | 小心翼翼 | 强行 | 无须 | 公然 | 提防 | 请 | 排斥 | 肯 | 遵守 | 准许 | 过早 | 顾及 | 酌情 | 牢记 | 应当 | 丢掉 | 白白 | 舍得 | 随心所欲 | 辜负 | 反对 | 无条件 | 同意 | 需要 | 服从 | 违反 | 过于 | 误 | 回避 | 一律 | 愿 | 赞成 | 任意 | 剥夺 | 自愿 | 不慎 | 单方面 | 选择 | 错过 | 忘 | 忌 | 顺手 | 须 | 自行 | 照办 | 过度 | 不便 | 不妨 | 警惕 | 应 | 便于 | 加以 | 留意 | 强制 | 学会 | 轻而易举 | 人为 | 随手 | 需 | 未经 | 失去 | 接受 | 凭 | 接纳 | 即可 | 被动 | 敬请 | 凡,150.1653461128776,0.8642448225806555,0.11974736100534647,随意:0.999206 | 擅自:0.999200 | 允许:0.999170 | 严禁:0.999029 | 不许:0.998862 | 注意:0.998548 | 容许:0.998370 | 小心:0.998260 | 忘记:0.997165 | 不准:0.996974 | 勿:0.996523 | 忽略:0.996234,不易:0.463993 | 别:0.422431 | 休想:0.421102 | 小看:0.414919 | 千万:0.370183 | 被:0.361689 | 可:0.340004 | 建议:0.336351,0.1370803786722971,0.07342657342657342,0.06293706293706294
21,145,0.2830775839042142,0.03616353729802838,0.21379310344827587,寒冷 | 晴朗 | 热气 | 灼热 | 炎热 | 凉爽 | 刮风 | 闪烁 | 下雨 | 荡漾 | 潮湿 | 火焰,晃荡 | 淌 | 簇拥 | 鞭炮 | 冲撞 | 张灯结彩 | 喧闹 | 喜洋洋,下雨 | 溢 | 闪 | 风力 | 燃放 | 刮风 | 灼热 | 暴风雨 | 雨水 | 潮 | 雨 | 零下,寒冷 | 晴朗 | 热气 | 灼热 | 炎热 | 凉爽 | 刮风 | 闪烁 | 下雨 | 荡漾 | 潮湿 | 火焰 | 天空 | 海浪 | 黑夜 | 下雪 | 暖烘烘 | 照耀 | 阴天 | 刺骨 | 波涛 | 晴天 | 雨 | 弥漫 | 雨水 | 气温 | 暴风雨 | 流淌 | 飘 | 打雷 | 乌云 | 结冰 | 寂静 | 灯光 | 汹涌 | 彩霞 | 光芒 | 暖和 | 温度 | 风沙 | 喧闹 | 沸腾 | 湿润 | 火辣辣 | 淌 | 盛开 | 烟火 | 焰火 | 风雨 | 天气 | 太阳 | 阳光 | 暴雨 | 波浪 | 绽放 | 融化 | 灰尘 | 凉快 | 笼罩 | 雾 | 朦胧 | 高温 | 湿度 | 燃烧 | 混浊 | 空气 | 风和日丽 | 雪 | 冷气 | 干燥 | 风浪 | 暴风骤雨 | 瑞雪 | 星星 | 月亮 | 凝固 | 水温 | 风 | 飞翔 | 零下 | 冷 | 晴 | 火 | 干旱 | 摄氏度 | 喧哗 | 跳动 | 跳跃 | 多云 | 火花 | 暖 | 晃荡 | 耸立 | 烟花 | 暖气 | 洪水 | 奔跑 | 闪电 | 熙熙攘攘 | 降临 | 光线 | 风暴 | 涌 | 起伏 | 汗水 | 彩虹 | 拥挤 | 低温 | 发光 | 扑面而来 | 闪 | 风力 | 徐徐 | 黎明 | 张灯结彩 | 爆竹 | 鞭炮 | 燃放 | 撞击 | 川流不息 | 旱 | 漫 | 散发 | 涝 | 落下 | 流 | 热 | 台风 | 旋涡 | 火热 | 簇拥 | 潮 | 喜洋洋 | 冲撞 | 旭日 | 屹立 | 点燃 | 浪 | 溢 | 千军万马 | 映 | 投射 | 曙光 | 碰撞 | 传递,150.05930425074013,0.9019731083239714,0.09590638480030078,流淌:0.999497 | 寒冷:0.999047 | 潮湿:0.999018 | 天气:0.998592 | 晴朗:0.998590 | 炎热:0.998570 | 下雨:0.997935 | 笼罩:0.997874 | 高温:0.997405 | 气温:0.997162 | 弥漫:0.997158 | 烟火:0.997081,湿:0.451259 | 连绵:0.445244 | 缕:0.405996 | 光:0.333088 | 气候:0.304941 | 淹:0.300244 | 泻:0.281833 | 蓝天:0.264390,0.2003431105911863,0.15810276679841898,0.013793103448275862
22,211,0.22229856333785616,-0.001482290203600827,0.5260663507109005,常常 | 时常 | 大多 | 经常 | 一直 | 大都 | 渐渐 | 仍然 | 仍旧 | 全都 | 曾经 | 时不时,不停 | 全方位 | 全面 | 不知不觉 | 常人 | 时而 | 照常 | 潜移默化,一连 | 未 | 彻底 | 常 | 得以 | 临时 | 皆 | 始终 | 从来 | 原 | 老是 | 持续,常常 | 时常 | 大多 | 经常 | 一直 | 大都 | 渐渐 | 仍然 | 仍旧 | 全都 | 曾经 | 时不时 | 从来 | 偶尔 | 基本上 | 大部分 | 依然 | 依旧 | 早已 | 始终 | 或多或少 | 不时 | 几乎 | 屡次 | 从未 | 逐渐 | 通常 | 多半 | 大多数 | 普遍 | 总是 | 从来不 | 一向 | 一再 | 绝大多数 | 多数 | 仍 | 原本 | 永远 | 从不 | 慢慢 | 频频 | 不再 | 老是 | 一般 | 向来 | 平时 | 多次 | 从没 | 已经 | 原先 | 不曾 | 完全 | 暂时 | 统统 | 平常 | 常年 | 一度 | 以往 | 许多 | 有时 | 不断 | 时时 | 逐步 | 一贯 | 都会 | 日复一日 | 最初 | 常 | 历来 | 再度 | 照例 | 起初 | 接连 | 断断续续 | 以前 | 皆 | 开始 | 大体上 | 那些 | 不停 | 长期 | 陆续 | 曾 | 全部 | 屡 | 再次 | 持续 | 自始至终 | 迟迟 | 通通 | 先前 | 继续 | 处处 | 原来 | 不少 | 稍稍 | 往常 | 一些 | 随时 | 稍微 | 往日 | 相继 | 接二连三 | 略微 | 所有 | 无不 | 已 | 大体 | 频繁 | 稍 | 众多 | 大量 | 反复 | 从前 | 先后 | 多年 | 平日 | 照常 | 长期以来 | 时而 | 刚刚 | 无数 | 重新 | 过去 | 昔日 | 基本 | 首次 | 过往 | 近来 | 有的 | 连续 | 唯一 | 一连 | 往年 | 半数 | 彻底 | 主要 | 个别 | 随时随地 | 多年来 | 诸多 | 尚未 | 至今 | 当初 | 不知不觉 | 其余 | 一如既往 | 永不 | 大致 | 部分 | 原有 | 各个 | 任何 | 一切 | 勉强 | 一部分 | 一一 | 仅 | 早期 | 长久 | 少数 | 未 | 间断 | 日常 | 除 | 少量 | 大面积 | 迄今 | 当年 | 轮流 | 进一步 | 源源不断 | 得以 | 集体 | 单独 | 正在 | 所 | 短暂 | 大批 | 成千上万 | 有的是 | 暂 | 其他 | 或 | 初次 | 依次 | 多方面 | 将 | 各地 | 全面 | 外界 | 有望 | 大规模 | 常人 | 遍地 | 定期 | 潜移默化 | 初步 | 各 | 现有 | 全方位 | 分别 | 全 | 尚 | 略 | 多余 | 普通 | 永久 | 临时 | 原,222.57671677944802,0.8331131308096883,0.13486578246873218,屡次:0.998517 | 一向:0.998322 | 再度:0.998259 | 频频:0.998171 | 一直:0.997928 | 原先:0.997918 | 始终:0.997514 | 经常:0.997182 | 时常:0.996778 | 继续:0.996764 | 接连:0.996196 | 平常:0.995931,早就:0.435847 | 正:0.435356 | 这些:0.411151 | 次:0.396256 | 丝毫:0.390995 | 再也:0.338515 | 刚:0.338167 | 一半:0.331935,0.2779732972296648,0.14394904458598726,0.02843601895734597
23,223,0.3219225606026889,0.04367180210090496,0.1031390134529148,愚蠢 | 虚伪 | 蠢 | 奸诈 | 粗鲁 | 自私 | 狡猾 | 胡闹 | 卑鄙 | 可笑 | 可恶 | 贪玩儿,猛 | 冷淡 | 出洋相 | 大包大揽 | 假装 | 耻笑 | 胡思乱想 | 难看,愚蠢 | 爱面子 | 丑 | 无知 | 无能 | 居高临下 | 盛气凌人 | 强硬 | 嘲弄 | 讽刺 | 虚伪 | 片面,愚蠢 | 虚伪 | 蠢 | 奸诈 | 粗鲁 | 自私 | 狡猾 | 胡闹 | 卑鄙 | 可笑 | 可恶 | 贪玩儿 | 无知 | 无情无义 | 冷漠 | 傲慢 | 幼稚 | 凶残 | 残忍 | 胆小 | 懒惰 | 丑陋 | 傻 | 高傲 | 凶恶 | 暴躁 | 冷酷 | 放肆 | 庸俗 | 嘲笑 | 自以为是 | 贪婪 | 小气 | 鲁莽 | 丑恶 | 撒谎 | 邪恶 | 逞能 | 固执 | 娇惯 | 目中无人 | 讥笑 | 天真 | 荒谬 | 自私自利 | 可悲 | 荒诞 | 冷酷无情 | 猖狂 | 骂 | 凶狠 | 拙劣 | 调皮 | 无能 | 嘲弄 | 软弱 | 糊涂 | 可耻 | 小偷儿 | 顽皮 | 盛气凌人 | 说谎 | 倔强 | 爱面子 | 世故 | 笨蛋 | 耍赖 | 讽刺 | 耻笑 | 叛逆 | 挖苦 | 难听 | 狭隘 | 骗人 | 粗暴 | 取笑 | 欺负 | 娇气 | 坏人 | 机灵 | 有口无心 | 吓唬 | 倔 | 卖弄 | 谎话 | 堕落 | 放纵 | 可怕 | 见钱眼开 | 损人利己 | 吹牛 | 夸夸其谈 | 胡说 | 捣乱 | 沽名钓誉 | 阴暗 | 逼 | 贱 | 搞笑 | 大大咧咧 | 颓废 | 逗 | 流氓 | 小人 | 丑 | 乖巧 | 胡思乱想 | 怪 | 乖 | 夸张 | 恶 | 讨好 | 笨 | 讨人喜欢 | 顽固 | 挑剔 | 粗心 | 异想天开 | 随大溜 | 傻瓜 | 难看 | 纵容 | 滑稽 | 吓人 | 吹捧 | 浮躁 | 野蛮 | 淘气 | 冷淡 | 凶 | 生硬 | 恭维 | 残酷 | 粗心大意 | 半真半假 | 罪恶 | 无情 | 瞎 | 笑话 | 无恶不作 | 妄想 | 炫耀 | 污秽 | 搞鬼 | 朝三暮四 | 开玩笑 | 出丑 | 疯狂 | 言辞 | 懒 | 渺小 | 坏 | 谎言 | 夸耀 | 厉害 | 消极 | 祸害 | 出风头 | 自负 | 出洋相 | 逞强 | 歪曲 | 强硬 | 自相矛盾 | 狠 | 专制 | 虚幻 | 腐化 | 假装 | 腐朽 | 恐怖 | 狂热 | 幻想 | 糟糕 | 贪 | 坏事 | 调侃 | 片面 | 僵化 | 严厉 | 黑心 | 贼 | 马后炮 | 似是而非 | 恶劣 | 含糊 | 黑暗 | 忽悠 | 指手画脚 | 空想 | 乱 | 苛刻 | 错 | 惯 | 画蛇添足 | 疯 | 外行 | 夸大 | 尖锐 | 冒险 | 夸 | 极端 | 居高临下 | 泼冷水 | 凶猛 | 狂 | 幻觉 | 帅 | 孤立 | 火暴 | 内行 | 单纯 | 刻舟求剑 | 笼统 | 多心 | 炒作 | 虚构 | 大包大揽 | 猛烈 | 内向 | 末日 | 猛 | 负面,219.02856557227733,0.8582590656035991,0.1257850725064288,凶残:0.999915 | 凶狠:0.999621 | 丑恶:0.999298 | 凶恶:0.999266 | 狡猾:0.999225 | 愚蠢:0.999155 | 虚伪:0.998887 | 邪恶:0.998863 | 卑鄙:0.998766 | 奸诈:0.998502 | 拙劣:0.998486 | 丑陋:0.998372,骇人听闻:0.432347 | 主观:0.403744 | 听话:0.378617 | 乘人之危:0.358798 | 穷:0.332849 | 可怜:0.329087 | 偷懒:0.323349 | 轻蔑:0.313610,0.42725042597943574,0.20580474934036938,0.19730941704035873
24,274,0.34753054892940577,0.07013327879854771,0.043795620437956206,沮丧 | 羞愧 | 气愤 | 厌烦 | 难过 | 心疼 | 茫然 | 惭愧 | 苦恼 | 伤心 | 诧异 | 惊讶,赞叹 | 偏见 | 穷 | 挨打 | 看得起 | 赞不绝口 | 津津有味 | 荣幸,自卑 | 费劲 | 大吃一惊 | 折磨 | 遗憾 | 恐慌 | 恍然大悟 | 压抑 | 尴尬 | 慌 | 万分 | 无力,沮丧 | 羞愧 | 气愤 | 厌烦 | 难过 | 心疼 | 茫然 | 惭愧 | 苦恼 | 伤心 | 诧异 | 惊讶 | 惋惜 | 难受 | 吃惊 | 失望 | 生气 | 害怕 | 委屈 | 痛心 | 慌张 | 难堪 | 悔恨 | 扫兴 | 绝望 | 焦躁 | 烦躁 | 伤感 | 悲哀 | 怨恨 | 惊诧 | 难为情 | 不安 | 痛苦 | 为难 | 惊慌 | 胆怯 | 怜惜 | 不解 | 嫉妒 | 自责 | 心酸 | 害臊 | 畏惧 | 悲伤 | 心慌 | 疑惑 | 愤怒 | 焦急 | 不耐烦 | 恐惧 | 愁眉苦脸 | 后悔 | 不服气 | 疲倦 | 好笑 | 欣慰 | 埋怨 | 慌乱 | 着急 | 妒忌 | 疲惫 | 激动 | 羡慕 | 困惑 | 反感 | 高兴 | 责怪 | 无奈 | 忧愁 | 垂头丧气 | 欣喜 | 灰心 | 无可奈何 | 烦闷 | 不屑 | 别扭 | 狼狈 | 失落 | 自卑 | 泄气 | 兴奋 | 哭笑不得 | 纳闷儿 | 焦虑 | 迷惑不解 | 尴尬 | 慌 | 嫌弃 | 惊奇 | 责备 | 惊慌失措 | 过意不去 | 气馁 | 恨 | 凄凉 | 消沉 | 讨厌 | 无聊 | 悲痛 | 犹豫 | 感慨 | 轻蔑 | 厌倦 | 漠然 | 丢脸 | 担心 | 感到 | 感动 | 遗憾 | 得意 | 孤单 | 恼羞成怒 | 寂寞 | 畏缩 | 头疼 | 疲惫不堪 | 骄傲 | 冤枉 | 震惊 | 孤独 | 瞧不起 | 介意 | 留恋 | 迟疑 | 忧虑 | 自豪 | 害羞 | 恍然大悟 | 恋恋不舍 | 庆幸 | 抱怨 | 丢人 | 伤脑筋 | 好奇 | 不好意思 | 大惊小怪 | 提心吊胆 | 歉意 | 不已 | 无话可说 | 发愁 | 窘迫 | 恶心 | 发怒 | 看不起 | 抱歉 | 受不了 | 忧郁 | 怨言 | 无精打采 | 不以为然 | 惊叹 | 鄙视 | 眼红 | 怨气 | 麻木 | 恐慌 | 没劲 | 烦恼 | 半信半疑 | 烦 | 犹豫不决 | 可怜 | 发脾气 | 精疲力竭 | 耻辱 | 吃力 | 大吃一惊 | 倒霉 | 不满 | 怨 | 迷惑 | 忙乱 | 陶醉 | 压抑 | 感叹 | 依依不舍 | 醒悟 | 担忧 | 着迷 | 无能为力 | 无所事事 | 理睬 | 没意思 | 犯愁 | 心急如焚 | 在意 | 爱理不理 | 不理 | 受苦 | 振奋 | 死心 | 喜悦 | 劳累 | 喜出望外 | 悲惨 | 辛苦 | 不堪 | 误会 | 仇恨 | 思前想后 | 惨 | 不平 | 挣扎 | 愁 | 忍受 | 折磨 | 满意 | 身不由己 | 赞叹 | 一筹莫展 | 在乎 | 挨打 | 空虚 | 迷恋 | 力不从心 | 麻烦 | 冤 | 不辞而别 | 费劲 | 痴迷 | 措手不及 | 疑虑 | 美滋滋 | 退缩 | 如醉如痴 | 苦 | 理会 | 顾虑 | 孤陋寡闻 | 惨痛 | 起劲 | 兴高采烈 | 沉迷 | 发火 | 拘束 | 冷落 | 误解 | 敬而远之 | 一无所有 | 一事无成 | 上瘾 | 荣幸 | 放心 | 爱不释手 | 无力 | 看得起 | 上当 | 认错 | 津津有味 | 幸运 | 无所作为 | 抵触 | 任人宰割 | 赞叹不已 | 穷 | 记忆犹新 | 罢休 | 袖手旁观 | 困扰 | 忍饥挨饿 | 不服 | 一无所知 | 累 | 迷失 | 见外 | 偏见 | 雪上加霜 | 着落 | 万分 | 不亦乐乎 | 后顾之忧 | 赞不绝口,282.76365978192916,0.9025834834756872,0.08970635322155475,沮丧:0.999961 | 气愤:0.999866 | 苦恼:0.999845 | 痛心:0.999779 | 难过:0.999771 | 羞愧:0.999717 | 焦虑:0.999672 | 疑惑:0.999666 | 惊讶:0.999662 | 不解:0.999584 | 惊慌:0.999545 | 疲惫:0.999487,颓废:0.476285 | 走投无路:0.473942 | 没辙:0.473549 | 可悲:0.442418 | 冷淡:0.428753 | 目瞪口呆:0.426998 | 推辞:0.423191 | 佩服:0.419593,0.7240472016012781,0.7075471698113207,0.6861313868613139
25,299,0.22331827105702887,-0.006914150787109268,0.6220735785953178,警察 | 军官 | 军人 | 公民 | 士兵 | 民众 | 干部 | 医务 | 官吏 | 职员 | 法官 | 群众,贫穷 | 苦力 | 班长 | 战争 | 圈子 | 冷战 | 外地 | 清洁工,苦力 | 华裔 | 民主 | 共同体 | 事业 | 听众 | 不正之风 | 舆论 | 民族 | 宇航员 | 医务 | 慈善,警察 | 军官 | 军人 | 公民 | 士兵 | 民众 | 干部 | 医务 | 官吏 | 职员 | 法官 | 群众 | 雇员 | 工人 | 官员 | 议员 | 外交官 | 农民 | 官兵 | 官僚 | 公务员 | 战士 | 人民 | 政党 | 机关 | 军队 | 选民 | 工会 | 公仆 | 警官 | 知识分子 | 部队 | 商人 | 工商界 | 职工 | 华侨 | 罪犯 | 议会 | 青年 | 市民 | 学者 | 律师 | 队员 | 民主 | 员工 | 船员 | 领导 | 政府 | 人员 | 领事 | 民工 | 平民 | 雇主 | 渔民 | 老百姓 | 囚犯 | 华人 | 阶层 | 穆斯林 | 居民 | 服务员 | 人权 | 司法 | 团员 | 听众 | 宪法 | 穷人 | 治安 | 国民 | 志愿者 | 税务 | 纳税人 | 首脑 | 检察 | 网民 | 富人 | 精英 | 国会 | 义工 | 领袖 | 军事 | 社会 | 文艺界 | 成员 | 厨师 | 球迷 | 海军 | 劳动 | 民警 | 公安 | 客人 | 内阁 | 政权 | 飞行员 | 外交 | 基层 | 总统 | 社团 | 工程师 | 牧民 | 贵族 | 观众 | 大臣 | 同志 | 政治 | 读者 | 移民 | 阶级 | 顾客 | 奴隶 | 参谋 | 空军 | 科学家 | 下级 | 元首 | 保安 | 商贩 | 小贩 | 党 | 消费者 | 陆军 | 盟友 | 舆论 | 员 | 农民工 | 社会主义 | 游客 | 私营 | 厂长 | 领事馆 | 行政 | 团体 | 当事人 | 民族 | 邻国 | 人士 | 后勤 | 执法 | 证人 | 人们 | 建筑师 | 纪律 | 部门 | 大使馆 | 民意 | 权力 | 群体 | 歌迷 | 官僚主义 | 水手 | 公众 | 官 | 联合国 | 市长 | 股民 | 导游 | 影迷 | 华裔 | 司令 | 清洁工 | 报社 | 全体 | 队伍 | 广大 | 法制 | 兵 | 联邦 | 总理 | 蓝领 | 干事 | 队长 | 国王 | 售货员 | 国防 | 市场经济 | 国家 | 同盟 | 监察 | 人道 | 局长 | 利益 | 外国 | 大使 | 经理 | 和平 | 粉丝 | 合作社 | 共同体 | 用户 | 班长 | 公安局 | 高层 | 工商 | 专家 | 上级 | 客户 | 体制 | 消防 | 外籍 | 廉政 | 领队 | 苦力 | 商贾 | 一把手 | 伙伴 | 战争 | 堡垒 | 资本主义 | 公共 | 代理人 | 会员 | 船长 | 革命 | 海盗 | 大众 | 公关 | 派别 | 西方 | 受害人 | 种族 | 使者 | 前线 | 宇航员 | 人群 | 驻 | 评论员 | 办事处 | 秩序 | 个体 | 见义勇为 | 互助 | 贫穷 | 经贸 | 民间 | 慈善 | 团队 | 贫困 | 圈子 | 指挥 | 私人 | 帝国 | 大家庭 | 防汛 | 股东 | 人口 | 第一线 | 人事 | 会计 | 大队 | 多边 | 公益 | 不正之风 | 航天员 | 事务所 | 网友 | 骨干 | 贫富 | 当地 | 开发商 | 带头人 | 改革开放 | 总部 | 助手 | 向导 | 主权 | 个人 | 权威 | 中介 | 公益性 | 财务 | 商务 | 私有 | 战场 | 千家万户 | 联盟 | 资深 | 外来 | 全世界 | 事业 | 冷战 | 用人 | 阵营 | 官方 | 高级 | 中外 | 核能 | 全局 | 上流 | 单位 | 王国 | 代理 | 先锋 | 合伙 | 外地 | 团 | 海内外 | 名 | 后备 | 栋梁,303.5049278584122,0.7638787423697389,0.19847280846942267,民众:0.998545 | 工人:0.998107 | 军官:0.998041 | 士兵:0.997090 | 官兵:0.997077 | 职工:0.996399 | 群众:0.995810 | 职员:0.994299 | 公民:0.993832 | 雇员:0.993341 | 官吏:0.992850 | 官员:0.992726,首相:0.464905 | 处长:0.446141 | 首都:0.436726 | 外企:0.434395 | 城乡:0.431577 | 爱国:0.428442 | 残疾人:0.427473 | 法律:0.422619,0.6064877342882156,0.4838709677419355,0.45484949832775917
26,224,0.2505792557010464,0.03221772520244915,0.20089285714285715,裁决 | 规定 | 驳回 | 裁定 | 判决 | 撤销 | 仲裁 | 审查 | 履行 | 受理 | 申请 | 批准,惩罚 | 官司 | 过失 | 共识 | 诺言 | 整治 | 发出 | 精简,发出 | 协议书 | 条约 | 公告 | 合同 | 争端 | 驳回 | 提交 | 声明 | 惩处 | 罚款 | 原告,裁决 | 规定 | 驳回 | 裁定 | 判决 | 撤销 | 仲裁 | 审查 | 履行 | 受理 | 申请 | 批准 | 诉讼 | 处罚 | 协议 | 起诉 | 生效 | 提交 | 审批 | 条款 | 依法 | 上诉 | 事项 | 决议 | 控告 | 办理 | 签署 | 法院 | 修订 | 否决 | 草案 | 协议书 | 法律 | 请求 | 职权 | 颁布 | 法规 | 审核 | 递交 | 赔偿 | 不予 | 吊销 | 处分 | 文件 | 手续 | 惩处 | 公示 | 异议 | 协定 | 权利 | 罢免 | 修改 | 中止 | 案件 | 终止 | 免职 | 查处 | 条例 | 合同 | 登记 | 程序 | 订立 | 许可 | 通知书 | 制裁 | 表决 | 事宜 | 纠纷 | 追究 | 约定 | 通知 | 许可证 | 辞退 | 上报 | 签字 | 签订 | 通告 | 罚款 | 公证 | 实施 | 职责 | 被告 | 公告 | 起草 | 承诺 | 义务 | 授权 | 废除 | 出具 | 书面 | 公约 | 取消 | 原告 | 判处 | 法庭 | 作废 | 意见 | 索赔 | 变更 | 要求 | 撤换 | 出示 | 证书 | 谅解 | 披露 | 惩罚 | 指令 | 予以 | 申报 | 出台 | 颁发 | 移交 | 落实 | 申领 | 延期 | 作出 | 改正 | 调解 | 委托 | 采纳 | 冻结 | 监督 | 责任 | 解散 | 执照 | 条约 | 执行 | 解雇 | 规则 | 暂停 | 审判 | 违约 | 投诉 | 达成 | 施行 | 转让 | 审定 | 契约 | 声明 | 制度 | 资格 | 无效 | 监管 | 过错 | 更改 | 举报 | 刑法 | 侵权 | 和解 | 试行 | 争端 | 开除 | 行使 | 逾期 | 取缔 | 公布 | 命令 | 申办 | 转交 | 职能 | 方案 | 退回 | 授予 | 停止 | 负有 | 宣布 | 宣言 | 指定 | 警告 | 发布 | 认证 | 纲领 | 准则 | 整顿 | 宣告 | 计划 | 公开 | 没收 | 停业 | 收回 | 提起 | 过失 | 争议 | 注册 | 清单 | 官司 | 考核 | 意向 | 纲要 | 倡议 | 关闭 | 退出 | 兑现 | 诺言 | 专利 | 现行 | 收到 | 搁置 | 安排 | 接到 | 指示 | 启动 | 口头 | 编制 | 有效期 | 延长 | 行动 | 管辖 | 权 | 完成 | 签 | 差错 | 发出 | 共识 | 时间表 | 整治 | 把关 | 给予 | 日程 | 效力 | 响应 | 风波 | 交给 | 精简,219.74861363130867,0.8317318874950128,0.14623777539838842,起诉:0.999722 | 判决:0.999718 | 诉讼:0.999612 | 吊销:0.999516 | 裁定:0.999510 | 上诉:0.999504 | 驳回:0.999341 | 撤销:0.999174 | 裁决:0.999002 | 纠纷:0.998906 | 中止:0.997738 | 原告:0.997459,通报:0.443479 | 不服:0.400776 | 措施:0.394330 | 规范:0.355825 | 拘留:0.352215 | 流程:0.338189 | 政策:0.329047 | 违法:0.298264,0.42136140722456045,0.32398753894080995,0.13392857142857142
27,154,0.2622364332248878,0.02418739855834446,0.3246753246753247,光滑 | 形状 | 圆形 | 弯曲 | 花纹 | 坚硬 | 修长 | 线条 | 柔软 | 凹 | 结实 | 白色,破裂 | 体重 | 露 | 外貌 | 直 | 沉 | 断裂 | 韧性,分量 | 间隙 | 灰色 | 粗 | 颜色 | 结实 | 韧性 | 露 | 光泽 | 转动 | 单薄 | 红,光滑 | 形状 | 圆形 | 弯曲 | 花纹 | 坚硬 | 修长 | 线条 | 柔软 | 凹 | 结实 | 白色 | 颜色 | 厚度 | 粗糙 | 轮廓 | 光泽 | 棱角 | 直径 | 斜 | 粗 | 灰色 | 形 | 凸 | 宽度 | 窄 | 翘 | 薄 | 厚 | 斑点 | 变形 | 圆 | 矮 | 宽 | 尺寸 | 脱落 | 长度 | 黑色 | 弯 | 裂 | 镶 | 黄色 | 竖 | 体积 | 裸露 | 扁 | 色 | 外形 | 背面 | 磨损 | 一长一短 | 遮盖 | 质地 | 秃 | 尖 | 裂缝 | 伸缩 | 个头儿 | 平面 | 造型 | 身材 | 浅 | 摆动 | 胖 | 转动 | 瘦 | 重量 | 旋转 | 红色 | 横 | 暗 | 蓝色 | 外观 | 图案 | 矮小 | 紫 | 白 | 个儿 | 细 | 黑 | 阔 | 下坠 | 外表 | 长 | 荧光 | 镶嵌 | 硬 | 单薄 | 酷似 | 表面 | 外貌 | 红 | 沉 | 构造 | 浮力 | 黑白 | 彩色 | 亮 | 残缺 | 角 | 裂痕 | 软 | 搭配 | 静止 | 蓝 | 透明 | 侧面 | 朱红 | 振动 | 空隙 | 露 | 排列 | 破碎 | 立体 | 短 | 曲线 | 堆砌 | 韧性 | 大小 | 断裂 | 绿 | 密度 | 三角 | 窟窿 | 强度 | 弹性 | 黄 | 体重 | 个子 | 倾斜 | 淡 | 透 | 身高 | 裸 | 壮 | 摇摆 | 寿命 | 破裂 | 摩擦 | 分量 | 直 | 侧 | 间隙 | 直线 | 轻 | 深 | 层 | 足 | 大 | 正面 | 重 | 右 | 左 | 滚动,161.6271818121306,0.858184663344894,0.13288303407510196,形状:0.999872 | 外形:0.999253 | 厚度:0.999125 | 弯曲:0.998993 | 坚硬:0.998847 | 直径:0.997669 | 矮:0.997609 | 厚:0.997586 | 圆形:0.997518 | 宽:0.997333 | 颜色:0.996908 | 薄:0.996812,厘米:0.485272 | 苗条:0.462192 | 长相:0.459916 | 歪:0.433163 | 对称:0.425522 | 锈:0.419630 | 横向:0.374381 | 均匀:0.365889,0.1637498850791623,0.11708860759493671,0.0
28,173,0.2705822847807359,0.04161806514968377,0.15028901734104047,消除 | 削弱 | 缓解 | 促进 | 抑制 | 减轻 | 遏制 | 阻碍 | 阻止 | 克服 | 抵消 | 推动,打动 | 抗拒 | 中断 | 阻拦 | 挑战 | 打倒 | 俘获 | 根治,承受 | 缩短 | 触动 | 保障 | 搞好 | 激发 | 摆脱 | 保护 | 考验 | 实现 | 引发 | 破解,消除 | 削弱 | 缓解 | 促进 | 抑制 | 减轻 | 遏制 | 阻碍 | 阻止 | 克服 | 抵消 | 推动 | 扭转 | 激发 | 降低 | 解决 | 改变 | 弥补 | 防止 | 避免 | 增强 | 破除 | 抵御 | 制止 | 强化 | 阻挡 | 妨碍 | 提高 | 制约 | 化解 | 延缓 | 改善 | 摆脱 | 减少 | 加强 | 诱发 | 调动 | 加重 | 杜绝 | 缓和 | 消灭 | 损害 | 促使 | 限制 | 带动 | 破坏 | 影响 | 打破 | 促成 | 清除 | 导致 | 增进 | 巩固 | 唤起 | 压制 | 维护 | 切断 | 提升 | 破解 | 干扰 | 危及 | 满足 | 确保 | 扫除 | 拉动 | 刺激 | 抵挡 | 应对 | 去除 | 适应 | 解除 | 引发 | 纠正 | 激起 | 堵塞 | 防范 | 保证 | 拓宽 | 束缚 | 造成 | 增加 | 激活 | 挤压 | 不利于 | 平息 | 排除 | 取代 | 加深 | 引导 | 引起 | 保障 | 触动 | 扩大 | 压倒 | 对付 | 疏通 | 捍卫 | 拖累 | 迎合 | 动摇 | 加快 | 有利于 | 免除 | 填补 | 根治 | 约束 | 优化 | 吸引 | 缩小 | 实现 | 缩短 | 冲击 | 打败 | 压缩 | 阻拦 | 搞好 | 打通 | 起到 | 粉碎 | 颠覆 | 战胜 | 有助于 | 代替 | 夺取 | 引领 | 简化 | 淡化 | 消化 | 深化 | 保护 | 控制 | 抗拒 | 解开 | 调节 | 干预 | 保卫 | 产生 | 推翻 | 恢复 | 赢得 | 替代 | 带来 | 去掉 | 征服 | 承受 | 超越 | 安抚 | 打倒 | 伸张 | 主宰 | 波及 | 打动 | 依赖 | 受到 | 支撑 | 应付 | 支配 | 收复 | 疏导 | 造福 | 驾驭 | 剔除 | 突破 | 考验 | 主导 | 除去 | 挑战 | 面对 | 阻力 | 中断 | 俘获 | 受 | 解放,176.75359484970986,0.909195964331733,0.09037880458922738,消除:0.999989 | 缓解:0.999835 | 克服:0.999700 | 减轻:0.999663 | 破除:0.999559 | 阻止:0.999405 | 扫除:0.999270 | 应对:0.999268 | 抑制:0.999216 | 抵消:0.999025 | 阻碍:0.998960 | 带动:0.998602,抵抗:0.476063 | 阻挠:0.472540 | 牵制:0.442657 | 封锁:0.406729 | 压力:0.347717 | 妨害:0.336332 | 延长:0.316022 | 使:0.304360,0.3486409960739434,0.2087912087912088,0.03468208092485549
29,227,0.28975394963420986,0.06791508053545212,0.13656387665198239,补习 | 课程 | 外语 | 考试 | 自学 | 入学 | 研究生 | 高中 | 选修 | 大学 | 初中 | 英语,退役 | 懂 | 口音 | 下海 | 打工 | 出口成章 | 炒股 | 方言,复习 | 从业 | 校长 | 回国 | 写作 | 求职 | 题目 | 高等 | 考生 | 留学生 | 硕士 | 背诵,补习 | 课程 | 外语 | 考试 | 自学 | 入学 | 研究生 | 高中 | 选修 | 大学 | 初中 | 英语 | 学生 | 学校 | 上课 | 报考 | 讲课 | 学业 | 复习 | 教学 | 读书 | 教师 | 口试 | 本科 | 升学 | 学习 | 念书 | 毕业生 | 预习 | 就读 | 毕业 | 课本 | 口语 | 考 | 课 | 备课 | 理科 | 年级 | 学期 | 进修 | 小学 | 文凭 | 补考 | 读 | 招生 | 函授 | 学时 | 补课 | 硕士 | 作文 | 中学 | 转学 | 培训 | 课文 | 上学 | 写作 | 求学 | 汉语 | 面试 | 笔试 | 教材 | 必修 | 高考 | 学年 | 夜校 | 师范 | 攻读 | 听讲 | 工科 | 师资 | 退学 | 学 | 学分 | 录取 | 学员 | 学位 | 背诵 | 留学 | 奖学金 | 家教 | 文科 | 应聘 | 学科 | 考生 | 班级 | 课堂 | 试题 | 识字 | 招收 | 听写 | 学历 | 功课 | 实习 | 培训班 | 中学生 | 试卷 | 辅导 | 日语 | 俄语 | 中小学 | 在职 | 考题 | 测验 | 班 | 留学生 | 求职 | 勤工俭学 | 听力 | 题目 | 教 | 校长 | 兼职 | 训练 | 讲座 | 语法 | 卷子 | 练习 | 小学生 | 普通话 | 考场 | 成才 | 分数 | 学子 | 科目 | 学院 | 填空 | 朗读 | 夏令营 | 法语 | 学艺 | 生词 | 大学生 | 治学 | 基本功 | 办学 | 学堂 | 讲学 | 一技之长 | 民办 | 出国 | 默读 | 知识 | 教育 | 练 | 及格 | 交际 | 英文 | 私立 | 专业 | 教科书 | 翻译 | 答辩 | 幼儿园 | 志愿 | 师生 | 大纲 | 初等 | 文盲 | 招聘 | 打工 | 温习 | 学士 | 教育部 | 念 | 业余 | 语言 | 题 | 就业 | 阅读 | 上岗 | 导师 | 博士 | 命题 | 流利 | 锻炼 | 西班牙语 | 报名 | 职业 | 启蒙 | 公立 | 入门 | 家政 | 岗位 | 学术 | 聋人 | 传授 | 阿拉伯语 | 谋生 | 实践 | 作业 | 训 | 科研 | 从业 | 中文 | 精通 | 新生 | 报到 | 懂 | 人才 | 外企 | 创业 | 试用期 | 初级 | 下岗 | 回国 | 口音 | 工作 | 失业 | 经商 | 退休 | 下乡 | 中级 | 参军 | 炒股 | 晋升 | 方言 | 高等 | 受过 | 跳槽 | 胜任 | 致富 | 出口成章 | 定居 | 下海 | 取经 | 国籍 | 退役,226.22374373808947,0.9089647501548757,0.07847886876220585,考试:0.999987 | 报考:0.999979 | 本科:0.999975 | 入学:0.999963 | 复习:0.999961 | 口试:0.999960 | 选修:0.999958 | 招生:0.999925 | 理科:0.999906 | 考:0.999906 | 课程:0.999903 | 自学:0.999903,职位:0.438621 | 移民:0.410383 | 出身:0.399623 | 概论:0.396821 | 熟练:0.378056 | 国学:0.372101 | 选拔:0.369244 | 公费:0.361066,0.7827515438975696,0.7649402390438247,0.7841409691629956
30,223,0.3160688017654149,0.0557566259441745,0.07174887892376682,艳丽 | 古朴 | 迷人 | 明媚 | 质朴 | 优雅 | 优美 | 别致 | 纯朴 | 精致 | 文雅 | 韵味,开心 | 痛快 | 氛围 | 奢侈 | 魅力 | 抑扬顿挫 | 绘声绘色 | 亲和力,昌盛 | 过瘾 | 安静 | 浓厚 | 气息 | 得体 | 甜美 | 尊贵 | 抑扬顿挫 | 显赫 | 醇厚 | 潇洒,艳丽 | 古朴 | 迷人 | 明媚 | 质朴 | 优雅 | 优美 | 别致 | 纯朴 | 精致 | 文雅 | 韵味 | 欢快 | 甜美 | 朴实 | 潇洒 | 美妙 | 美丽 | 高雅 | 俊俏 | 柔和 | 宁静 | 动人 | 浪漫 | 悠闲 | 活泼 | 悦耳 | 醇厚 | 清新 | 动听 | 鲜艳 | 细腻 | 浓郁 | 亮丽 | 明亮 | 可爱 | 酣畅 | 温柔 | 安静 | 秀美 | 气派 | 秀丽 | 翠绿 | 沉稳 | 壮丽 | 安逸 | 动感 | 高贵 | 简洁 | 华丽 | 情调 | 美好 | 温馨 | 含蓄 | 朴素 | 得体 | 清静 | 整洁 | 洋溢 | 晶莹 | 漂亮 | 舒畅 | 风趣 | 稳重 | 红润 | 缤纷 | 流畅 | 灿烂 | 碧绿 | 好看 | 英俊 | 宽敞 | 壮观 | 热闹 | 丰满 | 硬朗 | 精美 | 舒服 | 富有 | 欢乐 | 苗条 | 新颖 | 温暖 | 生动 | 芬芳 | 风情 | 美观 | 清脆 | 耀眼 | 甜蜜 | 景色 | 快活 | 愉快 | 工整 | 快乐 | 幽默 | 喜庆 | 诱人 | 气息 | 大方 | 平静 | 舒适 | 壮实 | 敦厚 | 容光焕发 | 时髦 | 清凉 | 逼真 | 魅力 | 无忧无虑 | 富足 | 祥和 | 和谐 | 雄伟 | 高大 | 感人 | 怡然自得 | 好听 | 美满 | 滋润 | 体面 | 丰富多彩 | 水灵灵 | 光彩 | 干净 | 色彩 | 梦幻 | 鲜明 | 激情 | 平淡 | 爽快 | 精彩 | 气势 | 美景 | 痛快 | 爽 | 健壮 | 好玩儿 | 宏伟 | 尊贵 | 丰盛 | 完美 | 茂盛 | 幸福 | 饱满 | 风流 | 点缀 | 自在 | 开心 | 原汁原味 | 感染力 | 庄严 | 浓重 | 风光 | 怀旧 | 繁华 | 安稳 | 欢声笑语 | 清淡 | 红火 | 威风 | 整齐 | 趣味 | 响亮 | 醒目 | 辉煌 | 容颜 | 委婉 | 衬托 | 青春 | 自由自在 | 宏大 | 风貌 | 紧凑 | 轻松 | 抑扬顿挫 | 活力 | 生机 | 洪亮 | 洁净 | 时尚 | 过瘾 | 鲜活 | 平凡 | 强壮 | 十足 | 顺心 | 低调 | 别具匠心 | 阔绰 | 显眼 | 风景 | 欣欣向荣 | 兴旺 | 利索 | 显赫 | 光辉 | 浓厚 | 安宁 | 实惠 | 新潮 | 抢眼 | 亲和力 | 烘托 | 豪华 | 尽情 | 吉祥 | 有声有色 | 绘声绘色 | 气氛 | 富裕 | 中庸 | 画龙点睛 | 奢侈 | 繁荣 | 氛围 | 特色 | 昌盛 | 富强 | 安定 | 光明 | 长寿 | 自由,215.70621719130403,0.896136878381841,0.08969903095470816,美丽:0.999710 | 优雅:0.999424 | 整洁:0.999355 | 古朴:0.999274 | 壮丽:0.999040 | 优美:0.998973 | 迷人:0.998830 | 舒适:0.998692 | 温馨:0.998634 | 雄伟:0.998588 | 安逸:0.998347 | 浓郁:0.998271,朝气蓬勃:0.463565 | 讨人喜欢:0.455458 | 纯洁:0.454573 | 引人入胜:0.440665 | 平和:0.319067 | 柔软:0.305786 | 鹤立鸡群:0.294229 | 自如:0.266900,0.4899567334553788,0.33962264150943394,0.3183856502242152
31,205,0.25062987892757743,0.024600167554783486,0.2975609756097561,电脑 | 手机 | 短信 | 电子邮件 | 打印机 | 浏览器 | 密码 | 磁盘 | 银行卡 | 关机 | 按键 | 鼠标,话筒 | 欠条 | 信封 | 喇叭 | 钞票 | 支票 | 情报 | 删,网页 | 取款 | 情报 | 屏幕 | 凭证 | 账户 | 银行卡 | 模拟 | 磁带 | 格式 | 开通 | 微博,电脑 | 手机 | 短信 | 电子邮件 | 打印机 | 浏览器 | 密码 | 磁盘 | 银行卡 | 关机 | 按键 | 鼠标 | 硬盘 | 下载 | 语音 | 电话 | 邮件 | 通话 | 扫描 | 磁卡 | 遥控 | 软件 | 卡片 | 屏幕 | 传输 | 录音机 | 光盘 | 身份证 | 充电器 | 磁带 | 服务器 | 登录 | 挂失 | 查询 | 发送 | 闹钟 | 开关 | 存折 | 导航 | 网址 | 号码 | 铃声 | 电铃 | 打印 | 账单 | 话筒 | 显示器 | 拨打 | 门铃 | 接听 | 发票 | 账号 | 收音机 | 无线 | 菜单 | 一卡通 | 计算机 | 网页 | 传真 | 杀毒 | 微信 | 键盘 | 电视 | 取款机 | 相机 | 钱包 | 信箱 | 耳机 | 浏览 | 信封 | 联网 | 数据库 | 取款 | 汇款 | 光碟 | 打电话 | 摄像机 | 二维码 | 键 | 邮箱 | 监控 | 防盗 | 搜索 | 防火墙 | 来电 | 报警 | 通讯 | 信用卡 | 音量 | 输入 | 音响 | 电视机 | 关掉 | 证件 | 电子版 | 钥匙 | 网络 | 远程 | 游戏机 | 日历 | 收据 | 多媒体 | 网站 | 地图 | 内存 | 识别 | 口令 | 删除 | 账户 | 支票 | 通信 | 查找 | 接通 | 主页 | 机器 | 拨通 | 格式 | 无线电 | 信息 | 复印 | 自动 | 电源 | 液晶 | 开机 | 广告 | 电报 | 计时 | 上网 | 打开 | 地址 | 系统 | 移动 | 凭证 | 定时 | 核对 | 选项 | 自助 | 后台 | 码 | 芯片 | 热线 | 借条 | 零钱 | 卫星 | 盗版 | 数码 | 天线 | 彩票 | 卡 | 喇叭 | 手动 | 数据 | 信号 | 匿名 | 触摸 | 钞票 | 社交 | 数字 | 问卷 | 仪表 | 窗口 | 查看 | 工具 | 反馈 | 正版 | 开通 | 电讯 | 激光 | 电信 | 海量 | 删 | 指南针 | 住址 | 流量 | 微博 | 焦距 | 附件 | 追踪 | 动态 | 邮政 | 操控 | 网上 | 邮编 | 欠条 | 望远镜 | 在线 | 模拟 | 随机 | 情报 | 更新 | 改版 | 资讯 | 复制 | 机器人 | 跟踪 | 登陆 | 咨询 | 上门 | 三维 | 入口 | 栏 | 预报 | 张 | 表 | 号,214.9969849691531,0.832950175068838,0.14964042894905455,电话:0.999814 | 拨打:0.999385 | 接通:0.998860 | 接听:0.998836 | 关机:0.998785 | 来电:0.998416 | 密码:0.997918 | 通话:0.997042 | 短信:0.996929 | 遥控:0.996924 | 拨通:0.996460 | 按键:0.996434,彩电:0.453413 | 智能:0.446079 | 护照:0.405602 | 笔记本:0.401860 | 账:0.374421 | 仪器:0.356334 | 博客:0.352873 | 硬件:0.347022,0.3687423798448261,0.21329639889196675,0.25853658536585367
32,255,0.27781829168859995,0.050173079211133356,0.19607843137254902,歌曲 | 戏剧 | 舞蹈 | 歌剧 | 演唱 | 话剧 | 电影 | 音乐 | 喜剧 | 演出 | 独唱 | 剧本,扮 | 拍 | 文 | 仿 | 场合 | 曝光 | 小丑 | 插图,电影 | 卫视 | 动画片 | 编辑 | 场面 | 偶像 | 画家 | 导演 | 出道 | 剧组 | 排练 | 宣传,歌曲 | 戏剧 | 舞蹈 | 歌剧 | 演唱 | 话剧 | 电影 | 音乐 | 喜剧 | 演出 | 独唱 | 剧本 | 表演 | 歌词 | 创作 | 歌舞 | 影片 | 演员 | 作品 | 电视剧 | 导演 | 纪录片 | 演奏 | 乐曲 | 短片 | 节目 | 合唱 | 动画 | 动画片 | 剧 | 歌唱 | 戏 | 歌手 | 漫画 | 戏曲 | 剧目 | 朗诵 | 诗歌 | 伴奏 | 交响乐 | 民歌 | 绘画 | 编剧 | 配音 | 京剧 | 相声 | 艺术 | 芭蕾 | 杂技 | 演戏 | 主题歌 | 小说 | 小品 | 片子 | 旋律 | 录制 | 主演 | 排练 | 音乐会 | 抒情 | 唱歌 | 剧情 | 画面 | 美术 | 拍摄 | 文学 | 歌星 | 散文 | 演唱会 | 专辑 | 摄影 | 乐队 | 唱 | 故事 | 出演 | 国画 | 摇滚 | 油画 | 连续剧 | 片段 | 播放 | 演 | 晚会 | 歌 | 画 | 字幕 | 剧场 | 播出 | 演技 | 录音 | 唱片 | 文艺 | 木偶 | 放映 | 舞台 | 艺人 | 改编 | 跳舞 | 素材 | 诗 | 图画 | 科幻 | 画家 | 笛子 | 画展 | 小提琴 | 秧歌 | 童话 | 华语 | 雕塑 | 吉他 | 舞 | 影视 | 海报 | 素描 | 剧团 | 马戏 | 编排 | 视频 | 照片 | 作家 | 摄影师 | 卡通 | 偶像 | 影星 | 拍 | 乐器 | 电视台 | 剧组 | 插图 | 年画 | 书法 | 描写 | 重播 | 肖像 | 对白 | 寓言 | 壁画 | 模特儿 | 歌咏 | 题材 | 录像 | 情节 | 展览 | 钢琴 | 段落 | 游戏 | 小丑 | 上映 | 中国画 | 原创 | 广播 | 解说 | 镜头 | 画儿 | 演绎 | 摄像 | 银幕 | 励志 | 相片 | 转播 | 魔术 | 影像 | 诗人 | 人物 | 卫视 | 国歌 | 演播室 | 直播 | 拍戏 | 主角 | 构思 | 主人公 | 创意 | 出道 | 演艺圈 | 曲 | 图像 | 场面 | 鉴赏 | 主持人 | 少儿 | 小曲 | 实况 | 大片 | 替身 | 结尾 | 娱乐 | 收视率 | 观看 | 胶片 | 模仿 | 栏目 | 跑龙套 | 纪实 | 角色 | 音像 | 电台 | 图片 | 时事 | 拍照 | 同人 | 科普 | 播 | 频道 | 内容 | 收看 | 票房 | 通俗 | 策划 | 收听 | 明星 | 扮 | 设计师 | 场景 | 宣传 | 新闻 | 幕后 | 文娱 | 奏 | 灵感 | 视觉 | 主题 | 图形 | 幕 | 照相 | 集邮 | 演示 | 编辑 | 传媒 | 点击率 | 媒体 | 精品 | 传播 | 扮演 | 幅 | 录 | 照 | 八卦 | 晚报 | 原型 | 爵士 | 编 | 花样 | 头条 | 风云 | 集 | 谱 | 文 | 曝光 | 财经 | 图 | 部 | 仿 | 场合,264.39859555474055,0.8836317297759467,0.10278052769167433,演唱:0.999997 | 歌剧:0.999991 | 演奏:0.999988 | 伴奏:0.999980 | 话剧:0.999980 | 独唱:0.999978 | 戏剧:0.999978 | 剧:0.999974 | 乐曲:0.999972 | 歌曲:0.999971 | 剧目:0.999970 | 影片:0.999945,画册:0.438931 | 广告:0.427684 | 电视:0.411017 | 建筑师:0.407458 | 雕刻:0.401326 | 琴:0.392032 | 作者:0.391678 | 天文:0.377966,0.5868075878199497,0.5143603133159269,0.7137254901960784
33,136,0.2531261536853084,0.04008428482027625,0.20588235294117646,差别 | 差异 | 相同 | 重叠 | 相似 | 重合 | 相辅相成 | 衔接 | 相通 | 对立 | 相差 | 脱节,逊色 | 换位 | 默契 | 隔 | 延伸 | 限定 | 颠倒 | 迁移,无关 | 区分 | 交接 | 对峙 | 限定 | 一致 | 转换 | 脱节 | 同等 | 颠倒 | 相辅相成 | 相差,差别 | 差异 | 相同 | 重叠 | 相似 | 重合 | 相辅相成 | 衔接 | 相通 | 对立 | 相差 | 脱节 | 相连 | 区别 | 不同 | 吻合 | 互补 | 之间 | 相互 | 区分 | 混淆 | 截然不同 | 差距 | 紧密 | 分开 | 错位 | 雷同 | 匹配 | 呼应 | 有所不同 | 隔开 | 互相 | 结合 | 相等 | 隔阂 | 融合 | 挂钩 | 不相上下 | 并行 | 分离 | 息息相关 | 抗衡 | 无关 | 连接 | 关系 | 反差 | 交集 | 交叉 | 冲突 | 悬殊 | 大同小异 | 接轨 | 一模一样 | 协同 | 彼此 | 划分 | 交替 | 同步 | 界限 | 密不可分 | 关联 | 矛盾 | 分歧 | 协调 | 格格不入 | 贯通 | 相提并论 | 分成 | 分割 | 间隔 | 兼容 | 颠倒 | 同一 | 长短 | 对峙 | 一致 | 协作 | 界线 | 密切 | 相比 | 磨合 | 对称 | 落差 | 隔离 | 类似 | 高低 | 偏差 | 对比 | 分工 | 介于 | 同等 | 平衡 | 汇合 | 与 | 媲美 | 并列 | 变换 | 转换 | 默契 | 配合 | 误差 | 交换 | 交接 | 横向 | 分散 | 局限 | 相应 | 重复 | 与其 | 隔 | 顺序 | 渗透 | 轮换 | 分布 | 换位 | 同 | 间 | 改动 | 有关 | 纽带 | 双向 | 各自 | 分为 | 对照 | 特定 | 延伸 | 固定 | 双方 | 逊色 | 流动 | 限定 | 转移 | 迁移 | 封闭 | 跨 | 停留,134.42491973027728,0.8802440539702739,0.11404490823526776,相连:0.999913 | 相同:0.999902 | 相通:0.999896 | 差别:0.999830 | 相似:0.999765 | 相互:0.999493 | 重合:0.999301 | 之间:0.999288 | 差异:0.999258 | 相差:0.999207 | 差距:0.999036 | 重叠:0.999033,好坏:0.385193 | 过渡:0.300764 | 统一:0.296864 | 同类:0.292499 | 针锋相对:0.258259 | 孤立:0.227592 | 集合:0.221448 | 联系:0.208243,0.410847385934809,0.23043478260869565,0.19117647058823528
34,188,0.2883351900146911,0.03951366923117907,0.15425531914893617,气质 | 品德 | 魄力 | 性格 | 天赋 | 素养 | 才华 | 毅力 | 天分 | 自信心 | 修养 | 功力,拿手 | 架势 | 表率 | 胆子 | 优势 | 面子 | 举止 | 感性,才华 | 功底 | 风气 | 野心 | 积极性 | 冲动 | 功劳 | 认知 | 后盾 | 情怀 | 眼光 | 名气,气质 | 品德 | 魄力 | 性格 | 天赋 | 素养 | 才华 | 毅力 | 天分 | 自信心 | 修养 | 功力 | 自尊心 | 责任感 | 勇气 | 情怀 | 骨气 | 人格 | 素质 | 志气 | 气魄 | 人品 | 功底 | 自尊 | 斗志 | 信念 | 天性 | 脾气 | 本事 | 意志 | 特质 | 阅历 | 风度 | 性情 | 眼界 | 本性 | 意识 | 本领 | 口才 | 审美 | 风范 | 心态 | 底蕴 | 个性 | 觉悟 | 抱负 | 品行 | 观念 | 境界 | 心思 | 教养 | 学问 | 思维 | 欲望 | 兴趣 | 劲头 | 心胸 | 能力 | 野心 | 耐性 | 实力 | 眼光 | 精神 | 心肠 | 潜能 | 价值观 | 作风 | 思想 | 智商 | 尊严 | 好奇心 | 名声 | 爱好 | 见识 | 认知 | 形象 | 头脑 | 体力 | 威信 | 风采 | 情绪 | 手艺 | 道德 | 力量 | 人性 | 本钱 | 态度 | 风气 | 品质 | 名气 | 技巧 | 运气 | 信心 | 胃口 | 胆子 | 直觉 | 声望 | 影响力 | 情结 | 士气 | 面子 | 言行 | 力气 | 美德 | 根基 | 举止 | 声誉 | 资历 | 技能 | 底子 | 嗅觉 | 智力 | 特长 | 兴致 | 技艺 | 自我 | 熏陶 | 体能 | 嗜好 | 积极性 | 能耐 | 信誉 | 软实力 | 精力 | 本能 | 远见 | 长相 | 知名度 | 成就 | 经验 | 意愿 | 心理 | 喜好 | 决心 | 冲动 | 视野 | 风格 | 感性 | 专长 | 功夫 | 习惯 | 本色 | 水准 | 脑筋 | 楷模 | 品位 | 榜样 | 陶冶 | 潜力 | 天生 | 一言一行 | 地位 | 口碑 | 架势 | 主观 | 养成 | 内在 | 天才 | 优势 | 触觉 | 面貌 | 人气 | 绝技 | 功劳 | 底线 | 瘾 | 建树 | 强项 | 风尚 | 力 | 先天 | 威力 | 身份 | 心目 | 工夫 | 脊梁 | 表率 | 光环 | 自身 | 座右铭 | 身价 | 视角 | 名誉 | 擅长 | 后盾 | 拿手 | 启迪 | 性别,187.26543261807686,0.8828618670943389,0.10883582583150761,名气:0.999906 | 功力:0.999802 | 天赋:0.999731 | 名声:0.999714 | 眼界:0.999684 | 声誉:0.999429 | 天分:0.999264 | 声望:0.999157 | 人品:0.999005 | 劲头:0.998791 | 才华:0.998742 | 素养:0.998258,魅力:0.455422 | 基本功:0.402158 | 智慧:0.396831 | 良心:0.376716 | 理念:0.343352 | 氛围:0.329438 | 外貌:0.325356 | 基础:0.307204,0.5622805603027122,0.38924050632911394,0.39361702127659576
35,168,0.28081465821411355,0.038280462876943346,0.20238095238095238,急忙 | 赶忙 | 赶紧 | 连忙 | 赶快 | 慌忙 | 设法 | 趁机 | 偷偷 | 竭力 | 急于 | 想方设法,哀求 | 推辞 | 努力 | 灵机一动 | 豁出去 | 告诫 | 大肆 | 顾不得,争分夺秒 | 提早 | 亲自 | 拍板 | 偷偷 | 带领 | 劝说 | 踊跃 | 及早 | 告诫 | 争先恐后 | 立刻,急忙 | 赶忙 | 赶紧 | 连忙 | 赶快 | 慌忙 | 设法 | 趁机 | 偷偷 | 竭力 | 急于 | 想方设法 | 尽力 | 毫不犹豫 | 立刻 | 悄悄 | 极力 | 立即 | 劝 | 拼命 | 连夜 | 下决心 | 恳求 | 毅然 | 火速 | 执意 | 尽快 | 催促 | 帮忙 | 及早 | 竭尽全力 | 吩咐 | 只好 | 马上 | 尽早 | 全力 | 试图 | 迫不及待 | 劝说 | 亲自 | 纷纷 | 特意 | 匆忙 | 当即 | 千方百计 | 下令 | 争先恐后 | 不得不 | 索性 | 干脆 | 不惜 | 奋力 | 敦促 | 特地 | 主动 | 暗中 | 打算 | 只得 | 三番五次 | 伺机 | 抓紧 | 再三 | 嘱咐 | 劝阻 | 逼迫 | 加紧 | 协助 | 劝告 | 果断 | 被迫 | 出面 | 全力以赴 | 准备 | 叮嘱 | 匆匆 | 不得已 | 积极 | 一齐 | 顾不得 | 帮 | 来得及 | 齐心协力 | 顾不上 | 着手 | 暗地里 | 迅速 | 带头 | 趁早 | 说服 | 呼吁 | 及时 | 商量 | 来不及 | 哀求 | 灵机一动 | 亲手 | 挨家挨户 | 争分夺秒 | 替 | 随即 | 努力 | 发誓 | 提早 | 不假思索 | 适时 | 号召 | 趁 | 一鼓作气 | 动员 | 有意 | 早日 | 当众 | 郑重 | 督促 | 乞求 | 鼓动 | 私下 | 帮助 | 推辞 | 不约而同 | 率先 | 提议 | 豁出去 | 独自 | 提前 | 竞相 | 决定 | 当场 | 动手 | 以便 | 尽可能 | 迫使 | 谋求 | 一同 | 大力 | 力求 | 切实 | 争取 | 事先 | 大肆 | 当面 | 联手 | 顺势 | 鼓励 | 告诫 | 带领 | 预先 | 踊跃 | 尝试 | 精心 | 就地 | 力争 | 说干就干 | 携手 | 专门 | 力所能及 | 一起 | 按时 | 专人 | 直接 | 共同 | 高调 | 就近 | 预备 | 拍板 | 自发 | 旨在 | 一手,168.53890757189592,0.9068391331351366,0.08563835642919312,劝说:0.999810 | 尽快:0.999631 | 催促:0.999546 | 急忙:0.999535 | 及早:0.999438 | 竭力:0.999427 | 全力:0.999416 | 设法:0.999408 | 火速:0.999347 | 当即:0.999334 | 千方百计:0.999221 | 敦促:0.999149,提醒:0.345110 | 企图:0.317013 | 一一:0.311321 | 答应:0.301825 | 趁着:0.280001 | 决心:0.277569 | 快速:0.271290 | 为了:0.266398,0.4056138136049681,0.24444444444444444,0.3333333333333333
36,238,0.28083798734776927,0.05465419844643503,0.13445378151260504,浴室 | 房间 | 楼房 | 居民楼 | 屋子 | 临街 | 旅馆 | 院子 | 餐厅 | 楼道 | 宾馆 | 宿舍,棺材 | 床 | 修路 | 旅行社 | 葬 | 黑板 | 建成 | 陪葬,座 | 桑拿 | 诊所 | 开发区 | 临街 | 夜市 | 窗子 | 卫生间 | 厕所 | 园林 | 兴建 | 栋,浴室 | 房间 | 楼房 | 居民楼 | 屋子 | 临街 | 旅馆 | 院子 | 餐厅 | 楼道 | 宾馆 | 宿舍 | 饭馆 | 舞厅 | 卧室 | 公园 | 地下室 | 停车场 | 教室 | 饭店 | 客厅 | 教学楼 | 商场 | 大楼 | 卫生间 | 酒楼 | 阳台 | 宫殿 | 楼 | 礼堂 | 游泳池 | 洗手间 | 酒吧 | 书房 | 病房 | 过道 | 餐馆 | 小区 | 客房 | 花园 | 旅店 | 厕所 | 教堂 | 建筑物 | 窗户 | 公寓 | 操场 | 楼梯 | 围墙 | 厨房 | 大厅 | 电影院 | 幢 | 食堂 | 屋 | 广场 | 地铁站 | 别墅 | 墙壁 | 图书馆 | 房子 | 阅览室 | 寝室 | 书橱 | 大厦 | 窗子 | 体育馆 | 窗台 | 四合院 | 报亭 | 场馆 | 栋 | 寺庙 | 养老院 | 草坪 | 商店 | 酒店 | 喷泉 | 屋顶 | 书柜 | 书桌 | 书店 | 剧院 | 清真寺 | 书架 | 公墓 | 工地 | 写字楼 | 菜市场 | 博物馆 | 网吧 | 住处 | 球场 | 体育场 | 街道 | 仓库 | 皇宫 | 电梯 | 写字台 | 手术室 | 住宅 | 诊所 | 坟墓 | 防盗门 | 墓地 | 殿堂 | 房屋 | 走廊 | 纪念馆 | 办公室 | 夜总会 | 栏杆 | 墙 | 大街 | 庙 | 超市 | 场地 | 烟囱 | 建筑 | 空地 | 园 | 看台 | 公共场所 | 柜台 | 大门 | 坟 | 城墙 | 露天 | 池子 | 场所 | 专卖店 | 住户 | 景点 | 更衣室 | 街 | 厅 | 帐篷 | 座位 | 装修 | 会场 | 墓碑 | 店 | 墓 | 动物园 | 床位 | 药店 | 五星级 | 室 | 纪念碑 | 监狱 | 设施 | 滑梯 | 加油站 | 邮局 | 堂 | 餐桌 | 工厂 | 校园 | 景区 | 景观 | 机舱 | 出租 | 乐园 | 办公 | 新房 | 连锁店 | 遗址 | 病床 | 夜市 | 绿地 | 宫 | 车间 | 棺材 | 农场 | 庄园 | 温泉 | 社区 | 修建 | 物业 | 绿化 | 床 | 寺 | 便利店 | 鸟巢 | 居住 | 实验室 | 桑拿 | 大街小巷 | 陈列 | 古迹 | 专柜 | 餐饮 | 桥 | 座 | 住房 | 竣工 | 商城 | 名胜 | 兴建 | 开业 | 院 | 网点 | 塔 | 前台 | 碑 | 台阶 | 百货 | 建造 | 黑板 | 街头 | 园地 | 施工 | 扩建 | 园林 | 拆迁 | 开发区 | 动工 | 开张 | 老字号 | 建成 | 搬迁 | 营业 | 门 | 修路 | 连锁 | 基地 | 厂 | 阶梯 | 煤矿 | 烈士 | 封顶 | 陪葬 | 开工 | 户 | 少林寺 | 旅行社 | 家 | 葬,247.4434372593309,0.9035088651196189,0.0813284949412535,墓地:0.999908 | 饭店:0.999903 | 公墓:0.999902 | 楼道:0.999874 | 宿舍:0.999847 | 楼房:0.999844 | 楼:0.999842 | 房间:0.999812 | 旅馆:0.999799 | 商场:0.999797 | 宾馆:0.999780 | 饭馆:0.999776,村:0.455874 | 平方米:0.451872 | 工程:0.403128 | 窗口:0.378391 | 跑道:0.365376 | 地板:0.361406 | 角落:0.353542 | 柜子:0.345741,0.6735079285976677,0.560126582278481,0.5210084033613446
37,211,0.28095901179214694,0.03790819018068131,0.18009478672985782,欺骗 | 讹诈 | 敲诈 | 恐吓 | 谋害 | 勾结 | 阴谋 | 诽谤 | 挑衅 | 杀害 | 骚扰 | 掠夺,偷 | 偷看 | 骗子 | 戒备 | 屈服 | 战斗 | 瞒 | 弄虚作假,骗 | 掩饰 | 核武器 | 驱逐 | 插手 | 掩盖 | 秘密 | 拉拢 | 黑客 | 投降 | 报复 | 屠杀,欺骗 | 讹诈 | 敲诈 | 恐吓 | 谋害 | 勾结 | 阴谋 | 诽谤 | 挑衅 | 杀害 | 骚扰 | 掠夺 | 绑架 | 抢劫 | 迫害 | 煽动 | 逮捕 | 窃取 | 暗杀 | 挟持 | 侵略 | 屠杀 | 侵犯 | 盗窃 | 侮辱 | 报复 | 收买 | 殴打 | 引诱 | 虐待 | 诈骗 | 背叛 | 怠工 | 劫持 | 攻击 | 企图 | 侵占 | 袭击 | 反抗 | 强占 | 扣留 | 藏匿 | 阻挠 | 威胁 | 欺诈 | 拉拢 | 出卖 | 剥削 | 侵害 | 搜查 | 扰乱 | 非法 | 间谍 | 贿赂 | 刁难 | 贪污 | 干涉 | 骗 | 无理 | 强盗 | 抢夺 | 犯罪 | 入侵 | 走私 | 封锁 | 同伙 | 偷窥 | 触犯 | 冒犯 | 恶意 | 贩卖 | 隐瞒 | 武力 | 打击 | 乘人之危 | 威慑 | 暴力 | 敌人 | 团伙 | 逃避 | 通缉 | 压迫 | 歧视 | 监视 | 伪造 | 妨害 | 霸占 | 土匪 | 扣押 | 偷 | 操纵 | 驱逐 | 伪装 | 伤害 | 掩护 | 黑手 | 武装 | 骚乱 | 偷看 | 分赃 | 帝国主义 | 编造 | 躲避 | 泄密 | 作弊 | 俘虏 | 轰炸 | 牵制 | 统治 | 抗议 | 假冒 | 倒卖 | 泄露 | 歹徒 | 受贿 | 冒充 | 滥用 | 侦察 | 示威 | 圈套 | 骗子 | 掩饰 | 分裂 | 涉嫌 | 拘留 | 势力 | 抄袭 | 盗 | 危害 | 误导 | 抵制 | 隐蔽 | 秘密 | 罪 | 抵抗 | 包围 | 借口 | 对抗 | 反击 | 占领 | 掩盖 | 倾销 | 躲藏 | 斗争 | 散布 | 进攻 | 投降 | 赌博 | 诱饵 | 违法 | 插手 | 拖延 | 犯 | 自卫 | 乔装 | 垄断 | 抗争 | 诱惑 | 瞒 | 兜售 | 虚假 | 隐藏 | 藏身 | 黑客 | 反 | 腐败 | 弄虚作假 | 瓜分 | 埋伏 | 造假 | 毒品 | 退让 | 搏斗 | 推卸 | 强加 | 机密 | 妥协 | 戒备 | 挑起 | 内幕 | 发动 | 退却 | 暴利 | 核武器 | 卷入 | 屈服 | 防卫 | 丑闻 | 推销 | 施压 | 罢工 | 隐私 | 招揽 | 可疑 | 看管 | 假 | 试探 | 违规 | 伙 | 牵扯 | 让步 | 施加 | 充当 | 牵涉 | 山寨 | 隐身 | 防御 | 战斗 | 保密 | 占有 | 隐形,206.57949427343672,0.8725965784584536,0.11271424722966152,盗窃:0.999521 | 侵占:0.999394 | 窃取:0.999384 | 敲诈:0.999370 | 攻击:0.999278 | 强占:0.999167 | 假冒:0.999033 | 殴打:0.998866 | 抢劫:0.998851 | 侵犯:0.998819 | 冒充:0.998786 | 骚扰:0.998524,战争:0.423592 | 被捕:0.406819 | 闹事:0.404638 | 抗拒:0.398123 | 歼灭:0.393351 | 武器:0.392823 | 干预:0.382531 | 炸弹:0.362257,0.42291418025182315,0.3642611683848797,0.08530805687203792
38,181,0.24412882437836744,0.028680109103349984,0.20994475138121546,构建 | 建立 | 遵循 | 着眼于 | 打造 | 确立 | 秉承 | 开辟 | 依托 | 着力 | 制定 | 搭建,充满 | 积淀 | 培养 | 找出 | 找到 | 寻觅 | 提倡 | 符合,展开 | 取得 | 肩负 | 瞄准 | 采取 | 沉淀 | 开拓 | 集结 | 以 | 抓住 | 找到 | 伴随,构建 | 建立 | 遵循 | 着眼于 | 打造 | 确立 | 秉承 | 开辟 | 依托 | 着力 | 制定 | 搭建 | 树立 | 引入 | 借助 | 立足 | 开创 | 采用 | 开展 | 包含 | 运用 | 具备 | 形成 | 组建 | 基于 | 探索 | 制订 | 创造 | 采取 | 提供 | 设立 | 致力于 | 拥有 | 拓展 | 创建 | 具有 | 创立 | 孕育 | 开拓 | 围绕 | 注重 | 顺应 | 开设 | 培育 | 涵盖 | 汇集 | 汇聚 | 推出 | 融入 | 凝聚 | 推进 | 赋予 | 发挥 | 挖掘 | 掌握 | 瞄准 | 凭借 | 塑造 | 本着 | 造就 | 营造 | 依靠 | 倡导 | 蕴涵 | 推行 | 开办 | 吸纳 | 贯彻 | 积累 | 通过 | 寻求 | 利用 | 实行 | 奠定 | 蕴藏 | 承载 | 担负 | 探求 | 有着 | 获得 | 培养 | 创办 | 引进 | 着重 | 吸取 | 着眼 | 设置 | 占据 | 成立 | 拟定 | 侧重 | 寻找 | 获取 | 取得 | 依照 | 保留 | 抓住 | 涉及 | 承担 | 积淀 | 针对 | 兼顾 | 凭着 | 搜集 | 面向 | 开启 | 从事 | 进行 | 按照 | 借鉴 | 遵照 | 专注 | 根据 | 肩负 | 诞生 | 覆盖 | 享有 | 纳入 | 把握 | 依据 | 提倡 | 聚集 | 摸索 | 投身 | 牢牢 | 找到 | 贯穿 | 含有 | 酝酿 | 构成 | 添加 | 包括 | 注入 | 增添 | 来源于 | 首创 | 用于 | 参照 | 展开 | 扎根 | 提炼 | 找出 | 遍布 | 带有 | 符合 | 容纳 | 源于 | 以 | 伴随 | 捕捉 | 列入 | 设定 | 吸收 | 组成 | 充满 | 发掘 | 适用 | 寻觅 | 借用 | 集结 | 设 | 透过 | 加入 | 沉淀 | 锁定 | 得到 | 集中 | 列为 | 集合 | 埋藏 | 出自 | 留下 | 定为 | 改为 | 附带 | 来自 | 由 | 含 | 萌发 | 按 | 依,177.86152619572292,0.8806154484546942,0.11625774337697072,寻找:0.999660 | 按照:0.999279 | 汇聚:0.998945 | 开辟:0.998932 | 秉承:0.998830 | 汇集:0.998820 | 打造:0.998732 | 建立:0.998558 | 包含:0.998539 | 涵盖:0.996333 | 借助:0.996069 | 凭借:0.995906,得益于:0.446444 | 启动:0.420569 | 成为:0.402087 | 实现:0.387698 | 分为:0.370273 | 实施:0.352915 | 占有:0.334948 | 称为:0.305361,0.3270697102760115,0.24150943396226415,0.12154696132596685
39,314,0.3035756944531314,0.06559521607613178,0.13694267515923567,妹妹 | 姐姐 | 姑姑 | 母亲 | 哥哥 | 舅舅 | 嫂子 | 闺女 | 女儿 | 妈妈 | 媳妇 | 爸爸,青春期 | 魔鬼 | 老年 | 生育 | 失恋 | 孕妇 | 出息 | 表白,大伙儿 | 情侣 | 老板 | 绯闻 | 爷爷 | 父亲 | 新娘 | 女孩儿 | 分手 | 夫人 | 家伙 | 英雄,妹妹 | 姐姐 | 姑姑 | 母亲 | 哥哥 | 舅舅 | 嫂子 | 闺女 | 女儿 | 妈妈 | 媳妇 | 爸爸 | 老婆 | 父亲 | 儿子 | 弟弟 | 奶奶 | 父母 | 伯母 | 姥姥 | 大姐 | 爸 | 叔叔 | 爷爷 | 孩子 | 丈夫 | 孙女 | 长辈 | 妻子 | 爹 | 老公 | 姥爷 | 伯父 | 妈 | 姑娘 | 男朋友 | 祖母 | 大哥 | 女朋友 | 外婆 | 家人 | 亲戚 | 阿姨 | 太太 | 老太太 | 爱人 | 小孩儿 | 她 | 岳父 | 岳母 | 女婿 | 男人 | 大爷 | 继父 | 继母 | 女孩儿 | 朋友 | 外公 | 老头儿 | 老人 | 姐 | 女人 | 大人 | 亲人 | 孙子 | 娘 | 妹 | 老伴儿 | 儿女 | 伯伯 | 寡妇 | 丫头 | 师父 | 邻居 | 同学 | 老乡 | 小伙子 | 老人家 | 男孩儿 | 亲生 | 姨 | 姐妹 | 母女 | 大妈 | 他 | 老汉 | 弟 | 两口子 | 同伴 | 女生 | 她们 | 同事 | 情人 | 徒弟 | 恩人 | 男生 | 老师 | 子女 | 师傅 | 新娘 | 小朋友 | 娶 | 祖父 | 仇人 | 帅哥 | 父女 | 亲友 | 人家 | 保姆 | 胖子 | 家里 | 一家人 | 人缘儿 | 结婚 | 俩 | 小姐 | 宝宝 | 少女 | 亲朋好友 | 新郎 | 友人 | 家伙 | 好心人 | 主妇 | 老家 | 别人 | 主人 | 战友 | 家长 | 夫人 | 疯子 | 朋友们 | 母子 | 乡亲 | 老王 | 女 | 年迈 | 乡下 | 夫妇 | 熟人 | 老大 | 夫妻 | 老板 | 嫁 | 娃娃 | 小时候 | 乞丐 | 辈 | 大款 | 公主 | 护士 | 好友 | 抚养 | 皇上 | 老朋友 | 全家 | 男 | 美女 | 家属 | 宝贝 | 路人 | 亲属 | 少年 | 小王 | 童年 | 仙女 | 哥 | 知己 | 情侣 | 皇帝 | 父子 | 双胞胎 | 独身 | 弟子 | 木匠 | 美人 | 富翁 | 众人 | 兄弟 | 前辈 | 大夫 | 离婚 | 上司 | 王后 | 伴侣 | 家境 | 男士 | 妇女 | 巫婆 | 长大 | 人 | 孕妇 | 年纪 | 相依为命 | 成家 | 岁数 | 孤儿 | 房东 | 普通人 | 师长 | 异性 | 怀孕 | 从小 | 岁 | 中年 | 收养 | 女子 | 赡养 | 自己 | 管教 | 领养 | 单身 | 订婚 | 嫁妆 | 和尚 | 大伙儿 | 恋爱 | 王子 | 出息 | 男子 | 婴儿 | 大腕儿 | 子弟 | 好人 | 大家 | 家乡 | 婚姻 | 们 | 帮手 | 收留 | 女士 | 求婚 | 绅士 | 素不相识 | 诸位 | 皇后 | 新人 | 阎王 | 亲 | 家庭 | 神仙 | 去世 | 成年 | 年轻 | 分手 | 女性 | 将军 | 失恋 | 男性 | 富豪 | 酒鬼 | 先生 | 晚年 | 生前 | 您 | 表白 | 配偶 | 看护 | 孪生 | 同胞 | 本人 | 上班族 | 盲人 | 门当户对 | 小卒 | 僧人 | 故乡 | 老 | 男女 | 他人 | 名人 | 乞讨 | 大师 | 儿童 | 能人 | 对方 | 英雄 | 管家 | 迷 | 杀手 | 白领 | 皇室 | 流浪 | 菩萨 | 各位 | 主 | 接班人 | 出生 | 青春期 | 君子 | 高龄 | 同行 | 新手 | 残疾人 | 年龄 | 王 | 成人 | 出头 | 青少年 | 早年 | 绯闻 | 母 | 未成年人 | 魔鬼 | 接班 | 者 | 老年 | 出身 | 行家 | 生育 | 族 | 天使 | 星座 | 位,324.7831123384461,0.8961444445674502,0.08578885155298496,舅舅:1.000000 | 弟弟:1.000000 | 妹妹:0.999999 | 姑姑:0.999999 | 母亲:0.999999 | 女儿:0.999999 | 儿子:0.999999 | 父亲:0.999999 | 哥哥:0.999999 | 奶奶:0.999999 | 姐姐:0.999998 | 孙女:0.999998,伙伴:0.438798 | 小偷儿:0.438592 | 穷人:0.416355 | 华裔:0.409344 | 班长:0.398200 | 影迷:0.395948 | 歌迷:0.365462 | 国王:0.361329,0.7538172053520297,0.6738544474393531,0.732484076433121
40,151,0.27711730251011424,0.036080396351853346,0.18543046357615894,丧生 | 遇难 | 失踪 | 遇险 | 受伤 | 逃走 | 重伤 | 伤亡 | 倒塌 | 死亡 | 营救 | 毁灭,走投无路 | 杀 | 终结 | 苏醒 | 害 | 报仇 | 完蛋 | 挽回,逃生 | 灭 | 遗留 | 应急 | 紧急 | 惨重 | 性命 | 报仇 | 失效 | 幸免 | 灾区 | 牺牲,丧生 | 遇难 | 失踪 | 遇险 | 受伤 | 逃走 | 重伤 | 伤亡 | 倒塌 | 死亡 | 营救 | 毁灭 | 灾难 | 毁坏 | 救 | 逃跑 | 惨重 | 解救 | 抢救 | 烧毁 | 车祸 | 火灾 | 幸存 | 呼救 | 救援 | 救治 | 水灾 | 浩劫 | 逃亡 | 自杀 | 逃生 | 爆炸 | 不幸 | 被捕 | 事故 | 出事 | 拯救 | 灾害 | 危急 | 摧毁 | 重创 | 着火 | 遭殃 | 遗弃 | 崩溃 | 求救 | 灭绝 | 无家可归 | 无辜 | 幸免 | 灭亡 | 损坏 | 倒下 | 挽救 | 悲剧 | 撤离 | 毁 | 瘟疫 | 受害 | 人质 | 死 | 性命 | 开枪 | 疏散 | 凶手 | 脱身 | 旱灾 | 伤员 | 厄运 | 搜救 | 救助 | 损失 | 报仇 | 逃 | 受灾 | 歼灭 | 空难 | 遭受 | 废墟 | 牺牲 | 迷路 | 杀 | 避难 | 停电 | 受骗 | 尸体 | 海啸 | 瘫痪 | 解体 | 丢失 | 枪毙 | 地震 | 破灭 | 走投无路 | 危机 | 哗变 | 泄漏 | 千钧一发 | 倒闭 | 危险 | 灾 | 求助 | 救命 | 破产 | 紧急 | 故障 | 完蛋 | 丢弃 | 补救 | 失败 | 斩草除根 | 苏醒 | 遗忘 | 挽回 | 打捞 | 解围 | 化险为夷 | 害 | 失灵 | 出走 | 致命 | 遗体 | 突发 | 搁浅 | 复活 | 摇摇欲坠 | 劫 | 出动 | 面目全非 | 救灾 | 搜寻 | 掉队 | 发生 | 遭到 | 遭遇 | 重建 | 复原 | 破案 | 灭 | 事件 | 埋没 | 下落 | 灾区 | 特大 | 亡羊补牢 | 不翼而飞 | 失效 | 应急 | 遗留 | 水落石出 | 终结,146.1564026163229,0.8894838649560429,0.09977400447340008,遇难:0.999893 | 营救:0.999833 | 丧生:0.999724 | 火灾:0.999555 | 烧毁:0.999455 | 解救:0.999442 | 遇险:0.999378 | 失踪:0.999332 | 救援:0.999292 | 伤亡:0.999284 | 事故:0.999239 | 毁坏:0.999224,防汛:0.298557 | 报警:0.291207 | 祸害:0.263354 | 损:0.230071 | 末日:0.213021 | 骚乱:0.211772 | 不辞而别:0.210544 | 倾家荡产:0.209046,0.3579011158991786,0.09642857142857143,0.046357615894039736
41,328,0.3132173351003421,0.07518208576679508,0.14329268292682926,米饭 | 汁 | 豆浆 | 果酱 | 豆腐 | 果汁 | 酸奶 | 橙汁 | 面条儿 | 牛奶 | 醋 | 粥,锈 | 洗 | 粘 | 涂 | 宰 | 呛 | 灌 | 闷,放水 | 好吃 | 奶 | 糊 | 姜 | 口 | 皮 | 酱 | 馒头 | 葡萄酒 | 保质期 | 闷,米饭 | 汁 | 豆浆 | 果酱 | 豆腐 | 果汁 | 酸奶 | 橙汁 | 面条儿 | 牛奶 | 醋 | 粥 | 酱 | 煮 | 肉 | 薯片 | 蜂蜜 | 佐料 | 香油 | 卤味 | 香肠 | 饼干 | 饼 | 烤 | 馅儿 | 罐头 | 红薯 | 芝士 | 酥 | 调料 | 甜 | 辣椒 | 薯条 | 炖 | 饺子 | 酱油 | 水果 | 可口 | 馒头 | 菜 | 蘸 | 南瓜 | 海鲜 | 拌 | 砂糖 | 茄子 | 西红柿 | 烤肉 | 吃 | 碗 | 好吃 | 包子 | 白菜 | 面包 | 黄瓜 | 口感 | 饭 | 红茶 | 巧克力 | 汤圆 | 涮 | 开水 | 香味 | 柿子 | 鲜美 | 煎 | 汤 | 喝 | 汽水 | 奶茶 | 嚼 | 食物 | 火锅 | 面粉 | 蒜 | 豆制品 | 香料 | 点心 | 红酒 | 蒸 | 葱 | 勺 | 咖啡 | 冰棍儿 | 茶 | 饮料 | 脆 | 火腿 | 糊 | 虾 | 香 | 绿茶 | 辣 | 鸡蛋 | 土豆 | 腥 | 糖 | 桂花 | 香蕉 | 烫 | 椰子 | 蔬菜 | 花生 | 美味 | 味精 | 奶 | 可乐 | 萝卜 | 蘑菇 | 主食 | 烧烤 | 麻辣 | 零食 | 锅 | 莲子 | 番茄 | 味道 | 寿司 | 核桃 | 食用 | 凉水 | 热腾腾 | 小吃 | 搅拌 | 烹调 | 西瓜 | 风味 | 茶叶 | 烤鸭 | 豆子 | 熟 | 啤酒 | 方便面 | 酒 | 电饭锅 | 洗衣粉 | 口味 | 熬 | 糖果 | 三明治 | 枣 | 味儿 | 嫩 | 月饼 | 煲 | 粽子 | 咸 | 矿泉水 | 冻 | 淀粉 | 盐 | 纯净水 | 泡 | 大米 | 口香糖 | 中餐 | 蛋糕 | 热水 | 馋 | 淋 | 沐浴露 | 酸 | 熏 | 蜜 | 渣子 | 盒饭 | 西餐 | 蛋 | 冷水 | 梨 | 葡萄 | 稠 | 早餐 | 榨 | 冷冻 | 泥 | 食品 | 品尝 | 喂 | 药水 | 水 | 海藻 | 快餐 | 药片 | 沏 | 瓜 | 素食 | 凉 | 牙膏 | 糟 | 鲜 | 菊花 | 葡萄酒 | 美食 | 饱 | 掺 | 浇 | 浸泡 | 喜糖 | 上火 | 营养 | 瓜子 | 新鲜 | 蜡 | 烧 | 酒精 | 餐 | 芝麻 | 微波炉 | 油 | 洗涤剂 | 特产 | 粉 | 炒 | 加热 | 麻 | 黏 | 橘子 | 蛋白质 | 玫瑰 | 粪 | 烟 | 炭 | 酿造 | 酒水 | 筋 | 料理 | 奶粉 | 泥土 | 粘 | 乳制品 | 烘干 | 毫升 | 洗 | 气泡 | 醉 | 液体 | 闷 | 滴 | 保鲜 | 适量 | 富含 | 肥 | 常温 | 尿 | 水产品 | 气味 | 沙子 | 腐烂 | 渴 | 溶解 | 保质期 | 呛 | 热量 | 火候 | 香烟 | 臭 | 冰 | 尝 | 盆 | 原料 | 烂 | 发酵 | 钙 | 姜 | 白酒 | 变质 | 正宗 | 制品 | 水分 | 灌 | 饮食 | 一锅粥 | 浓 | 饿 | 冲洗 | 粪便 | 皮 | 百合 | 稀 | 湿 | 剂 | 膳食 | 丸 | 维生素 | 均匀 | 渗 | 摊 | 霜 | 纤维 | 涂 | 饮用水 | 自来水 | 脏 | 敷 | 鲜花 | 灰 | 外卖 | 浓缩 | 顿 | 素 | 含量 | 氧气 | 地道 | 胶囊 | 口 | 饮水 | 丁 | 氧 | 海绵 | 品 | 锈 | 苹果 | 样 | 汗 | 杂 | 宰 | 泡沫 | 成分 | 堆 | 放水 | 残 | 气 | 耐 | 茅台 | 充 | 真空 | 废,341.8276055086212,0.8904609944929605,0.08602590441097539,米饭:0.999991 | 薯条:0.999987 | 豆浆:0.999983 | 牛奶:0.999982 | 酸奶:0.999979 | 果汁:0.999974 | 调料:0.999971 | 橙汁:0.999971 | 佐料:0.999969 | 芝士:0.999968 | 粥:0.999965 | 炖:0.999965,口水:0.472972 | 爽:0.464530 | 炸:0.453261 | 沾:0.437425 | 厨师:0.418530 | 瓶:0.411777 | 吸:0.400935 | 丝:0.397041,0.7513119879497712,0.6957671957671958,0.7560975609756098
42,135,0.260470602400245,0.030504776490207518,0.2814814814814815,儒家 | 古代 | 习俗 | 信仰 | 传承 | 儒学 | 佛教 | 渊源 | 道教 | 风俗 | 宗教 | 民俗,神秘 | 源泉 | 迷信 | 称呼 | 现实 | 科学 | 灌输 | 原理,学说 | 渊源 | 宫廷 | 佛教 | 中华 | 用法 | 惯例 | 文明 | 遗产 | 谜底 | 主义 | 奥秘,儒家 | 古代 | 习俗 | 信仰 | 传承 | 儒学 | 佛教 | 渊源 | 道教 | 风俗 | 宗教 | 民俗 | 起源 | 古老 | 传说 | 祖先 | 古人 | 瑰宝 | 哲学 | 古典 | 近代 | 神话 | 祖宗 | 后人 | 学说 | 茶道 | 中华民族 | 精髓 | 伦理 | 圣贤 | 造纸术 | 文人 | 子孙 | 国学 | 俗语 | 迷信 | 俗 | 伊斯兰教 | 封建 | 姓氏 | 涵义 | 崇尚 | 印刷术 | 基督教 | 后裔 | 悠久 | 弘扬 | 传人 | 后代 | 血缘 | 教条 | 谜语 | 失传 | 相传 | 礼仪 | 文化 | 内涵 | 来历 | 世袭 | 朝代 | 根深蒂固 | 流传 | 宝库 | 约定俗成 | 发源地 | 祖传 | 发扬光大 | 人类 | 经典 | 遗产 | 规矩 | 禁忌 | 象征 | 由来 | 风水 | 古今中外 | 真理 | 奥秘 | 宝藏 | 抽象 | 含义 | 传奇 | 人文 | 传统 | 历史 | 文明 | 寓意 | 世代 | 当代 | 继承 | 宫廷 | 理论 | 神秘 | 称呼 | 事物 | 科学 | 家族 | 化身 | 人情 | 主义 | 占卜 | 上帝 | 进化 | 复兴 | 常识 | 发明 | 泰斗 | 天主教 | 中华 | 原理 | 元素 | 谜 | 祖籍 | 土生土长 | 国宝 | 精华 | 原始 | 灌输 | 俗话 | 谜团 | 源泉 | 国情 | 姓 | 分支 | 一代 | 谜底 | 比喻 | 外号 | 结晶 | 现实 | 叫作 | 绰号 | 惯例 | 摇篮 | 用法,136.7283744385469,0.8603651021642567,0.1286038167804772,习俗:0.999932 | 风俗:0.999692 | 起源:0.999526 | 传承:0.998939 | 渊源:0.998579 | 瑰宝:0.998337 | 古人:0.998227 | 传说:0.998107 | 相传:0.998099 | 祖传:0.997243 | 儒家:0.997122 | 宝库:0.996765,派别:0.410107 | 种族:0.380732 | 学问:0.367728 | 称作:0.365025 | 皇室:0.342512 | 古:0.341624 | 西方:0.337264 | 民族:0.335247,0.30691926593065705,0.17567567567567569,0.11851851851851852
43,176,0.29964038885383204,0.043629812375577365,0.14204545454545456,敬重 | 感激 | 祝福 | 敬佩 | 感谢 | 敬意 | 衷心 | 尊敬 | 怀念 | 钦佩 | 祝愿 | 祝贺,祭祀 | 呐喊 | 呼声 | 热衷 | 亲热 | 叫好 | 心爱 | 同感,赞赏 | 慰劳 | 亲热 | 看中 | 启发 | 关心 | 指点 | 深切 | 好意 | 挂念 | 宠爱 | 渴望,敬重 | 感激 | 祝福 | 敬佩 | 感谢 | 敬意 | 衷心 | 尊敬 | 怀念 | 钦佩 | 祝愿 | 祝贺 | 赞美 | 赞许 | 挂念 | 问候 | 夸奖 | 亲爱 | 赞扬 | 想念 | 同情 | 敬爱 | 安慰 | 庆贺 | 谢谢 | 感恩 | 热爱 | 体谅 | 关怀 | 报答 | 佩服 | 爱护 | 思念 | 欢呼 | 称赞 | 缅怀 | 崇拜 | 期盼 | 致敬 | 牵挂 | 赞赏 | 期待 | 关心 | 悼念 | 珍重 | 由衷 | 关爱 | 盼望 | 关照 | 尊重 | 敬礼 | 好意 | 欣赏 | 祝 | 拥护 | 保佑 | 宠爱 | 渴望 | 鼓掌 | 向往 | 惦记 | 欢迎 | 信任 | 铭记 | 孝敬 | 珍视 | 表扬 | 鞠躬 | 同感 | 歌颂 | 信赖 | 祭奠 | 亲切 | 喜爱 | 陪伴 | 送别 | 深切 | 赐教 | 保重 | 祈祷 | 宽恕 | 好感 | 转达 | 珍惜 | 爱惜 | 转告 | 恩惠 | 喝彩 | 慰问 | 亲热 | 热烈 | 敬酒 | 亲近 | 探望 | 掌声 | 敬 | 一路平安 | 瞻仰 | 久仰 | 认同 | 期望 | 照顾 | 拜见 | 捧场 | 送行 | 送给 | 希望 | 呼唤 | 慰劳 | 赞同 | 鞭策 | 喜欢 | 指教 | 恭喜 | 留念 | 贺电 | 鼓舞 | 呵护 | 干杯 | 看望 | 爱 | 握手 | 拥抱 | 恩赐 | 光临 | 怀着 | 认可 | 托付 | 念念不忘 | 请坐 | 关注 | 庆祝 | 过奖 | 怀抱 | 寄托 | 好评 | 纪念 | 晚安 | 奢望 | 共鸣 | 重视 | 指点 | 心想事成 | 此致 | 追求 | 呐喊 | 亲密 | 好运 | 盼 | 再见 | 看重 | 一路顺风 | 加油 | 迎接 | 支持 | 叫好 | 照料 | 助威 | 启发 | 守护 | 供奉 | 心爱 | 赐 | 哺育 | 祭 | 求 | 祭祀 | 看好 | 望 | 礼 | 效仿 | 追逐 | 反响 | 热衷 | 呼声 | 看中,172.4710171837272,0.9009634865436671,0.09327019208591979,祝愿:0.999923 | 祝贺:0.999856 | 祝福:0.999830 | 祝:0.999760 | 感谢:0.999739 | 赞扬:0.999569 | 祭奠:0.999361 | 敬礼:0.999238 | 致敬:0.999231 | 庆贺:0.999162 | 悼念:0.999149 | 期盼:0.998765,表彰:0.414014 | 感动:0.372251 | 招待:0.355025 | 赞叹:0.322837 | 贺信:0.322462 | 感兴趣:0.304598 | 无微不至:0.275337 | 看得起:0.210563,0.4105038869143146,0.19112627986348124,0.056818181818181816
44,285,0.21504798930739435,-0.01595594919618441,0.6807017543859649,羊 | 鹅 | 桃树 | 蛇 | 猫 | 虫子 | 柏树 | 鱼 | 棵 | 松树 | 母鸡 | 兔,栽 | 平方米 | 厘米 | 大棚 | 邪 | 酷 | 件 | 树梢,份 | 〇 | 闲 | 鸟 | 柏树 | 番 | 产 | 鹰 | 野生 | 格 | 母鸡 | 根,羊 | 鹅 | 桃树 | 蛇 | 猫 | 虫子 | 柏树 | 鱼 | 棵 | 松树 | 母鸡 | 兔 | 果树 | 草 | 青蛙 | 杨树 | 狗 | 鸡 | 鸭子 | 鹿 | 鸟 | 公鸡 | 竹子 | 柳树 | 蜜蜂 | 株 | 猪 | 桃 | 野生 | 鼠 | 鸽子 | 树叶 | 树木 | 家禽 | 槐树 | 树 | 猴 | 龟 | 仙鹤 | 庄稼 | 牲畜 | 狼 | 叶子 | 禾苗 | 饲养 | 狮子 | 苗 | 奶牛 | 水稻 | 芽 | 荷花 | 石头 | 植物 | 动物 | 昆虫 | 害虫 | 野兽 | 饲料 | 茎 | 天鹅 | 繁殖 | 大雁 | 小麦 | 树梢 | 蚊子 | 燕子 | 鳄鱼 | 枝 | 猩猩 | 豹 | 养 | 妖怪 | 作物 | 野 | 奇花异草 | 农作物 | 花卉 | 鲨鱼 | 喂养 | 牡丹 | 鹰 | 珍珠 | 杂交 | 牛 | 亩 | 棉花 | 玉米 | 大象 | 虎 | 鬼 | 卵 | 稻草 | 花瓣 | 养殖 | 肥料 | 木材 | 玉 | 果园 | 怪物 | 梅花 | 土 | 斤 | 马 | 栽 | 苍蝇 | 根 | 匹 | 贝壳 | 宝石 | 骏马 | 桃花 | 药材 | 猎犬 | 翅膀 | 棉 | 名贵 | 粒 | 种植 | 栽培 | 果实 | 金子 | 恐龙 | 尾巴 | 田 | 宠物 | 大熊猫 | 芦花 | 毛 | 公顷 | 驯 | 粮食 | 朵 | 熊 | 龙 | 化肥 | 青 | 公斤 | 一头 | 生长 | 灵 | 猎人 | 缕 | 种子 | 千克 | 大棚 | 铃 | 水晶 | 花 | 耕地 | 尺 | 丝 | 灌溉 | 生物 | 丰收 | 土壤 | 开花 | 神 | 人造 | 巨型 | 生 | 厘米 | 温室 | 钢 | 凤凰 | 铅 | 铜 | 金 | 飞 | 胎 | 炼 | 产 | 子 | 银 | 玄 | 魂 | 嫦娥 | 开垦 | 闲 | 煤 | 化石 | 佛 | 颗 | 铁 | 光 | 幻影 | 宝 | 傲 | 立方 | 巨人 | 担 | 天然 | 洋 | 块 | 宠 | 农产品 | 孵化 | 磅 | 锡 | 立方米 | 增产 | 群 | 格 | 瓦 | 货 | 枚 | 帆 | 邪 | 人工 | 外星人 | 片 | 米 | 水泥 | 俊 | 坛 | 良 | 润 | 农业 | 如意 | 两栖 | 碳 | 节水 | 桶 | 阴 | 公 | 寸 | 吨 | 腾 | 矿 | 马力 | 克隆 | 古 | 酷 | 克 | 铝 | 毫米 | 桩 | 再生 | 焦 | 云 | 开采 | 小 | 石油 | 吉利 | 景 | 条 | 红眼 | 收获 | 圈 | 采矿 | 业 | 美 | 双 | 德 | 番 | 袖珍 | 件 | 罗 | 料 | 平方米 | 丙 | 科 | 兹 | 社 | 电 | 千 | 棒 | 宗 | 甲 | 台 | 太平 | 蒙 | 国 | 核 | 方 | 库 | 证 | 九 | 乐 | 代 | 网 | 支 | 套 | 副 | 份 | 〇,279.44955516180636,0.7447989479766687,0.21264454087192602,株:0.999780 | 棵:0.999742 | 蜜蜂:0.999323 | 狮子:0.999311 | 青蛙:0.999269 | 猴:0.999194 | 桃树:0.999118 | 饲养:0.999024 | 鸟:0.998982 | 鼠:0.998805 | 果树:0.998790 | 蛇:0.998691,泉:0.464997 | 菊花:0.439501 | 肥:0.428396 | 天使:0.395265 | 鲜花:0.388783 | 万:0.372550 | 种:0.368113 | 树枝:0.359667,0.4235144414338227,0.2076923076923077,0.24561403508771928
45,241,0.2461795235046673,0.026197731500561084,0.35269709543568467,山岭 | 丘陵 | 海岸 | 峡谷 | 沿岸 | 平原 | 北部 | 山区 | 山谷 | 湖泊 | 南部 | 河流,物体 | 离 | 流水 | 树荫 | 长征 | 尽头 | 天上 | 地狱,物体 | 瀑布 | 北 | 运河 | 地下 | 堤坝 | 坡 | 航天 | 城乡 | 海 | 地区 | 山冈,山岭 | 丘陵 | 海岸 | 峡谷 | 沿岸 | 平原 | 北部 | 山区 | 山谷 | 湖泊 | 南部 | 河流 | 山坡 | 海面 | 沼泽 | 沙漠 | 树林 | 山顶 | 海边 | 海滨 | 东边 | 山峰 | 辽阔 | 岛屿 | 茂密 | 西边 | 海滩 | 北边 | 村庄 | 水域 | 陆地 | 南边 | 高山 | 大海 | 礁石 | 湖 | 草原 | 地带 | 海域 | 荒凉 | 河 | 高原 | 东南 | 地形 | 沿海 | 森林 | 雪山 | 小溪 | 东部 | 山 | 沙滩 | 偏远 | 流域 | 海拔 | 郊外 | 戈壁 | 偏僻 | 堤坝 | 边境 | 山川 | 中部 | 丛林 | 海湾 | 岩石 | 西北 | 悬崖 | 池塘 | 僻静 | 上空 | 市区 | 郊区 | 边远 | 连绵 | 岸 | 西部 | 沟 | 河畔 | 水库 | 肥沃 | 深处 | 水源 | 岸上 | 半岛 | 海底 | 水面 | 海洋 | 纬度 | 西南 | 坝 | 交界 | 瀑布 | 海水 | 运河 | 岛 | 草地 | 山冈 | 树荫 | 坡 | 地段 | 城镇 | 地区 | 乡村 | 大地 | 边疆 | 地下水 | 地域 | 境内 | 国土 | 地面 | 滨海 | 沿线 | 矿藏 | 地球 | 气候 | 牧场 | 冰雪 | 海峡 | 地质 | 北极 | 区域 | 平坦 | 堤 | 城区 | 火山 | 南北 | 月球 | 北 | 城市 | 领土 | 远方 | 洞 | 稠密 | 东北 | 遥远 | 边界 | 乡 | 首府 | 南极 | 纵横交错 | 环绕 | 土地 | 北方 | 坐落 | 热带 | 野外 | 通往 | 南 | 周边 | 西 | 海 | 村 | 冰山 | 地理 | 纵深 | 蓝天 | 城乡 | 角落 | 一带 | 陡 | 大自然 | 城 | 边缘 | 附近 | 空中 | 经度 | 地方 | 东 | 无边 | 江 | 县 | 尽头 | 地下 | 天上 | 都市 | 狭窄 | 农村 | 高空 | 水利 | 区 | 狭小 | 陨石 | 镇 | 屯 | 祖国 | 勘探 | 宇宙 | 首都 | 位于 | 荆棘 | 气象 | 大陆 | 天堂 | 家园 | 南方 | 两岸 | 距 | 汪洋 | 太空 | 天地 | 禁区 | 泉 | 时空 | 全长 | 面积 | 距离 | 自然界 | 地点 | 辐射 | 世界 | 井 | 环 | 处 | 市 | 电网 | 荒 | 地狱 | 省 | 东方 | 金字塔 | 一线 | 长城 | 天文 | 物体 | 位置 | 临 | 中央 | 底层 | 离 | 局部 | 港 | 流水 | 航天 | 所在 | 一道 | 险 | 极限 | 内外 | 线 | 小康 | 广 | 长征,251.28188064589344,0.8371045566558719,0.14155205472216575,北部:0.999980 | 南部:0.999958 | 偏僻:0.999858 | 偏远:0.999834 | 东南:0.999773 | 丘陵:0.999673 | 山区:0.999451 | 中部:0.999394 | 山岭:0.999299 | 沿岸:0.999251 | 东部:0.999243 | 西北:0.999227,土壤:0.482059 | 小路:0.467971 | 环境:0.377913 | 四周:0.377786 | 核:0.367679 | 大道:0.350299 | 遍布:0.340566 | 远处:0.336642,0.6182626654408924,0.3629242819843342,0.4979253112033195
46,167,0.2505202273398231,0.02208324632554291,0.25149700598802394,文字 | 书 | 抄写 | 书籍 | 稿子 | 字典 | 画册 | 写 | 本子 | 便条 | 字体 | 论文,贵重 | 礼物 | 珍贵 | 潦草 | 实物 | 一句话 | 东西 | 国旗,括弧 | 汉字 | 生平 | 标示 | 专著 | 公开信 | 请帖 | 字体 | 编写 | 名著 | 繁体字 | 简称,文字 | 书 | 抄写 | 书籍 | 稿子 | 字典 | 画册 | 写 | 本子 | 便条 | 字体 | 论文 | 文章 | 传记 | 著作 | 信件 | 句子 | 封面 | 错别字 | 日记 | 字迹 | 名字 | 繁体字 | 笔记 | 文献 | 名著 | 词语 | 符号 | 词典 | 词汇 | 书写 | 表格 | 专著 | 简体字 | 回信 | 词 | 名言 | 回忆录 | 标语 | 辞典 | 刊物 | 汉字 | 贺卡 | 字 | 篇 | 册 | 地名 | 启事 | 邮票 | 印章 | 记号 | 撰写 | 出版 | 专栏 | 帖子 | 篇幅 | 报刊 | 手册 | 记载 | 百科全书 | 公函 | 请帖 | 对联 | 标题 | 字眼 | 报纸 | 字母 | 刊登 | 签名 | 标签 | 告示 | 答案 | 请柬 | 图书 | 潦草 | 杂志 | 开场白 | 名片 | 外文 | 遗嘱 | 译 | 简历 | 编写 | 留言 | 锦旗 | 礼物 | 张贴 | 公开信 | 图表 | 读音 | 括弧 | 页 | 来信 | 成语 | 姓名 | 社论 | 资料 | 填写 | 一句话 | 开头 | 图纸 | 博客 | 括号 | 档案 | 藏品 | 引用 | 公式 | 投稿 | 全文 | 句 | 标示 | 主编 | 大意 | 国徽 | 事迹 | 口号 | 作者 | 评论 | 音节 | 简短 | 遗物 | 序 | 珍藏 | 收藏 | 牌子 | 旗帜 | 礼品 | 记录 | 说明书 | 印 | 生平 | 出版社 | 商标 | 刻 | 转载 | 名称 | 编号 | 标志 | 招牌 | 物证 | 吉祥物 | 东西 | 版 | 概论 | 珍贵 | 国旗 | 目录 | 封 | 记 | 标本 | 指南 | 省略 | 文物 | 第一手 | 卷 | 章 | 简介 | 代号 | 命名 | 出土 | 实物 | 简称 | 概况 | 贵重 | 改名 | 作 | 参见,163.20114125493782,0.8357258367562783,0.14127189966861992,字迹:0.998975 | 标语:0.997881 | 字母:0.996712 | 珍藏:0.995807 | 字:0.995724 | 张贴:0.995046 | 括号:0.994981 | 书写:0.994766 | 字眼:0.994762 | 书籍:0.994652 | 记号:0.994140 | 标志:0.993563,海报:0.445995 | 问卷:0.422635 | 信封:0.396874 | 编:0.378838 | 题目:0.361418 | 电子版:0.358587 | 结尾:0.351918 | 内容:0.303078,0.2343090717299578,0.20476190476190476,0.19161676646706588
47,295,0.29176590714503636,0.0477085544485025,0.2,袜子 | 衣架 | 衣服 | 裤子 | 梳子 | 拖鞋 | 毛衣 | 毯子 | 裙子 | 大衣 | 水壶 | 拉锁,装扮 | 叉 | 披 | 盖 | 剃 | 炸弹 | 铸造 | 点火,剪刀 | 背包 | 焊 | 裤子 | 瓶 | 电线 | 罐 | 圆珠笔 | 口子 | 铲子 | 照明 | 鼓,袜子 | 衣架 | 衣服 | 裤子 | 梳子 | 拖鞋 | 毛衣 | 毯子 | 裙子 | 大衣 | 水壶 | 拉锁 | 箱子 | 垫子 | 围巾 | 鞋 | 毛巾 | 衬衣 | 外套 | 椅子 | 皮鞋 | 凳子 | 钳子 | 枕头 | 杯子 | 窗帘 | 绳子 | 皮包 | 衬衫 | 手套 | 刷子 | 上衣 | 柜子 | 扇子 | 牙刷 | 剪子 | 被子 | 蚊帐 | 剪刀 | 领带 | 脸盆 | 雨衣 | 凉鞋 | 纽扣 | 帐子 | 手帕 | 短裤 | 棍子 | 藤椅 | 帘子 | 木板 | 书包 | 皮带 | 叉子 | 竹竿 | 球鞋 | 牛仔裤 | 瓶子 | 睡袋 | 把手 | 西装 | 筷子 | 铅笔 | 羽绒服 | 桌子 | 地毯 | 肥皂 | 圆珠笔 | 背心 | 铲子 | 内衣 | 钢笔 | 绷带 | 帽子 | 木头 | 沙发 | 靴子 | 橡皮 | 兜儿 | 火柴 | 高跟鞋 | 台灯 | 盒子 | 吸管 | 项链 | 抽屉 | 背包 | 口罩 | 灯泡 | 辫子 | 卡子 | 盖子 | 首饰 | 胶带 | 梯子 | 马桶 | 钉 | 头发 | 伞 | 镜子 | 钉子 | 旗袍 | 螺丝 | 罩 | 电线 | 家具 | 树枝 | 毛笔 | 球拍 | 眼镜 | 水管 | 指甲 | 钩子 | 灯笼 | 拐杖 | 筐 | 船桨 | 棍 | 花瓶 | 穿着 | 蜡烛 | 文具 | 筒 | 枪 | 戒指 | 玩具 | 易拉罐 | 袋 | 禅杖 | 缝 | 服装 | 手表 | 尼龙 | 炉子 | 礼服 | 地板 | 柱子 | 工艺品 | 绣 | 水槽 | 口袋 | 盘子 | 架子 | 刺绣 | 刀 | 尺子 | 塑料袋 | 瓶 | 款式 | 穿 | 管子 | 砖 | 漆 | 垫 | 塑料 | 挎 | 灯 | 针 | 物品 | 透气 | 子弹 | 水龙头 | 斧子 | 笼子 | 手枪 | 香水 | 纱 | 墨水 | 轮子 | 电灯 | 罐 | 锯 | 笔记本 | 用品 | 瓷 | 弓 | 捆 | 梳 | 扇 | 保暖 | 洗衣机 | 壶 | 瓷器 | 外衣 | 箱 | 丝绸 | 炉灶 | 钩 | 纸 | 包 | 后备箱 | 风筝 | 玻璃 | 胶水 | 发型 | 婚纱 | 戴 | 服饰 | 化妆 | 配件 | 理发 | 道具 | 火药 | 温度计 | 制服 | 冰箱 | 盒 | 轮胎 | 气球 | 秤 | 布 | 箭 | 胡子 | 锤子 | 剃 | 装饰 | 框 | 古董 | 织 | 随身 | 硬币 | 折叠 | 焊 | 装扮 | 杠铃 | 陶瓷 | 器械 | 炸药 | 打扮 | 热水器 | 珠宝 | 束 | 器材 | 鼓 | 摆设 | 时装 | 剑 | 阀门 | 肩 | 算盘 | 琴 | 盖 | 雕刻 | 弹 | 手工 | 武器 | 饭碗 | 包装 | 包裹 | 炸弹 | 电器 | 绝缘 | 盏 | 杆 | 缸 | 皮球 | 发电机 | 橡胶 | 染 | 锁 | 空调 | 彩电 | 雕 | 膜 | 金属 | 钻石 | 担子 | 串 | 口子 | 纺织 | 化纤 | 靶子 | 包袱 | 槽 | 家用 | 印刷 | 家电 | 窑 | 弦 | 一身 | 叉 | 壳 | 板 | 混凝土 | 拳 | 照明 | 铸造 | 非金属 | 机械 | 炮 | 点火 | 墨 | 服 | 披 | 天平,300.96310327123285,0.8682355846831334,0.10619835422480593,大衣:1.000000 | 衬衣:0.999999 | 外套:0.999999 | 衬衫:0.999999 | 毛衣:0.999999 | 裤子:0.999998 | 上衣:0.999998 | 裙子:0.999998 | 围巾:0.999998 | 短裤:0.999996 | 衣服:0.999995 | 领带:0.999995,石头:0.472958 | 脚:0.467038 | 帐篷:0.466349 | 棺材:0.464919 | 沐浴露:0.462017 | 床:0.458057 | 密封:0.443882 | 件:0.429824,0.5474604457639678,0.33773087071240104,0.39322033898305087
48,225,0.26537657093351275,0.03300067292597156,0.28888888888888886,解释 | 阐述 | 反驳 | 表述 | 猜测 | 推断 | 分析 | 揣测 | 判断 | 推测 | 断定 | 叙述,深思 | 领悟 | 道歉 | 察觉 | 预感 | 倾听 | 坦白 | 谴责,否定 | 辩护 | 表达 | 总结 | 讲解 | 质疑 | 疑问 | 简要 | 得知 | 察觉 | 传闻 | 举例,解释 | 阐述 | 反驳 | 表述 | 猜测 | 推断 | 分析 | 揣测 | 判断 | 推测 | 断定 | 叙述 | 理解 | 论述 | 回答 | 追问 | 证实 | 解读 | 辩解 | 结论 | 讨论 | 描述 | 探讨 | 反问 | 否认 | 谈论 | 预言 | 总结 | 判定 | 思考 | 怀疑 | 承认 | 议论 | 质疑 | 问 | 质问 | 询问 | 指出 | 介绍 | 指责 | 论证 | 求证 | 揭示 | 揭露 | 陈述 | 反思 | 解答 | 回应 | 归纳 | 否定 | 列举 | 告诉 | 猜想 | 评判 | 抨击 | 证明 | 概括 | 认为 | 表达 | 预测 | 批评 | 争论 | 明白 | 强调 | 思索 | 审视 | 看法 | 揣摩 | 澄清 | 透露 | 定论 | 确信 | 了解 | 认识 | 说法 | 验证 | 表示 | 讲 | 答复 | 谈 | 反映 | 揭发 | 评价 | 印证 | 看出 | 提问 | 解析 | 提出 | 估算 | 推算 | 见解 | 分辨 | 设想 | 讲述 | 认定 | 暗示 | 谈到 | 提到 | 定义 | 举例 | 描绘 | 交代 | 琢磨 | 表态 | 核实 | 界定 | 观察 | 说明 | 假定 | 得知 | 确认 | 测算 | 研究 | 坚信 | 疑问 | 讲解 | 推敲 | 领会 | 辨别 | 表明 | 宣称 | 声称 | 正视 | 观点 | 告知 | 事实 | 梳理 | 检讨 | 预见 | 打听 | 看待 | 请教 | 假设 | 察觉 | 提醒 | 重申 | 得出 | 发现 | 批判 | 确定 | 权衡 | 辩护 | 衡量 | 预感 | 展示 | 谴责 | 形容 | 报道 | 深思 | 想象 | 考量 | 考虑 | 宣扬 | 证据 | 反省 | 深信 | 发觉 | 猜 | 评估 | 调查 | 回顾 | 查明 | 传言 | 引经据典 | 谈起 | 预料 | 领悟 | 主张 | 真相 | 来龙去脉 | 推理 | 言论 | 勾画 | 展现 | 统计 | 传达 | 显示 | 辨认 | 答 | 通报 | 畅谈 | 反应 | 简要 | 坦白 | 体现 | 标榜 | 回复 | 仔细 | 对待 | 道歉 | 提示 | 传闻 | 粗略 | 真假 | 计算 | 倾听 | 展望 | 鉴别 | 评定 | 如实 | 报告 | 查出 | 谣言 | 此事 | 补充 | 点名 | 查 | 获悉 | 点评 | 建议 | 预示 | 话题 | 立场 | 议 | 消息 | 分享 | 参考 | 矛头 | 推荐 | 自称 | 还原 | 追溯 | 传出 | 记者 | 关于,221.5668978879282,0.8839845494447094,0.1069793663633218,推断:0.999982 | 阐述:0.999959 | 推测:0.999959 | 猜测:0.999933 | 判断:0.999821 | 证实:0.999789 | 解释:0.999756 | 判定:0.999677 | 宣称:0.999565 | 传言:0.999476 | 谈论:0.999465 | 评判:0.999425,说:0.456737 | 汇报:0.448575 | 相信:0.425106 | 理由:0.391781 | 评论:0.390592 | 归结:0.373926 | 意见:0.334606 | 声明:0.288677,0.5114413085531122,0.4180602006688963,0.5111111111111111
49,155,0.2766668587184544,0.04137051895400669,0.12258064516129032,恰当 | 准确 | 可靠 | 完备 | 合理 | 清晰 | 顺畅 | 严谨 | 扎实 | 坚实 | 精确 | 细致,灵巧 | 宽阔 | 乐观 | 双赢 | 保守 | 恰到好处 | 谨慎 | 精妙,简单 | 有力 | 坚固 | 乐观 | 成功 | 完整 | 广阔 | 慎重 | 正规 | 合乎 | 宽阔 | 有效,恰当 | 准确 | 可靠 | 完备 | 合理 | 清晰 | 顺畅 | 严谨 | 扎实 | 坚实 | 精确 | 细致 | 严密 | 高效 | 贴切 | 详尽 | 正确 | 稳妥 | 便捷 | 丰富 | 出色 | 妥当 | 透彻 | 灵活 | 完善 | 稳固 | 良好 | 通畅 | 稳健 | 灵敏 | 充足 | 完整 | 精细 | 健全 | 严格 | 牢固 | 得当 | 过硬 | 合适 | 明智 | 有力 | 宽泛 | 快捷 | 雄厚 | 周密 | 精妙 | 确切 | 确凿 | 成熟 | 充分 | 宽广 | 敏锐 | 广阔 | 可观 | 合乎 | 可行 | 方便 | 强大 | 充沛 | 熟练 | 合情合理 | 简单 | 齐全 | 巧妙 | 直观 | 开阔 | 明朗 | 周到 | 清楚 | 强劲 | 宽阔 | 坚固 | 稳定 | 优良 | 明确 | 平稳 | 妥善 | 畅通 | 精练 | 有序 | 出众 | 广泛 | 可信 | 规范 | 得力 | 深刻 | 有效 | 恰如其分 | 灵巧 | 高超 | 优越 | 管用 | 深厚 | 讲究 | 高明 | 慎重 | 优异 | 丰厚 | 客观 | 适宜 | 足够 | 谨慎 | 超前 | 真实 | 优秀 | 合法 | 丰硕 | 有利 | 长足 | 突出 | 有用 | 持久 | 适当 | 恰到好处 | 通顺 | 到位 | 适度 | 深入 | 顺利 | 乐观 | 面面俱到 | 实用 | 自如 | 良性 | 有的放矢 | 敏捷 | 得天独厚 | 有益 | 卓越 | 长远 | 便利 | 万无一失 | 均衡 | 贴近 | 圆满 | 充实 | 安全 | 长效 | 快速 | 奏效 | 适合 | 正常 | 详细 | 完好 | 正规 | 理想 | 循序渐进 | 一流 | 成功 | 一目了然 | 灵通 | 简易 | 见效 | 保守 | 双赢,154.9312096128113,0.9090076906856097,0.0886969630894093,准确:0.999617 | 完备:0.999556 | 可靠:0.999526 | 通畅:0.999303 | 雄厚:0.999239 | 严密:0.999147 | 恰当:0.998697 | 精确:0.998463 | 便捷:0.998344 | 详尽:0.998284 | 充足:0.997945 | 灵敏:0.997893,完美:0.394106 | 杰出:0.350983 | 必要:0.328511 | 最佳:0.319318 | 全方位:0.287161 | 发达:0.282478 | 通俗:0.260361 | 深远:0.254175,0.6050398682481763,0.23024054982817868,0.3419354838709677
