token,community
〇,0
一,0
一一,0
一下子,0
一不小心,0
一举,0
一举一动,1
一事无成,1
一些,0
一代,2
一会儿,0
一体,3
一共,0
一再,0
一切,0
一刹那,0
一动不动,1
一半,0
一卡通,3
一口气,0
一句话,1
一同,0
一向,0
一味,0
一块儿,0
一塌糊涂,1
一声不吭,1
一大早,0
一天到晚,0
一头,4
一如既往,0
一定,0
一家人,2
一帆风顺,1
一带,5
一干二净,1
一年到头,0
一应俱全,1
一度,0
一律,0
一心,1
一心一意,1
一成不变,1
一手,4
一技之长,1
一把手,2
一揽子,3
一方面,0
一旁,5
一无所有,1
一无所知,1
一旦,0
一早,0
一时,0
一晃,0
一样,0
一概,0
一概而论,0
一模一样,0
一次性,3
一毛不拔,1
一流,1
一点儿,0
一生,1
一番,0
一目了然,1
一直,0
一眼,1
一瞬间,0
一筹莫展,1
一系列,0
一线,5
一经,0
一致,0
一般,0
一般来说,0
一行,2
一言一行,1
一言不发,1
一贯,0
一起,0
一路,5
一路上,5
一路平安,1
一路顺风,1
一身,4
一辈子,0
一边,0
一连,0
一连串,0
一道,0
一部分,0
一锅粥,4
一长一短,4
一阵,0
一面,0
一鼓作气,1
一齐,0
丁,4
七,0
七嘴八舌,1
万,0
万一,0
万万,0
万分,1
万古长青,1
万无一失,1
万能,1
丈夫,2
三,0
三明治,4
三番五次,0
三维,2
三角,4
上,5
上下,5
上个月,0
上任,2
上升,3
上午,0
上去,5
上台,2
上司,2
上周,0
上场,2
上头,5
上学,2
上岗,2
上市,3
上帝,1
上当,1
上报,3
上方,5
上旬,0
上映,2
上期,0
上来,5
上楼,5
上次,0
上流,2
上涨,3
上游,3
上演,3
上火,4
上班,0
上班族,2
上瘾,1
上空,5
上级,2
上网,2
上衣,4
上诉,3
上课,2
上调,3
上车,5
上边,5
上述,0
上门,5
上限,3
上面,5
下,5
下一代,2
下个月,0
下乡,5
下令,3
下决心,0
下功夫,1
下午,0
下去,0
下台,2
下场,1
下坠,4
下属,2
下山,5
下岗,2
下意识,0
下手,1
下旬,0
下期,0
下来,0
下棋,2
下楼,5
下次,0
下海,5
下游,3
下班,0
下级,2
下落,3
下课,2
下调,3
下跌,3
下车,5
下载,2
下边,5
下降,3
下雨,4
下雪,4
下面,5
不,0
不一会儿,0
不一定,0
不为人知,1
不久,0
不了了之,1
不予,3
不亚于,0
不亦乐乎,1
不仅,0
不仅仅,0
不以为然,1
不但,0
不便,1
不值,1
不假思索,0
不停,0
不像话,0
不光,0
不免,0
不再,0
不准,0
不利,1
不利于,0
不可思议,1
不可避免,0
不同,0
不同寻常,1
不在乎,1
不堪,1
不够,0
不大,0
不好意思,1
不如,0
不如说,0
不妨,0
不安,1
不定,1
不宜,0
不容,0
不对,0
不少,0
不屑,1
不已,1
不平,1
不幸,1
不得不,0
不得了,0
不得已,0
不得而知,0
不必,0
不怎么,0
不怎么样,0
不惜,0
不慎,0
不懈,1
不成,0
不敢当,1
不料,0
不断,0
不时,0
不易,0
不景气,3
不曾,0
不服,1
不服气,1
不止,0
不正之风,3
不满,1
不然,0
不理,1
不用,0
不用说,0
不由得,0
不由自主,0
不相上下,0
不知,0
不知不觉,0
不禁,0
不算,0
不管,0
不约而同,0
不经意,0
不翼而飞,3
不耐烦,1
不耻下问,1
不肯,0
不能不,0
不至于,0
不良,3
不行,0
不要,0
不要紧,0
不见,0
不见得,0
不解,1
不许,0
不论,0
不起眼,1
不足,0
不辞而别,1
不过,0
不适,4
不通,1
不错,0
不难,0
不顾,1
与,0
与众不同,1
与其,0
与否,0
与日俱增,0
与时俱进,1
与此同时,0
丑,1
丑恶,1
丑闻,3
丑陋,1
专业,2
专人,3
专利,3
专制,3
专卖店,4
专家,2
专心,1
专柜,4
专栏,2
专注,1
专用,3
专程,2
专职,2
专著,2
专辑,2
专长,1
专门,0
专题,2
且,0
世代,2
世故,1
世界,5
世界杯,2
世界级,1
世纪,0
世袭,2
丘陵,5
丙,4
业,3
业余,2
业务,3
业绩,3
丛林,5
东,5
东北,5
东南,5
东奔西走,1
东张西望,1
东方,5
东西,4
东边,5
东道主,2
东部,5
丝,4
丝毫,0
丝绸,4
丢,4
丢人,1
丢失,3
丢弃,3
丢掉,3
丢脸,1
两,0
两侧,5
两口子,2
两岸,5
两手,4
两栖,5
两边,5
严,3
严厉,1
严密,1
严峻,1
严格,3
严禁,3
严肃,1
严谨,1
严重,1
丧失,3
丧生,3
个,0
个人,2
个体,2
个儿,1
个别,0
个头儿,1
个子,1
个性,1
个案,3
丫头,2
中,5
中介,3
中医,4
中午,0
中华,2
中华民族,1
中国,5
中国画,2
中型,5
中外,5
中央,5
中奖,3
中学,2
中学生,2
中小学,2
中年,2
中庸,1
中心,3
中性,1
中文,2
中断,3
中旬,0
中期,0
中止,3
中毒,4
中秋节,0
中立,1
中等,2
中级,2
中药,4
中途,5
中部,5
中间,5
中餐,4
丰厚,1
丰富,1
丰富多彩,1
丰收,4
丰满,1
丰盛,4
丰硕,1
串,4
串门,5
临,5
临床,4
临时,3
临街,4
临近,0
丸,4
为,0
为主,0
为了,0
为人,1
为什么,0
为何,0
为期,0
为止,0
为此,0
为难,1
主,2
主义,1
主人,2
主人公,2
主任,2
主体,3
主力,3
主办,3
主动,0
主妇,2
主宰,3
主导,3
主席,2
主张,3
主意,1
主持,2
主持人,2
主权,3
主流,3
主演,2
主管,2
主编,2
主要,0
主观,1
主角,2
主页,2
主题,2
主题歌,2
主食,4
举,4
举一反三,1
举世无双,1
举世瞩目,1
举世闻名,1
举例,3
举办,3
举动,1
举手,1
举报,3
举措,1
举止,1
举行,3
举重,2
乃,0
乃至,0
久,4
久仰,1
久违,1
义务,3
义工,2
之,0
之一,0
之下,0
之中,5
之内,0
之前,0
之后,0
之外,0
之所以,0
之类,0
之间,0
乌云,4
乐,2
乐器,2
乐园,4
乐意,1
乐曲,2
乐观,1
乐趣,1
乐队,2
乒乓球,2
乔装,3
乖,1
乖巧,1
乘,5
乘人之危,1
乘坐,5
乘客,5
乘车,5
乙,4
九,0
乞丐,2
乞求,1
乞讨,2
也,0
也好,0
也就是说,0
也许,0
习俗,2
习惯,1
乡,5
乡下,5
乡亲,2
乡村,5
书,2
书写,2
书包,4
书店,4
书房,4
书架,4
书柜,4
书桌,4
书橱,4
书法,2
书籍,2
书记,2
书面,3
买,3
买不起,1
买卖,3
乱,1
乱七八糟,1
乳制品,4
了,0
了不起,1
了却,1
了结,3
了解,1
予以,3
争,1
争先恐后,0
争光,1
争分夺秒,0
争取,0
争吵,1
争夺,3
争执,1
争气,1
争端,3
争议,1
争论,1
事,1
事业,1
事件,1
事先,0
事务,3
事务所,3
事后,0
事宜,3
事实,1
事实上,0
事态,1
事情,1
事故,4
事物,1
事迹,1
事项,3
二,0
二手,3
二手车,5
二氧化碳,4
二维码,2
于,0
于是,0
亏,3
亏损,3
亏本,3
云,2
互信,1
互动,1
互助,3
互相,0
互联网,2
互补,3
互访,2
五,0
五星级,4
五花八门,1
五颜六色,4
井,4
亚军,2
亚运会,2
些,0
亡羊补牢,1
交,3
交付,3
交代,1
交叉,0
交响乐,2
交头接耳,1
交往,1
交情,1
交换,3
交接,3
交易,3
交替,0
交朋友,1
交流,1
交涉,3
交界,5
交纳,3
交给,3
交警,5
交谈,1
交费,3
交通,5
交锋,1
交际,2
交集,1
亦,0
产,4
产业,3
产值,3
产品,3
产地,3
产物,1
产生,3
产量,3
亩,4
享,1
享受,1
享有,3
京剧,2
亮,4
亮丽,1
亮点,1
亮相,2
亲,2
亲人,2
亲切,1
亲友,2
亲和力,1
亲密,1
亲属,2
亲情,1
亲戚,2
亲手,0
亲朋好友,2
亲热,1
亲爱,1
亲生,2
亲眼,1
亲自,0
亲身,1
亲近,1
人,2
人为,1
人事,2
人们,2
人体,4
人力,3
人口,2
人员,2
人品,1
人均,3
人士,2
人家,2
人工,4
人工智能,2
人性,1
人情,1
人手,3
人才,2
人数,3
人文,1
人权,3
人格,1
人次,5
人民,2
人民币,3
人气,1
人物,2
人生,1
人类,2
人缘儿,1
人群,2
人行道,5
人质,3
人身,3
人选,2
人造,4
人道,1
人间,1
亿,0
什么,0
什么样,0
仁慈,1
仅,0
仅仅,0
仅次于,0
仇,1
仇人,2
仇恨,1
今后,0
今天,0
今年,0
今日,0
介于,0
介入,3
介意,1
介绍,3
仍,0
仍旧,0
仍然,0
从,0
从不,0
从业,2
从中,0
从事,3
从今以后,0
从前,0
从头,0
从容,1
从容不迫,1
从小,2
从早到晚,0
从未,0
从来,0
从来不,0
从此,0
从没,0
从而,0
仓库,4
仔细,1
他,2
他人,2
他们,2
付,3
付出,3
付款,3
付费,3
仙女,2
仙鹤,4
代,2
代价,3
代号,2
代替,3
代理,3
代理人,3
代表,2
代表团,2
代言人,2
令,0
以,0
以上,0
以下,0
以为,0
以便,0
以免,0
以内,0
以前,0
以及,0
以后,0
以外,0
以往,0
以来,0
以至于,0
以致,0
以身作则,1
仪器,4
仪式,2
仪表,4
们,2
仰,4
仲裁,3
件,4
价,3
价位,3
价值,3
价值观,1
价格,3
价钱,3
任,2
任人宰割,1
任何,0
任务,1
任命,2
任意,3
任期,2
任职,2
份,4
份额,3
仿,4
仿佛,0
仿制,4
企业,3
企图,3
伊斯兰教,2
休假,0
休克,4
休养,4
休息,4
休想,0
休眠,4
休闲,5
众人,2
众多,0
众志成城,1
众所周知,0
优,4
优先,0
优势,1
优化,3
优异,1
优惠,3
优点,1
优秀,1
优美,1
优良,1
优质,1
优越,1
优雅,1
伙,3
伙伴,2
伙食,4
会,0
会员,2
会场,2
会意,1
会晤,2
会见,2
会计,3
会议,2
会诊,4
会谈,2
会长,2
会面,2
伞,4
伟大,1
传,2
传人,2
传出,1
传奇,1
传媒,2
传承,2
传授,2
传播,3
传来,1
传染,4
传染病,4
传真,2
传统,1
传言,1
传记,2
传说,2
传输,2
传达,3
传递,3
传闻,1
伤,4
伤亡,4
伤势,4
伤口,4
伤员,4
伤害,3
伤心,1
伤感,1
伤残,4
伤痕,4
伤脑筋,1
伦理,1
伪装,3
伪造,3
伯伯,2
伯母,2
伯父,2
估算,3
估计,0
伴,4
伴侣,2
伴奏,2
伴随,0
伸,4
伸张,3
伸手,4
伸缩,4
伺候,1
伺机,3
似乎,0
似是而非,1
似曾相识,1
似的,0
但,0
但愿,0
但是,0
位,2
位于,5
位子,4
位置,5
低,3
低下,1
低于,0
低价,3
低估,3
低头,1
低温,4
低碳,4
低调,1
低谷,1
低迷,3
住,4
住址,2
住处,4
住宅,4
住宿,4
住户,4
住房,4
住院,4
佐料,4
体会,1
体制,3
体力,1
体操,2
体检,4
体温,4
体现,3
体积,4
体系,3
体育,2
体育场,4
体育馆,4
体能,2
体谅,1
体质,4
体贴,1
体重,4
体面,1
体验,1
何况,0
何处,0
何必,0
何时,0
何苦,0
余,0
余地,1
余额,3
佛,4
佛教,2
作,3
作业,2
作为,3
作出,3
作品,2
作客,2
作家,2
作对,1
作废,3
作弊,3
作战,3
作文,2
作物,4
作用,1
作者,2
作风,1
你,0
你们,0
佩服,1
佳节,0
使,0
使劲,4
使命,1
使唤,1
使得,0
使用,3
使者,2
侃大山,1
例外,0
例如,0
例子,1
侍候,1
供,3
供不应求,3
供奉,4
供应,3
供暖,4
供求,3
供给,3
依,0
依依不舍,1
依托,0
依据,0
依旧,0
依次,0
依法,3
依然,0
依照,0
依赖,0
依靠,0
侠义,1
侦察,3
侧,5
侧重,0
侧面,5
侮辱,3
侵占,3
侵害,3
侵权,3
侵犯,3
侵略,3
便,0
便于,0
便利,1
便利店,4
便宜,1
便捷,1
便是,0
便条,2
便道,5
便饭,4
促使,3
促成,3
促进,3
促销,3
俄语,2
俊,4
俊俏,1
俗,1
俗话,2
俗话说,0
俗语,2
俘获,3
俘虏,3
保,4
保佑,1
保修,3
保健,4
保养,4
保卫,3
保姆,2
保存,4
保守,1
保安,2
保密,3
保护,3
保持,0
保暖,4
保留,3
保管,3
保证,3
保质期,4
保重,1
保险,3
保障,3
保鲜,4
信,4
信仰,1
信件,2
信任,1
信号,2
信封,2
信心,1
信念,1
信息,3
信用,3
信用卡,3
信箱,2
信誉,1
信贷,3
信赖,1
俩,2
修,3
修养,1
修复,3
修建,3
修改,3
修正,3
修理,4
修补,4
修订,3
修路,5
修车,5
修长,1
俯首,1
俱乐部,2
倍,4
倒,4
倒下,4
倒卖,3
倒塌,4
倒数,2
倒是,0
倒计时,0
倒车,5
倒闭,3
倒霉,1
倔,1
倔强,1
倘若,0
候选人,2
倚,4
借,0
借助,0
借口,1
借条,3
借用,3
借鉴,1
倡导,3
倡议,3
债,3
债务,3
值,3
值得,1
值班,2
值钱,1
倾向,1
倾听,1
倾家荡产,1
倾斜,3
倾诉,1
倾销,3
假,3
假使,0
假冒,3
假如,0
假定,3
假日,0
假期,0
假装,1
假设,3
偏,0
偏偏,0
偏僻,5
偏向,0
偏差,1
偏方,4
偏见,1
偏远,5
做,3
做到,3
做客,2
做梦,1
做法,1
做生意,2
做饭,4
停,4
停下,5
停业,3
停放,5
停止,3
停泊,5
停电,4
停留,0
停车,5
停车位,5
停车场,5
停顿,1
健全,3
健壮,1
健康,4
健美,2
健身,2
偶像,2
偶尔,0
偶然,0
偷,3
偷偷,0
偷懒,1
偷看,1
偷窥,3
偿还,3
傍晚,0
储备,3
储存,4
储蓄,3
催,1
催促,1
催眠,4
傲,4
傲慢,1
傻,1
傻瓜,1
像,0
像样,1
僧人,2
僵,4
僵化,1
僵局,1
僻静,5
儒学,2
儒家,2
儿女,2
儿子,2
儿科,4
儿童,2
允许,3
元,4
元宵节,0
元旦,0
元素,4
元老,2
元首,2
兄弟,2
充,4
充分,1
充实,1
充当,3
充沛,1
充满,1
充电,5
充电器,2
充足,1
兆头,1
先,0
先例,1
先前,0
先后,0
先天,1
先生,2
先进,1
先锋,1
光,4
光临,2
光彩,1
光明,1
光明磊落,1
光泽,4
光滑,4
光环,1
光盘,2
光碟,2
光线,4
光缆,4
光芒,1
光荣,1
光辉,1
光顾,1
克,4
克制,1
克服,3
克隆,4
免,3
免不了,0
免得,0
免疫,4
免职,2
免费,3
免除,3
兑换,3
兑现,3
兔,4
党,1
兜,4
兜儿,4
兜售,3
兢兢业业,1
入,5
入侵,3
入口,4
入场,2
入场券,2
入境,5
入学,2
入手,0
入选,2
入门,2
全,0
全世界,5
全体,2
全力,0
全力以赴,1
全国,5
全场,2
全家,2
全局,1
全年,0
全心全意,1
全文,2
全新,1
全方位,0
全球,5
全程,5
全能,2
全身,4
全部,0
全都,0
全长,5
全面,0
八,0
八卦,1
公,2
公主,2
公事,1
公交车,5
公仆,1
公众,2
公元,0
公共,5
公共场所,4
公共汽车,5
公关,2
公函,2
公务,5
公务员,2
公司,3
公告,3
公园,5
公墓,4
公安,3
公安局,3
公寓,4
公布,3
公平,1
公开,3
公开信,2
公式,2
公斤,4
公款,3
公正,1
公民,2
公然,3
公用,4
公益,3
公益性,3
公示,3
公积金,3
公立,2
公约,3
公职,2
公认,1
公证,3
公费,2
公路,5
公车,5
公道,1
公里,5
公顷,4
公鸡,4
六,0
共,0
共享,5
共同,3
共同体,3
共性,1
共有,0
共计,0
共识,1
共鸣,1
关,4
关上,4
关于,0
关头,1
关心,1
关怀,1
关掉,4
关机,2
关注,1
关照,1
关爱,1
关税,3
关系,1
关联,0
关节,4
关键,1
关闭,3
兴奋,1
兴奋剂,4
兴建,3
兴旺,1
兴致,1
兴起,3
兴趣,1
兴高采烈,1
兵,2
其,0
其中,0
其他,0
其余,0
其后,0
其实,0
其次,0
其间,0
具体,0
具备,3
具有,0
典型,1
典礼,2
典范,1
兹,4
养,4
养成,1
养殖,4
养活,1
养生,4
养老,3
养老金,3
养老院,4
兼,2
兼任,2
兼容,3
兼职,2
兼顾,3
内,5
内向,1
内在,1
内地,5
内外,5
内存,2
内容,2
内幕,3
内心,1
内涵,1
内科,4
内行,1
内衣,4
内部,5
内阁,2
内需,3
册,2
再,0
再三,1
再也,0
再度,0
再次,0
再现,3
再生,4
再见,1
再说,0
冒,4
冒充,3
冒昧,1
冒犯,1
冒险,1
冗长,1
写,2
写作,2
写字台,4
写字楼,4
写照,1
军事,3
军人,2
军官,2
军舰,5
军队,3
农业,4
农产品,4
农作物,4
农历,0
农场,4
农村,5
农民,2
农民工,2
冠军,2
冤,1
冤枉,1
冬天,0
冬季,0
冰,4
冰山,5
冰棍儿,4
冰箱,4
冰雪,5
冲,4
冲击,3
冲刺,2
冲动,1
冲撞,4
冲洗,4
冲浪,5
冲突,1
决不,0
决定,3
决心,1
决策,3
决议,3
决赛,2
况且,0
冷,4
冷冻,4
冷战,3
冷气,4
冷水,4
冷淡,1
冷漠,1
冷笑,1
冷落,1
冷酷,1
冷酷无情,1
冷门,1
冷静,1
冻,4
冻结,3
净,3
净化,4
凄凉,1
准,3
准则,3
准备,0
准时,0
准确,1
准许,3
凉,4
凉快,4
凉水,4
凉爽,4
凉鞋,4
凌晨,0
减,3
减免,3
减压,4
减少,3
减弱,3
减肥,4
减轻,3
减速,5
凑,4
凑合,0
凑巧,1
凝固,4
凝聚,3
几,0
几乎,0
几率,3
凡,0
凡是,0
凤凰,4
凭,0
凭借,0
凭着,0
凭证,3
凯歌,1
凳子,4
凶,1
凶恶,1
凶手,3
凶残,1
凶狠,1
凶猛,1
凸,4
凸显,3
凹,4
出,3
出丑,1
出事,1
出于,0
出人意料,1
出任,2
出众,1
出入,5
出具,3
出动,3
出卖,3
出厂,3
出去,5
出发,5
出发点,1
出口,3
出口成章,1
出台,3
出名,1
出售,3
出国,5
出土,4
出场,2
出境,5
出头,1
出局,2
出山,5
出差,5
出席,2
出息,1
出手,3
出来,0
出毛病,1
出汗,4
出洋相,1
出游,5
出演,2
出版,2
出版社,2
出现,3
出生,2
出示,3
出租,3
出租车,5
出自,0
出色,1
出血,4
出行,5
出访,2
出资,3
出走,5
出路,1
出身,2
出道,2
出门,5
出院,4
出难题,1
出面,3
出风头,1
函授,2
凿,4
刀,4
刁难,1
分,2
分为,3
分享,1
分别,0
分割,3
分化,3
分外,0
分寸,1
分工,3
分布,3
分开,0
分成,3
分手,2
分担,3
分支,3
分散,3
分数,2
分明,1
分析,3
分歧,1
分泌,4
分离,3
分类,3
分红,3
分组,2
分裂,3
分解,3
分赃,3
分辨,3
分配,3
分量,4
分钟,0
切,4
切割,4
切实,0
切断,3
切身,1
切除,4
刊物,2
刊登,2
刑法,3
划,4
划分,3
划时代,1
划算,1
划船,5
列,5
列为,3
列举,3
列入,3
列车,5
则,0
刚,0
刚刚,0
刚好,0
刚才,0
刚毅,1
创,3
创业,2
创伤,4
创作,2
创办,3
创始人,2
创建,3
创意,1
创新,3
创立,3
创造,3
初,0
初一,0
初中,2
初期,0
初次,0
初步,0
初等,2
初级,2
初衷,1
删,2
删除,2
判,3
判决,3
判处,3
判定,3
判断,3
刨,4
利,4
利害,1
利息,3
利润,3
利率,3
利用,3
利益,3
利索,1
别,0
别人,2
别具匠心,1
别墅,4
别扭,1
别的,0
别致,1
别说,0
刮,4
刮风,4
到,5
到位,1
到处,0
到头来,0
到底,0
到期,3
到来,0
到达,5
制,4
制作,2
制品,4
制定,3
制度,3
制成,4
制服,4
制止,3
制约,3
制裁,3
制订,3
制造,3
刷,4
刷子,4
刷新,3
刷牙,4
券,3
刹车,5
刺,4
刺激,3
刺绣,4
刺耳,1
刺骨,4
刻,4
刻意,0
刻舟求剑,1
刻苦,1
剂,4
剃,4
削,4
削弱,3
前,0
前不久,0
前仰后合,1
前任,2
前台,4
前后,0
前夕,0
前天,0
前头,5
前年,0
前往,5
前所未有,1
前提,1
前方,5
前无古人,1
前景,1
前期,0
前来,5
前沿,1
前线,5
前者,0
前赴后继,1
前辈,2
前边,5
前进,1
前途,1
前面,5
剑,4
剔除,3
剥,4
剥削,3
剥夺,3
剧,2
剧团,2
剧场,2
剧情,2
剧本,2
剧烈,1
剧目,2
剧组,2
剧院,2
剩,4
剩下,0
剩余,0
剪,4
剪刀,4
剪子,4
副,2
副作用,4
割,4
劈,4
力,1
力不从心,1
力争,0
力度,1
力所能及,1
力气,1
力求,0
力量,1
劝,1
劝告,1
劝说,1
劝阻,1
办,3
办不到,0
办事,1
办事处,2
办公,4
办公室,4
办学,2
办法,1
办理,3
功,1
功力,1
功劳,1
功夫,1
功底,1
功效,4
功率,4
功能,3
功臣,2
功课,2
加,4
加上,0
加以,0
加入,3
加剧,3
加工,4
加强,3
加快,3
加油,1
加油站,4
加深,3
加热,4
加班,0
加盟,2
加紧,0
加速,3
加重,3
务实,1
务必,0
劣势,1
劣质,3
动,4
动不动,0
动人,1
动作,1
动力,1
动向,1
动听,1
动员,3
动工,3
动弹,1
动态,3
动感,1
动手,0
动摇,1
动机,1
动物,4
动物园,4
动用,3
动画,2
动画片,2
动脉,4
动荡,1
动身,5
动静,1
助威,1
助手,2
助理,2
努力,1
劫,1
劫持,3
励志,1
劲头,1
劳务,3
劳动,2
劳动力,3
劳累,1
势不可当,1
势力,3
势头,1
势必,0
勇于,1
勇往直前,1
勇敢,1
勇气,1
勉强,0
勋章,2
勒,4
勘探,4
募捐,3
勤劳,1
勤奋,1
勤工俭学,2
勤快,1
勺,4
勾,4
勾画,3
勾结,3
勿,0
包,4
包含,3
包围,3
包子,4
包容,1
包扎,4
包括,0
包袱,4
包装,4
包裹,4
匆匆,0
匆忙,0
化,3
化妆,4
化石,4
化纤,4
化肥,4
化解,3
化身,1
化险为夷,1
化验,3
北,5
北京,5
北方,5
北极,5
北边,5
北部,5
匹,4
匹配,3
区,5
区分,3
区别,0
区域,5
医务,4
医学,4
医生,4
医疗,4
医药,4
医院,4
匿名,2
十,0
十分,0
十字路口,5
十足,1
千,0
千万,0
千克,4
千军万马,1
千变万化,1
千家万户,2
千方百计,0
千钧一发,1
升,3
升值,3
升学,2
升温,3
升级,3
升高,3
午睡,4
午餐,4
午饭,4
半,0
半信半疑,1
半决赛,2
半场,2
半夜,0
半天,0
半岛,5
半数,0
半真半假,1
半路,5
半边天,1
半途而废,1
华丽,1
华人,2
华侨,2
华裔,2
华语,2
协会,2
协作,3
协助,3
协同,3
协商,3
协定,3
协议,3
协议书,3
协调,3
卑鄙,1
卓越,1
单,3
单一,1
单位,2
单元,4
单打,2
单方面,3
单独,0
单纯,1
单薄,1
单调,1
单身,2
单边,3
卖,3
卖弄,1
南,5
南北,5
南方,5
南极,5
南瓜,4
南边,5
南部,5
博士,2
博客,2
博物馆,4
博览会,2
占,3
占卜,2
占据,3
占有,3
占用,3
占领,3
卡,3
卡子,4
卡片,2
卡车,5
卡通,2
卤味,4
卧,4
卧室,4
卧铺,5
卫星,5
卫生,4
卫生间,4
卫视,2
印,4
印刷,2
印刷术,2
印章,2
印证,3
印象,1
危及,3
危害,3
危急,1
危机,1
危险,1
即,0
即使,0
即便,0
即可,0
即将,0
却,0
却是,0
卵,4
卷,2
卷入,3
卷子,2
卸,4
厂,4
厂商,3
厂家,3
厂长,2
厄运,1
厅,4
历史,1
历届,2
历时,0
历来,0
历程,1
历经,1
厉害,1
压,4
压倒,3
压制,3
压力,1
压抑,1
压缩,3
压迫,3
厌倦,1
厌烦,1
厕所,4
厘米,4
厚,4
厚度,4
厚道,1
原,2
原先,0
原则,1
原创,2
原告,3
原因,1
原地,5
原型,2
原始,1
原料,4
原有,0
原本,0
原材料,3
原来,0
原汁原味,1
原理,1
原装,3
原谅,1
厨师,4
厨房,4
去,5
去世,2
去向,1
去处,1
去年,0
去掉,3
去除,3
县,5
参与,3
参军,2
参加,2
参展,2
参照,0
参考,3
参见,2
参观,2
参谋,2
参赛,2
又,0
叉,4
叉子,4
及,0
及其,0
及早,0
及时,0
及格,2
友人,2
友善,1
友好,1
友情,1
友谊,1
双,4
双向,3
双手,4
双打,2
双方,3
双胞胎,2
双赢,3
双边,3
双重,0
反,3
反倒,0
反击,3
反响,1
反复,0
反对,3
反差,1
反常,1
反应,1
反弹,3
反思,1
反感,1
反抗,3
反映,3
反正,0
反省,1
反而,0
反过来,0
反问,1
反面,1
反馈,3
反驳,1
发,4
发作,4
发光,4
发出,3
发动,3
发型,4
发射,5
发展,3
发布,3
发布会,2
发怒,1
发愁,1
发愣,1
发愤图强,1
发扬,1
发扬光大,1
发抖,1
发挥,3
发掘,3
发放,3
发明,3
发泄,1
发源地,1
发火,1
发炎,4
发烧,4
发热,4
发现,1
发生,3
发电,4
发电机,4
发病,4
发票,3
发育,4
发脾气,1
发行,3
发表,2
发觉,1
发言,2
发言人,2
发誓,1
发财,1
发起,3
发起人,3
发达,1
发送,2
发酵,4
叔叔,2
取,4
取代,3
取决于,0
取得,3
取暖,4
取款,3
取款机,3
取消,3
取笑,1
取经,2
取缔,3
取而代之,0
取胜,2
受,1
受不了,1
受伤,4
受到,3
受害,3
受害人,3
受惊,1
受灾,4
受理,3
受益,3
受苦,1
受贿,3
受过,1
受骗,3
变,3
变为,3
变动,3
变化,3
变幻莫测,1
变异,4
变形,4
变成,3
变换,3
变更,3
变质,4
变迁,1
变革,3
叙述,3
叛逆,1
叠,4
口,4
口令,2
口号,1
口吃,4
口味,4
口哨,2
口头,1
口子,4
口径,4
口感,4
口才,1
口气,1
口水,4
口碑,1
口罩,4
口腔,4
口袋,4
口试,2
口语,2
口音,2
口香糖,4
古,4
古人,2
古今中外,2
古代,2
古典,2
古怪,1
古朴,1
古老,1
古董,4
古迹,4
句,2
句子,2
另,0
另一方面,0
另外,0
只,0
只不过,0
只好,0
只得,0
只是,0
只有,0
只管,0
只能,0
只要,0
只见,0
只顾,1
叫,0
叫作,3
叫好,1
叫板,1
召开,3
召集,3
叮嘱,1
可,0
可不是,0
可乐,4
可乘之机,1
可以,0
可信,1
可口,4
可怕,1
可怜,1
可恶,1
可悲,1
可惜,0
可想而知,0
可是,0
可歌可泣,1
可爱,1
可疑,1
可笑,1
可耻,1
可能,0
可行,1
可见,0
可观,1
可谓,0
可贵,1
可靠,1
台,4
台上,5
台灯,4
台球,2
台阶,4
台风,4
史无前例,1
右,4
右边,5
叶子,4
号,2
号召,3
号码,2
号称,0
司令,2
司机,5
司法,3
司空见惯,1
司长,2
叹气,1
叼,4
吃,4
吃不上,4
吃亏,1
吃力,1
吃喝玩乐,1
吃惊,1
吃苦,1
吃饭,4
各,0
各个,0
各位,2
各地,5
各奔前程,1
各式各样,0
各种,0
各自,0
合,4
合乎,1
合伙,3
合作,3
合作社,4
合同,3
合唱,2
合并,3
合影,2
合情合理,1
合成,4
合格,3
合法,3
合理,1
合约,3
合计,0
合资,3
合适,1
吉他,2
吉利,5
吉普,5
吉祥,1
吉祥物,2
吊,4
吊销,3
同,0
同一,0
同事,2
同人,2
同伙,3
同伴,2
同学,2
同年,0
同志,2
同情,1
同意,3
同感,1
同时,0
同期,0
同样,0
同步,0
同盟,3
同等,0
同类,0
同胞,2
同舟共济,1
同行,2
名,2
名义,3
名人,2
名利,1
名副其实,1
名单,2
名声,1
名字,2
名气,1
名片,2
名称,2
名胜,5
名著,2
名言,2
名誉,2
名贵,4
名额,2
后,0
后人,2
后代,2
后勤,3
后台,2
后备,3
后备箱,4
后天,0
后头,5
后年,0
后悔,1
后期,0
后来,0
后果,1
后盾,1
后续,0
后者,0
后裔,2
后边,5
后退,1
后遗症,4
后面,5
后顾之忧,1
吐,4
向,0
向上,3
向前,5
向导,2
向往,1
向来,0
向着,0
吓,1
吓人,1
吓唬,1
吗,0
君子,1
吞,4
否决,3
否则,0
否定,1
否认,3
吧,0
吨,4
吩咐,1
含,0
含义,1
含有,4
含糊,1
含蓄,1
含量,4
听,1
听从,1
听众,2
听写,2
听到,1
听力,2
听取,2
听见,1
听讲,2
听话,1
听说,1
启事,2
启动,3
启发,1
启示,1
启蒙,2
启迪,1
吵,1
吵嘴,1
吵架,1
吸,4
吸取,3
吸引,3
吸收,3
吸毒,3
吸烟,4
吸管,4
吸纳,3
吹,4
吹捧,1
吹牛,1
吻,4
吻合,0
吼,1
呀,0
呆,4
呈现,3
告,3
告别,1
告状,1
告知,1
告示,2
告诉,1
告诫,1
告辞,1
呐喊,1
呕吐,4
员,2
员工,2
呛,4
呜咽,1
呢,0
周,0
周到,1
周围,5
周密,1
周年,2
周旋,1
周期,3
周末,0
周边,5
味儿,4
味精,4
味道,4
呵护,1
呼吁,3
呼吸,4
呼唤,1
呼声,1
呼应,0
呼救,1
呼风唤雨,1
命,1
命令,3
命名,3
命运,1
命题,2
和,0
和尚,2
和平,1
和平共处,1
和气,1
和睦,1
和蔼,1
和解,3
和谐,1
咖啡,4
咧嘴,1
咨询,3
咬,4
咱,0
咱们,0
咳,4
咳嗽,4
咸,4
咽,4
咽喉,4
哀求,1
品,4
品位,1
品尝,4
品德,1
品牌,3
品种,3
品行,1
品质,1
哄,1
哄堂大笑,1
哆嗦,1
哇,0
哈哈,0
响,1
响亮,1
响声,1
响应,3
响起,1
哎,0
哎呀,0
哑,4
哗变,3
哗然,1
哥,2
哥哥,2
哦,0
哪,0
哪些,0
哪儿,0
哪怕,0
哪里,0
哭,1
哭泣,1
哭笑不得,1
哲学,2
哺育,1
哼,1
唉,0
唠叨,1
唤起,3
售价,3
售票,5
售货员,2
唯,0
唯一,0
唯独,0
唱,2
唱歌,2
唱片,2
唾液,4
啃,4
商业,3
商人,2
商务,3
商品,3
商场,4
商城,4
商店,4
商标,3
商讨,3
商贩,2
商贾,2
商量,1
啊,0
啤酒,4
啦,0
啦啦队,2
喂,4
喂养,4
善,1
善于,1
善意,1
善良,1
喇叭,2
喉咙,4
喊,1
喘,4
喘息,1
喜事,1
喜出望外,1
喜剧,2
喜好,1
喜庆,1
喜怒哀乐,1
喜悦,1
喜欢,1
喜洋洋,1
喜爱,1
喜糖,4
喜酒,4
喝,4
喝彩,1
喧哗,1
喧闹,1
喷,4
喷泉,4
嗅觉,1
嗓子,4
嗜好,1
嘉宾,2
嘉年华,2
嘛,0
嘱咐,1
嘲弄,1
嘲笑,1
嘴,4
嘴唇,4
嘴巴,4
嘿,0
器官,4
器材,4
器械,4
噪声,4
噪音,4
嚷,1
嚼,4
囚犯,2
四,0
四合院,4
四周,5
四处,5
四季,0
四面八方,5
回,5
回信,2
回到,5
回升,3
回去,0
回味,1
回国,5
回复,2
回头,1
回家,5
回应,1
回归,5
回忆,1
回忆录,2
回想,1
回扣,3
回报,3
回收,4
回来,5
回答,1
回落,3
回避,1
回顾,3
回馈,3
回首,1
因,0
因为,0
因人而异,0
因此,0
因素,1
因而,0
团,2
团伙,3
团体,2
团员,2
团圆,1
团结,1
团聚,2
团长,2
团队,2
园,4
园地,4
园林,4
困,4
困境,1
困惑,1
困扰,1
困难,1
围,4
围墙,4
围巾,4
围绕,0
固定,3
固执,1
固然,0
国,2
国产,3
国会,2
国内,5
国土,5
国外,5
国学,2
国宝,4
国家,5
国庆,0
国徽,2
国情,1
国旗,4
国有,3
国歌,2
国民,2
国王,2
国画,2
国籍,2
国防,3
国际,5
图,2
图书,2
图书馆,4
图像,2
图形,2
图案,4
图片,2
图画,2
图纸,2
图表,2
圆,4
圆形,4
圆满,1
圆珠笔,4
圈,4
圈套,3
圈子,2
土,4
土匪,3
土地,4
土壤,4
土生土长,1
土豆,4
圣诞节,0
圣贤,2
在,0
在乎,1
在于,0
在内,0
在场,2
在家,2
在意,1
在线,2
在职,2
地,1
地上,5
地下,5
地下室,4
地下水,4
地位,1
地区,5
地名,2
地图,2
地址,2
地域,5
地带,5
地形,5
地方,5
地板,4
地步,1
地段,5
地毯,4
地点,5
地狱,1
地球,5
地理,5
地质,5
地道,4
地铁,5
地铁站,5
地震,4
地面,5
场,2
场合,2
场地,5
场所,4
场景,2
场面,1
场馆,2
均匀,4
均衡,3
坏,1
坏事,1
坏人,1
坏处,1
坐,4
坐下,1
坐落,5
坑,4
块,4
坚信,1
坚决,1
坚固,1
坚守,1
坚定,1
坚实,1
坚强,1
坚持,0
坚持不懈,1
坚硬,4
坚韧,1
坛,4
坝,5
坟,4
坟墓,4
坠,4
坡,5
坦克,5
坦然,1
坦率,1
坦白,1
坦诚,1
垂,4
垂头丧气,1
垃圾,4
垄断,3
型,5
型号,3
垫,4
垫子,4
垫底,2
垮,4
埋,4
埋伏,3
埋怨,1
埋没,3
埋藏,4
城,5
城乡,5
城区,5
城墙,4
城市,5
城里,5
城镇,5
培养,3
培育,3
培训,2
培训班,2
基于,0
基准,3
基因,4
基地,3
基层,5
基本,0
基本上,0
基本功,1
基督教,2
基础,1
基金,3
堂,4
堆,4
堆砌,4
堕落,1
堡垒,3
堤,5
堤坝,5
堪称,0
堵,4
堵塞,3
堵车,5
塌,4
塑料,4
塑料袋,4
塑造,3
塔,4
塞,4
填,4
填充,4
填写,3
填空,2
填补,3
境内,5
境地,1
境外,5
境界,1
境遇,1
墓,4
墓地,4
墓碑,4
墙,4
墙壁,4
增,3
增产,4
增值,3
增加,3
增多,3
增大,3
增强,3
增收,3
增添,3
增进,3
增长,3
墨,4
墨水,4
壁画,2
士兵,2
士气,1
壮,1
壮丽,1
壮大,3
壮实,1
壮胆,1
壮观,1
声,1
声明,3
声望,1
声称,3
声誉,1
声音,1
壳,4
壶,4
处,5
处于,0
处分,3
处在,0
处境,1
处处,0
处方,4
处理,3
处罚,3
处置,3
处长,2
备受,1
备用,4
备课,2
复习,2
复兴,1
复制,3
复印,2
复原,4
复发,4
复合,4
复杂,1
复查,3
复活,3
复苏,3
夏令营,2
夏天,0
夏季,0
外,0
外交,3
外交官,2
外企,2
外公,2
外出,5
外卖,4
外号,2
外国,5
外地,5
外头,5
外套,4
外婆,2
外币,3
外形,1
外援,2
外文,2
外星人,5
外来,5
外汇,3
外界,5
外科,4
外籍,2
外行,1
外衣,4
外表,1
外观,1
外语,2
外貌,1
外贸,3
外资,3
外边,5
外部,5
外面,5
多,0
多久,0
多么,0
多亏,0
多云,4
多余,0
多元,3
多功能,5
多劳多得,3
多半,0
多媒体,2
多少,0
多年,0
多年来,0
多心,1
多数,0
多方面,0
多样,1
多次,0
多种,0
多边,3
夜,0
夜以继日,0
夜市,4
夜总会,4
夜晚,0
夜校,2
夜班,0
夜里,0
夜间,0
够,0
够呛,1
大,4
大事,1
大于,0
大人,2
大众,2
大伙儿,2
大会,2
大体,0
大体上,0
大使,2
大使馆,2
大公无私,1
大力,0
大包大揽,1
大厅,4
大厦,4
大吃一惊,1
大同小异,0
大名鼎鼎,1
大哥,2
大地,5
大型,5
大声,1
大多,0
大多数,0
大大,0
大大咧咧,1
大夫,2
大奖赛,2
大妈,2
大姐,2
大学,2
大学生,2
大宗,3
大家,2
大家庭,2
大小,4
大局,1
大巴,5
大师,2
大幅度,0
大惊小怪,1
大意,1
大批,0
大方,1
大有可为,1
大棚,4
大楼,4
大概,0
大模大样,1
大款,2
大气,4
大海,5
大熊猫,4
大爷,2
大片,2
大笔,3
大米,4
大约,0
大纲,2
大肆,3
大胆,1
大脑,4
大腕儿,2
大臣,2
大自然,1
大致,0
大街,5
大街小巷,5
大衣,4
大规模,0
大象,4
大赛,2
大选,2
大道,5
大部分,0
大都,0
大量,0
大门,4
大队,5
大陆,5
大雁,4
大面积,0
天,0
天上,5
天下,1
天主教,2
天使,2
天分,1
天地,1
天堂,1
天平,4
天性,1
天才,2
天文,5
天桥,5
天气,4
天然,4
天然气,4
天生,1
天真,1
天空,4
天线,2
天经地义,1
天赋,1
天长地久,1
天鹅,4
太,0
太太,2
太平,1
太极,2
太极拳,2
太空,5
太阳,4
太阳能,4
夫人,2
夫妇,2
夫妻,2
失业,2
失业率,3
失传,2
失利,1
失去,3
失恋,1
失控,1
失效,3
失明,4
失望,1
失灵,1
失眠,4
失落,1
失误,1
失败,1
失踪,3
头,4
头发,4
头号,2
头头是道,1
头晕,4
头条,2
头疼,1
头脑,1
头衔,2
头部,4
头顶,4
夸,1
夸大,3
夸夸其谈,1
夸奖,1
夸张,1
夸耀,1
夹,4
夺,3
夺冠,2
夺取,3
夺魁,2
奇妙,1
奇怪,1
奇特,1
奇花异草,4
奇迹,1
奉献,1
奋力,1
奋勇,1
奋斗,1
奏,2
奏效,1
契机,1
契约,3
奔,4
奔波,1
奔赴,5
奔跑,4
奖,2
奖励,3
奖品,3
奖学金,2
奖杯,2
奖牌,2
奖金,3
奖项,2
套,4
套餐,4
奠定,3
奢侈,1
奢望,1
奥秘,1
奥运会,2
女,2
女人,2
女儿,2
女士,2
女婿,2
女子,2
女孩儿,2
女性,2
女朋友,2
女生,2
奴隶,2
奶,4
奶奶,2
奶牛,4
奶粉,4
奶茶,4
奸诈,1
她,2
她们,2
好,0
好久,0
好事,1
好人,1
好似,0
好像,0
好友,2
好吃,4
好听,1
好在,0
好坏,0
好处,1
好多,0
好奇,1
好奇心,1
好好,0
好学,1
好客,1
好家伙,0
好心,1
好心人,2
好意,1
好感,1
好歹,0
好比,0
好玩儿,1
好看,1
好笑,1
好评,1
好说,0
好转,3
好运,1
如,0
如一,0
如下,0
如今,0
如何,0
如同,0
如实,1
如意,1
如愿以偿,1
如果,0
如果说,0
如此,0
如醉如痴,1
妄想,1
妇女,2
妈,2
妈妈,2
妒忌,1
妖怪,4
妙,1
妥,4
妥协,1
妥善,1
妥当,1
妨害,3
妨碍,3
妹,2
妹妹,2
妻子,2
始终,0
姐,2
姐妹,2
姐姐,2
姑姑,2
姑娘,2
姓,2
姓名,2
姓氏,2
委员,2
委员会,2
委婉,1
委屈,1
委托,3
姜,4
姥姥,2
姥爷,2
姨,2
姿势,1
姿态,1
威信,1
威力,1
威慑,3
威胁,3
威风,1
娃娃,2
娇惯,1
娇气,1
娘,2
娱乐,2
娶,2
婚姻,2
婚礼,2
婚纱,4
婴儿,2
媒体,2
媲美,0
媳妇,2
嫁,2
嫁妆,2
嫂子,2
嫉妒,1
嫌,0
嫌弃,1
嫌疑,1
嫦娥,5
嫩,4
嬉笑,1
子,2
子女,2
子孙,2
子弟,2
子弹,4
孕妇,2
孕育,3
字,2
字体,2
字典,2
字幕,2
字母,2
字眼,2
字迹,2
存,4
存在,0
存心,1
存折,3
存放,4
存款,3
孙女,2
孙子,2
孝敬,1
孝顺,1
季,0
季度,0
季节,0
孤儿,2
孤单,1
孤独,1
孤立,1
孤陋寡闻,1
孤零零,1
学,2
学业,2
学习,2
学会,1
学位,2
学分,2
学历,2
学员,2
学堂,2
学士,2
学子,2
学年,2
学时,2
学期,2
学术,2
学校,2
学生,2
学科,2
学者,2
学艺,2
学说,2
学费,3
学问,1
学院,2
孩子,2
孪生,2
孵化,3
宁可,0
宁愿,0
宁静,1
它,0
它们,0
宇宙,5
宇航员,5
守,4
守候,1
守护,1
守株待兔,1
安,4
安全,3
安宁,1
安定,1
安心,1
安慰,1
安抚,1
安排,3
安检,5
安眠药,4
安稳,1
安置,3
安装,3
安逸,1
安静,1
完,0
完了,0
完全,0
完善,3
完备,1
完好,1
完成,3
完整,1
完毕,0
完美,1
完蛋,0
宏伟,1
宏大,1
宏观,3
宗,4
宗教,2
宗旨,1
官,2
官僚,2
官僚主义,1
官兵,2
官司,3
官吏,2
官员,2
官方,2
定,3
定为,3
定义,3
定价,3
定位,3
定做,4
定向,3
定居,2
定心丸,1
定时,0
定期,0
定论,1
定金,3
宝,4
宝宝,2
宝库,4
宝石,4
宝藏,4
宝贝,2
宝贵,1
实习,2
实事求是,1
实体,3
实况,2
实力,1
实在,0
实地,2
实惠,1
实施,3
实物,3
实现,3
实用,1
实行,3
实话,1
实话实说,1
实质,1
实践,2
实际,0
实际上,0
实验,3
实验室,4
宠,1
宠爱,1
宠物,4
审,3
审判,3
审定,3
审批,3
审查,3
审核,3
审美,1
审视,1
客人,2
客厅,4
客户,2
客房,4
客机,5
客气,1
客流,5
客观,1
客车,5
客运,5
宣传,3
宣告,3
宣布,3
宣扬,3
宣泄,1
宣称,3
宣言,3
宣誓,1
宣读,2
室,4
宪法,3
宫,4
宫廷,2
宫殿,4
宰,4
害,1
害怕,1
害羞,1
害臊,1
害虫,4
宴会,2
家,4
家乡,2
家人,2
家伙,2
家具,4
家务,1
家喻户晓,1
家园,4
家境,1
家家户户,2
家属,2
家庭,2
家政,2
家教,2
家族,2
家用,4
家电,4
家禽,4
家里,2
家长,2
容光焕发,1
容忍,1
容易,0
容纳,3
容许,3
容量,4
容颜,1
宽,4
宽厚,1
宽容,1
宽广,1
宽度,4
宽恕,1
宽敞,1
宽松,3
宽泛,1
宽阔,1
宾馆,4
宿舍,4
寂寞,1
寂静,1
寄,4
寄托,1
密,4
密不可分,0
密切,1
密封,4
密度,4
密码,2
密集,0
富,4
富人,2
富含,4
富强,1
富有,1
富翁,2
富裕,1
富豪,2
富足,1
寒假,0
寒冷,4
寓意,1
寓言,2
寝室,4
察看,2
察觉,1
寡妇,2
寥寥无几,0
寸,4
对,0
对不起,1
对于,0
对付,3
对准,0
对外,3
对峙,1
对应,0
对弈,2
对待,1
对得起,1
对手,2
对抗,3
对方,2
对比,0
对照,0
对白,2
对称,4
对立,1
对策,1
对联,2
对话,1
对象,3
对面,5
寺,4
寺庙,4
寻,4
寻常,1
寻找,3
寻求,3
寻觅,1
导向,3
导师,2
导弹,5
导游,5
导演,2
导火索,1
导致,3
导航,2
寿司,4
寿命,4
封,2
封建,2
封锁,3
封闭,1
封面,2
封顶,3
射,4
射击,2
将,0
将军,2
将来,0
将要,0
将近,0
尊严,1
尊敬,1
尊贵,1
尊重,1
小,1
小丑,2
小于,0
小人,1
小伙子,2
小偷儿,1
小区,4
小卒,2
小吃,4
小品,2
小型,5
小声,1
小姐,2
小学,2
小学生,2
小孩儿,2
小康,1
小心,1
小心翼翼,1
小提琴,2
小时,0
小时候,2
小曲,2
小朋友,2
小气,1
小溪,5
小王,2
小看,1
小组,2
小说,2
小贩,2
小费,3
小路,5
小麦,4
少,0
少不了,0
少儿,2
少女,2
少年,2
少数,0
少有,0
少林寺,2
少见,1
少量,0
尖,4
尖端,4
尖锐,1
尚,0
尚未,0
尝,4
尝试,1
尤为,0
尤其,0
就,0
就业,2
就任,2
就医,4
就地,5
就座,2
就是,0
就是说,0
就算,0
就职,2
就要,0
就诊,4
就读,2
就近,5
就餐,4
尴尬,1
尸体,4
尺,4
尺子,4
尺寸,4
尺度,4
尼龙,4
尽,0
尽力,0
尽可能,0
尽头,5
尽快,0
尽情,1
尽早,0
尽管,0
尽量,0
尾声,0
尾巴,4
尾气,4
尿,4
局,2
局势,1
局部,4
局长,2
局限,1
局面,1
层,4
层出不穷,0
层次,2
层面,0
居住,4
居民,2
居民楼,4
居然,0
居高临下,1
屈服,1
届,2
届时,0
屋,4
屋子,4
屋顶,4
屏幕,2
展出,2
展开,3
展望,3
展现,3
展示,3
展览,2
展览会,2
属,0
属于,0
属性,3
屠杀,3
屡,0
屡次,0
履行,3
屯,5
山,5
山冈,5
山区,5
山坡,5
山寨,3
山岭,5
山峰,5
山川,5
山谷,5
山路,5
山顶,5
屹立,1
岁,2
岁数,2
岁月,1
岂有此理,1
岗位,2
岛,5
岛屿,5
岩石,5
岳母,2
岳父,2
岸,5
岸上,5
峡谷,5
峰会,2
峰回路转,1
崇尚,1
崇拜,1
崇高,1
崛起,3
崩溃,1
崭新,1
巅峰,1
川流不息,5
巡逻,3
工业,3
工人,2
工会,2
工作,3
工作日,0
工作量,3
工具,4
工厂,4
工商,3
工商界,2
工地,5
工夫,1
工序,4
工整,1
工科,2
工程,3
工程师,2
工艺,4
工艺品,4
工资,3
左,4
左右,0
左边,5
左顾右盼,1
巧,1
巧克力,4
巧合,1
巧妙,1
巨人,2
巨型,5
巨大,1
巨头,3
巨星,2
巨额,3
巩固,3
巫婆,2
差,0
差不多,0
差别,0
差异,0
差距,0
差错,1
差额,3
已,0
已经,0
巴不得,0
巴士,5
市,5
市区,5
市场,3
市场经济,3
市民,2
市长,2
布,4
布局,3
布满,4
布置,3
帅,1
帅哥,2
帆,5
帆船,5
师傅,2
师父,2
师生,2
师范,2
师资,2
师长,2
希望,0
帐子,4
帐篷,4
帖子,2
帘子,4
帝国,3
帝国主义,3
带,4
带动,3
带头,1
带头人,2
带有,0
带来,3
带路,5
带队,2
带领,3
席,2
席位,2
帮,0
帮助,3
帮忙,0
帮手,2
常,0
常人,1
常常,0
常年,0
常态,1
常温,4
常理,1
常用,1
常见,1
常规,1
常识,1
帽子,4
幅,2
幅度,3
幕,2
幕后,3
幢,4
干,4
干事,2
干什么,0
干净,4
干吗,0
干戈,1
干扰,3
干旱,4
干杯,1
干活儿,1
干涉,3
干燥,4
干脆,0
干部,2
干预,3
平,4
平价,3
平凡,1
平原,5
平台,3
平和,1
平均,0
平坦,4
平安,1
平常,0
平常心,1
平息,3
平方,4
平方米,4
平日,0
平时,0
平民,2
平淡,1
平稳,1
平等,1
平衡,1
平静,1
平面,4
年,0
年代,0
年初,0
年前,0
年夜饭,4
年底,0
年度,0
年画,2
年级,2
年纪,2
年终,0
年薪,3
年轻,2
年迈,2
年限,3
年龄,2
并,0
并且,0
并列,0
并行,0
并购,3
并非,0
幸亏,0
幸免,1
幸好,0
幸存,4
幸福,1
幸运,1
幻影,5
幻想,1
幻觉,1
幼儿园,2
幼稚,1
幽默,1
广,5
广义,3
广告,2
广场,4
广大,2
广播,2
广泛,1
广阔,1
庄严,1
庄园,4
庄稼,4
庆典,2
庆幸,1
庆祝,1
庆贺,1
床,4
床位,4
序,2
序幕,1
库,4
应,0
应付,3
应对,3
应当,0
应急,3
应有尽有,1
应用,3
应聘,2
应该,0
应邀,2
应酬,1
底,0
底下,5
底子,1
底层,5
底线,1
底蕴,1
店,4
庙,4
庙会,2
庞大,1
废,4
废品,4
废墟,4
废寝忘食,1
废物,4
废话,1
废除,3
度,0
度假,5
度过,1
座,4
座位,5
座右铭,1
座谈,2
座谈会,2
康复,4
庸俗,1
廉价,3
廉政,3
廉正,1
廉洁,1
延,5
延伸,3
延期,3
延续,3
延缓,3
延误,5
延长,3
建,3
建交,2
建成,3
建树,1
建立,3
建筑,4
建筑师,2
建筑物,4
建议,3
建设,3
建造,3
开,4
开业,3
开会,2
开关,4
开创,3
开办,3
开动,4
开发,3
开发区,5
开发商,3
开口,1
开启,3
开场,2
开场白,2
开垦,4
开夜车,0
开天辟地,1
开头,2
开始,0
开学,2
开展,3
开工,3
开幕,2
开幕式,2
开张,3
开心,1
开拓,3
开支,3
开放,3
开朗,1
开机,2
开枪,3
开水,4
开玩笑,1
开花,4
开设,3
开车,5
开辟,3
开通,3
开采,4
开销,3
开阔,1
开除,3
异口同声,1
异常,0
异性,2
异想天开,1
异议,1
弄,4
弄虚作假,3
弊病,1
弊端,1
式,3
弓,4
引,3
引人入胜,1
引人注目,1
引入,3
引发,3
引导,3
引擎,5
引用,3
引经据典,1
引诱,3
引起,3
引进,3
引领,3
弘扬,1
弟,2
弟子,2
弟弟,2
张,2
张扬,0
张灯结彩,4
张贴,4
弥漫,4
弥补,3
弦,2
弯,4
弯曲,4
弱,1
弱势,3
弱点,1
弹,4
弹性,4
强,1
强制,3
强加,3
强劲,1
强势,3
强化,3
强占,3
强壮,1
强大,1
强度,4
强烈,1
强盗,3
强硬,1
强行,3
强调,3
强迫,3
强项,1
归,3
归宿,1
归属,3
归来,5
归根到底,0
归纳,3
归结,0
归还,3
当,0
当下,0
当中,5
当之无愧,1
当事人,3
当今,0
当代,2
当众,1
当作,3
当初,0
当前,0
当务之急,1
当即,0
当地,5
当场,0
当天,0
当年,0
当心,1
当成,3
当日,0
当时,0
当晚,0
当然,0
当真,0
当着,1
当选,2
当面,1
录,2
录像,2
录制,2
录取,2
录音,2
录音机,2
形,4
形势,1
形容,1
形式,3
形形色色,0
形影不离,1
形态,3
形成,3
形状,4
形象,1
彩电,4
彩票,3
彩色,4
彩虹,4
彩霞,4
彬彬有礼,1
影像,2
影响,3
影响力,1
影子,1
影星,2
影片,2
影视,2
影迷,2
彻夜,0
彻底,0
彼此,0
往,5
往事,1
往后,0
往常,0
往年,0
往往,0
往日,0
往来,5
往返,5
征,3
征收,3
征服,3
征求,3
征集,3
待,0
待会儿,0
待遇,3
很,0
很难说,0
律师,3
徐徐,0
徒弟,2
徒步,5
得,0
得不偿失,1
得了,0
得以,0
得体,1
得出,3
得分,2
得到,3
得力,1
得天独厚,1
得失,1
得当,1
得意,1
得意扬扬,1
得手,2
得益于,0
得知,1
得罪,1
徘徊,1
循序渐进,1
循环,4
微不足道,1
微信,2
微博,2
微型,5
微妙,1
微弱,1
微波炉,4
微笑,1
微观,1
德,4
心,1
心中,1
心事,1
心声,1
心安理得,1
心得,1
心态,1
心思,1
心急如焚,1
心情,1
心想事成,1
心意,1
心愿,1
心慌,1
心灵,1
心灵手巧,1
心爱,1
心理,1
心疼,1
心病,1
心目,1
心眼儿,1
心肠,1
心胸,1
心脏,4
心脏病,4
心血,1
心酸,1
心里,1
心里话,1
必,0
必不可少,0
必修,2
必定,0
必将,0
必然,0
必要,0
必需,0
必须,0
忌,4
忌口,4
忌讳,1
忍,1
忍不住,0
忍受,1
忍心,1
忍耐,1
忍饥挨饿,1
志愿,2
志愿者,2
志气,1
忘,1
忘不了,1
忘掉,1
忘记,1
忙,1
忙乱,1
忙活,1
忙碌,1
忠于,1
忠实,1
忠心,1
忠诚,1
忠贞,1
忧愁,1
忧虑,1
忧郁,1
快,0
快乐,1
快捷,1
快活,1
快点儿,0
快要,0
快车,5
快递,4
快速,0
快餐,4
念,2
念书,2
念头,1
念念不忘,1
忽悠,1
忽然,0
忽略,1
忽视,1
忽高忽低,1
怀孕,2
怀念,1
怀抱,1
怀旧,1
怀疑,1
怀着,1
怀里,4
态度,1
怎么,0
怎么办,0
怎么样,0
怎样,0
怕,1
怜惜,1
思前想后,1
思念,1
思想,1
思索,1
思维,1
思考,1
思路,1
怠工,3
怠慢,1
怡然自得,1
急,1
急于,0
急剧,0
急忙,0
急性,4
急救,4
急诊,4
急转弯,5
急迫,1
急需,0
性,1
性价比,3
性别,2
性命,1
性情,1
性格,1
性能,3
性质,3
怨,1
怨恨,1
怨气,1
怨言,1
怪,1
怪不得,0
怪异,1
怪物,4
总,0
总之,0
总体,0
总共,0
总数,3
总是,0
总理,2
总的来说,0
总监,2
总算,0
总经理,2
总结,3
总统,2
总而言之,0
总裁,2
总计,0
总部,5
总量,3
总额,3
恋恋不舍,1
恋爱,2
恍然大悟,1
恐吓,3
恐怕,0
恐怖,1
恐惧,1
恐慌,1
恐龙,4
恢复,3
恨,1
恨不得,0
恩人,2
恩怨,1
恩情,1
恩惠,1
恩赐,1
恭喜,1
恭维,1
息息相关,0
恰到好处,1
恰好,0
恰如其分,1
恰巧,0
恰当,1
恰恰,0
恰恰相反,0
恳求,1
恶,1
恶劣,1
恶化,3
恶心,1
恶性,4
恶意,3
恼羞成怒,1
悄悄,0
悔恨,1
悠久,1
悠闲,1
患,4
患有,4
患病,4
患者,4
悦耳,1
您,2
悬,4
悬崖,5
悬念,1
悬挂,4
悬殊,1
悲伤,1
悲剧,1
悲哀,1
悲惨,1
悲欢离合,1
悲痛,1
悲观,1
悼念,1
情,1
情不自禁,0
情人,2
情侣,2
情况,1
情形,1
情怀,1
情感,1
情愿,1
情报,3
情景,1
情结,1
情绪,1
情节,2
情调,1
情谊,1
惊,1
惊人,1
惊叹,1
惊喜,1
惊天动地,1
惊奇,1
惊心动魄,1
惊慌,1
惊慌失措,1
惊讶,1
惊诧,1
惊醒,1
惊险,1
惋惜,1
惦记,1
惨,1
惨痛,1
惨白,1
惨重,1
惩处,3
惩罚,3
惭愧,1
惯,1
惯例,1
惯性,1
想,0
想不到,1
想到,1
想念,1
想方设法,0
想法,1
想象,1
想起,1
惹,1
愁,1
愁眉苦脸,1
愈合,4
愈来愈,0
愈演愈烈,3
愉快,1
意义,1
意向,3
意味着,0
意图,1
意外,1
意志,1
意思,1
意想不到,1
意愿,1
意料,1
意料之外,1
意见,3
意识,1
愚公移山,1
愚蠢,1
感,1
感人,1
感兴趣,1
感冒,4
感到,1
感动,1
感受,1
感叹,1
感性,1
感恩,1
感情,1
感想,1
感慨,1
感染,4
感染力,1
感激,1
感觉,1
感触,1
感谢,1
愣,1
愤怒,1
愿,1
愿意,0
愿望,1
慈善,3
慈祥,1
慌,1
慌乱,1
慌张,1
慌忙,0
慎重,1
慢,0
慢性,4
慢慢,0
慢慢来,0
慢车,5
慰劳,1
慰问,2
慷慨,1
憋,4
懂,1
懂事,1
懂得,1
懒,1
懒得,0
懒惰,1
戈壁,5
戏,2
戏剧,2
戏曲,2
成,3
成为,3
成交,3
成人,2
成分,4
成功,1
成功率,3
成千上万,0
成员,2
成品,4
成型,4
成天,0
成家,2
成就,1
成年,2
成才,2
成效,1
成本,3
成果,1
成熟,1
成立,3
成绩,2
成群结队,0
成语,2
成长,3
成问题,1
我,2
我们,0
戒,1
戒备,1
戒指,4
戒烟,4
或,0
或多或少,0
或是,0
或者,0
或许,0
战争,3
战友,2
战场,2
战士,2
战斗,3
战术,2
战略,3
战胜,3
截,4
截止,0
截然不同,0
截至,0
戳,4
戴,4
户,4
户外,5
房东,2
房价,3
房地产,3
房子,4
房屋,4
房租,3
房间,4
所,0
所以,0
所作所为,1
所在,5
所属,2
所有,0
所谓,0
所长,2
扁,4
扇,4
扇子,4
手,4
手册,2
手动,2
手势,1
手头,0
手套,4
手工,4
手帕,4
手指,4
手掌,4
手术,4
手术室,4
手机,2
手枪,4
手段,1
手法,1
手续,3
手续费,3
手脚,4
手腕,4
手臂,4
手艺,2
手表,4
手里,4
才,0
才华,1
才能,0
扎,4
扎实,1
扎根,1
扑,4
扑克,2
扑面而来,1
扒,4
打,4
打交道,1
打仗,2
打倒,3
打击,3
打动,1
打包,4
打印,2
打印机,2
打发,1
打听,1
打官司,3
打岔,1
打工,2
打开,4
打扫,4
打扮,4
打扰,1
打折,3
打招呼,1
打捞,5
打搅,1
打断,1
打架,1
打牌,1
打猎,5
打球,2
打电话,2
打盹儿,1
打破,3
打磨,4
打算,0
打败,3
打车,5
打通,3
打造,3
打量,1
打针,4
打雷,4
扔,4
托,4
托付,1
扛,4
扣,4
扣人心弦,1
扣押,3
扣留,3
扣除,3
执意,0
执法,3
执照,3
执着,1
执行,3
扩,3
扩大,3
扩展,3
扩建,3
扩张,3
扩散,3
扫,4
扫兴,1
扫墓,0
扫描,2
扫除,3
扬,4
扭,4
扭头,1
扭曲,1
扭转,3
扮,2
扮演,2
扯,4
扰乱,3
扳,4
扶,4
扶持,3
批,0
批准,3
批判,1
批发,3
批评,1
找,1
找出,3
找到,1
承办,3
承包,3
承受,1
承担,3
承认,1
承诺,3
承载,3
技巧,1
技术,3
技能,1
技艺,2
抄,4
抄写,2
抄袭,3
把,0
把关,3
把手,4
把握,1
把柄,1
抑制,3
抑扬顿挫,1
抑郁,1
抑郁症,4
抒情,2
抓,4
抓住,0
抓紧,0
投,3
投入,3
投奔,3
投射,4
投机,3
投票,2
投稿,2
投诉,3
投资,3
投身,1
投降,3
抖,4
抗争,1
抗拒,1
抗生素,4
抗衡,3
抗议,3
折,4
折叠,4
折合,0
折射,3
折扣,3
折磨,1
折腾,1
抚养,2
抚养费,3
抚恤,3
抚摸,4
抛,4
抛开,0
抛弃,3
抠,4
抡,4
抢,4
抢劫,3
抢夺,3
抢救,4
抢眼,1
护,4
护士,2
护照,3
护理,4
报,3
报亭,4
报仇,1
报刊,2
报到,2
报名,2
报告,3
报复,3
报废,3
报社,2
报答,1
报纸,2
报考,2
报警,2
报道,2
报酬,3
报销,3
抨击,1
披,4
披露,3
抬,4
抬头,1
抱,4
抱怨,1
抱歉,1
抱负,1
抵制,3
抵御,3
抵抗,3
抵押,3
抵挡,3
抵消,3
抵触,1
抵达,5
抹,4
押,4
押金,3
抽,4
抽奖,3
抽屉,4
抽烟,1
抽签,2
抽象,1
拄,4
担,4
担任,2
担保,3
担子,4
担当,1
担心,1
担忧,1
担负,3
拆,4
拆迁,3
拆除,3
拉,4
拉动,3
拉开,3
拉拢,3
拉锁,4
拌,4
拍,2
拍卖,3
拍戏,2
拍摄,2
拍板,3
拍照,2
拎,4
拐,4
拐弯,5
拐杖,4
拒绝,3
拓宽,3
拓展,3
拔,4
拖,4
拖延,3
拖欠,3
拖累,3
拖鞋,4
拘束,1
拘留,3
拙劣,1
招,2
招募,3
招呼,1
招待,2
招待会,2
招手,1
招揽,3
招收,2
招数,1
招标,3
招牌,4
招生,2
招聘,2
拜会,2
拜年,0
拜托,0
拜见,2
拜访,2
拟,3
拟定,3
拣,4
拥护,1
拥抱,1
拥挤,1
拥有,3
拦,4
拧,4
拨,4
拨打,2
拨款,3
拨通,2
括号,2
括弧,2
拯救,3
拱,4
拳,4
拳头,4
拴,4
拼,4
拼命,0
拼搏,1
拽,4
拾,4
拿,4
拿出,3
拿到,3
拿手,1
拿走,3
持,0
持久,1
持之以恒,1
持有,3
持续,0
挂,4
挂号,4
挂失,3
挂念,1
挂钩,0
指,0
指令,3
指出,3
指南,3
指南针,4
指向,0
指头,4
指定,3
指导,3
指引,3
指手画脚,1
指挥,2
指教,1
指数,3
指望,0
指标,3
指点,1
指甲,4
指着,1
指示,3
指责,1
按,0
按摩,4
按时,0
按照,0
按理说,0
按说,0
按键,2
挎,4
挑,4
挑剔,1
挑战,1
挑衅,3
挑起,3
挑选,3
挖,4
挖掘,3
挖苦,1
挟持,3
挠,4
挡,4
挣,3
挣扎,1
挣钱,1
挤,4
挤压,3
挥,4
挨,4
挨家挨户,5
挨打,1
挨着,5
挪,4
挫折,1
振作,1
振兴,3
振动,4
振奋,1
挺,0
挺好,0
挽,4
挽回,3
挽救,3
捂,4
捅,4
捆,4
捉,4
捉迷藏,1
捍卫,3
捎,4
捏,4
捐,3
捐助,3
捐款,3
捐献,3
捐赠,3
捕,4
捕捉,3
捞,4
损,4
损人利己,1
损伤,4
损坏,4
损失,3
损害,3
捡,4
换,3
换位,1
换取,3
换成,3
换言之,0
捣乱,1
捧,4
捧场,1
据,0
据悉,0
据此,0
据说,0
捶,4
掀,4
掀起,3
授予,3
授权,3
掉,4
掉头,5
掉队,1
掌声,1
掌握,3
掌管,3
掏,4
掏钱,1
掐,4
排,4
排列,4
排名,2
排放,4
排斥,1
排球,2
排练,2
排行榜,2
排队,3
排除,3
掠夺,3
探,4
探亲,5
探望,2
探求,1
探测,5
探索,3
探讨,1
探险,5
接,4
接下来,0
接二连三,0
接到,3
接力,2
接受,1
接听,2
接待,5
接手,3
接收,3
接替,2
接济,3
接班,2
接班人,2
接着,0
接纳,1
接见,2
接触,1
接轨,0
接近,0
接连,0
接送,5
接通,2
控制,3
控告,3
推,4
推出,3
推动,3
推卸,3
推广,3
推开,4
推敲,1
推断,3
推测,3
推理,2
推移,0
推算,3
推翻,3
推荐,3
推行,3
推辞,1
推进,3
推迟,3
推选,2
推销,3
掩护,3
掩盖,3
掩饰,3
措手不及,1
措施,3
掰,4
掺,4
揉,4
揍,4
描写,2
描绘,3
描述,3
提,3
提交,3
提供,3
提倡,3
提出,3
提到,3
提前,0
提升,3
提名,2
提心吊胆,1
提拔,2
提早,0
提炼,3
提示,3
提议,3
提起,3
提速,3
提醒,1
提问,1
提防,1
提高,3
插,4
插嘴,1
插图,2
插手,3
握,4
握手,1
揣,4
揣摩,1
揣测,1
揪,4
揭,4
揭发,3
揭晓,2
揭示,3
揭露,3
援助,3
揽,4
搀,4
搁,4
搁浅,5
搁置,3
搂,4
搅,4
搅拌,4
搏斗,1
搓,4
搜,2
搜寻,3
搜救,3
搜查,3
搜索,2
搜集,3
搞,3
搞好,3
搞笑,1
搞鬼,1
搬,4
搬家,5
搬迁,3
搭,4
搭乘,5
搭建,3
搭档,2
搭配,4
携带,4
携手,3
摄像,2
摄像机,2
摄影,2
摄影师,2
摄氏度,4
摆,4
摆动,4
摆平,3
摆放,4
摆脱,3
摆设,4
摇,4
摇头,1
摇摆,4
摇摇欲坠,1
摇晃,4
摇滚,2
摇篮,1
摊,4
摔,4
摔倒,4
摔跤,2
摘,4
摧毁,3
摩托,5
摩擦,4
摸,4
摸索,1
撇,4
撑,4
撒,4
撒谎,1
撕,4
撞,4
撞击,4
撤,3
撤换,2
撤离,3
撤销,3
撬,4
播,2
播出,2
播放,2
撰写,2
擅自,3
擅长,1
操作,3
操劳,1
操场,4
操心,1
操控,3
操纵,3
擦,4
攀,4
攀升,3
攒,4
支,4
支付,3
支出,3
支持,3
支援,3
支撑,3
支柱,1
支票,3
支配,3
收,3
收买,3
收入,3
收养,2
收到,3
收取,3
收听,2
收回,3
收复,3
收拾,4
收据,3
收支,3
收敛,3
收留,3
收益,3
收看,2
收缩,3
收获,1
收藏,2
收视率,2
收购,3
收费,3
收集,3
收音机,2
改,3
改为,3
改动,3
改变,3
改名,3
改善,3
改日,0
改正,3
改版,2
改编,2
改良,3
改装,3
改进,3
改造,3
改邪归正,1
改革,3
改革开放,3
攻,3
攻关,3
攻击,3
攻读,2
放,4
放下,1
放假,0
放到,3
放大,3
放学,0
放弃,1
放心,1
放映,2
放松,1
放水,4
放纵,1
放置,4
放肆,1
放过,1
政党,2
政府,3
政权,3
政治,2
政策,3
故,0
故乡,2
故事,2
故意,3
故障,4
效仿,1
效力,2
效应,3
效果,1
效率,3
效益,3
敌人,3
敏感,1
敏捷,1
敏锐,1
救,3
救助,3
救命,1
救护车,5
救援,3
救治,4
救济,3
救灾,3
教,2
教养,1
教堂,4
教学,2
教学楼,4
教室,4
教师,2
教授,2
教材,2
教条,1
教科书,2
教练,2
教育,2
教育部,2
教训,1
敞开,1
敢,0
敢于,1
敢情,0
散,4
散发,4
散布,3
散文,2
散步,5
敦促,3
敦厚,1
敬,1
敬业,1
敬佩,1
敬意,1
敬爱,1
敬礼,1
敬而远之,1
敬请,0
敬酒,1
敬重,1
数,0
数字,2
数据,3
数据库,2
数目,3
数码,2
数量,3
数额,3
敲,4
敲诈,3
敲边鼓,1
敲门,4
整,4
整个,0
整体,0
整合,3
整天,0
整数,3
整整,0
整治,3
整洁,1
整理,3
整顿,3
整齐,1
敷,4
文,2
文人,2
文件,3
文具,4
文凭,2
文化,2
文娱,2
文字,2
文学,2
文明,1
文物,4
文献,2
文盲,2
文科,2
文章,2
文艺,2
文艺界,2
文雅,1
斑点,4
斗,1
斗争,3
斗志,1
料,4
料到,1
料理,4
斜,4
斤,4
斧子,4
斩,4
斩草除根,3
断,4
断定,3
断断续续,0
断裂,4
新,3
新人,2
新兴,3
新型,3
新奇,1
新娘,2
新年,0
新式,5
新房,4
新手,2
新款,4
新潮,1
新生,2
新郎,2
新闻,2
新陈代谢,4
新颖,1
新鲜,4
方,3
方便,1
方便面,4
方向,1
方向盘,5
方式,3
方方面面,0
方案,3
方法,1
方言,2
方针,1
方面,0
施加,3
施压,3
施工,3
施行,3
旁,5
旁观,1
旁边,5
旅客,5
旅店,4
旅游,5
旅程,5
旅行,5
旅行社,5
旅途,5
旅馆,4
旋律,2
旋涡,5
旋转,4
族,2
旗帜,1
旗袍,4
无,0
无不,0
无偿,3
无关,0
无关紧要,1
无力,1
无可厚非,0
无可奈何,1
无可奉告,1
无奈,1
无家可归,1
无形,1
无形中,0
无微不至,1
无忧无虑,1
无恶不作,1
无情,1
无情无义,1
无意,0
无所事事,1
无所作为,1
无所谓,0
无故,3
无效,3
无敌,1
无数,0
无条件,1
无比,0
无法,0
无济于事,1
无理,3
无疑,0
无知,1
无私,1
无穷,1
无精打采,1
无线,2
无线电,2
无缘,2
无聊,1
无能,1
无能为力,1
无论,0
无论如何,0
无话可说,1
无足轻重,1
无辜,1
无边,1
无限,1
无非,0
无须,0
既,0
既然,0
日,0
日前,0
日历,2
日后,0
日复一日,0
日夜,0
日子,1
日常,0
日报,2
日新月异,1
日期,3
日益,0
日程,3
日记,2
日语,2
日趋,0
旧,1
旨在,0
早,0
早上,0
早就,0
早已,0
早年,0
早日,0
早晚,0
早晨,0
早期,0
早餐,4
早饭,4
旭日,4
旱,4
旱灾,4
时,0
时不时,0
时事,2
时代,0
时候,0
时光,1
时刻,0
时好时坏,0
时尚,1
时常,0
时时,0
时期,0
时机,0
时段,0
时空,1
时而,0
时节,0
时装,4
时速,5
时间,3
时间表,3
时隔,0
时髦,1
旷课,2
旺,4
旺季,0
旺盛,1
昂贵,1
昆虫,4
昌盛,1
明亮,4
明天,0
明媚,1
明年,0
明日,0
明明,0
明星,2
明显,1
明智,1
明朗,1
明白,1
明确,3
昏,4
昏迷,4
易拉罐,4
昔日,0
星座,2
星星,4
星期,0
星期天,0
星期日,0
映,4
春天,0
春季,0
春节,0
昨天,0
是,0
是不是,0
是否,0
是非,1
昼夜,0
显,0
显出,3
显得,0
显然,0
显现,3
显眼,1
显示,3
显示器,2
显而易见,0
显著,1
显赫,1
晃,4
晃荡,4
晋升,2
晒,4
晒太阳,4
晓得,1
晕,4
晕倒,4
晕车,4
晚,0
晚上,0
晚会,2
晚安,0
晚年,2
晚报,2
晚期,4
晚点,5
晚间,0
晚餐,4
晚饭,0
普及,3
普通,0
普通人,2
普通话,2
普遍,0
景,5
景区,5
景点,5
景色,1
景观,5
景象,1
晴,4
晴天,4
晴朗,4
晶莹,4
智力,1
智商,1
智慧,1
智能,2
暂,0
暂停,3
暂时,0
暑假,0
暑期,0
暖,4
暖和,4
暖气,4
暖烘烘,4
暗,4
暗中,3
暗地里,1
暗杀,3
暗示,3
暴利,3
暴力,3
暴躁,1
暴雨,4
暴露,3
暴风雨,4
暴风骤雨,1
曙光,1
曝光,3
曰,1
曲,2
曲折,1
曲线,4
更,0
更加,0
更换,3
更改,3
更新,3
更是,0
更衣室,4
曾,0
曾经,0
替,0
替代,3
替换,3
替身,2
最,0
最佳,1
最初,0
最后,0
最好,0
最终,0
最近,0
月,0
月亮,4
月份,0
月初,0
月底,0
月球,5
月票,3
月饼,4
有,0
有两下子,1
有事,1
有人,0
有关,0
有利,1
有利于,0
有力,1
有助于,0
有口无心,1
有名,1
有声有色,1
有害,4
有幸,1
有序,1
有待,0
有意,0
有意思,1
有所,0
有所不同,0
有效,1
有效期,3
有时,0
有时候,0
有望,0
有朝一日,0
有机,4
有毒,4
有没有,0
有用,1
有的,0
有的放矢,1
有的是,0
有益,1
有着,0
有趣,1
有限,1
朋友,2
朋友们,2
服,4
服从,1
服务,3
服务业,3
服务员,2
服务器,2
服用,4
服装,4
服饰,4
朗诵,2
朗读,2
望,1
望见,1
望远镜,4
朝,0
朝三暮四,1
朝代,2
朝夕相处,1
朝气蓬勃,1
朝着,0
期,0
期中,0
期待,1
期望,1
期末,0
期盼,1
期间,0
期限,3
朦胧,1
木偶,2
木匠,2
木头,4
木材,4
木板,4
未,0
未免,0
未必,0
未成年人,2
未来,0
未知数,1
未经,3
末,0
末日,1
本,0
本事,1
本人,2
本分,1
本土,5
本地,5
本子,2
本性,1
本意,1
本期,0
本来,0
本着,0
本科,2
本能,1
本色,1
本质,1
本身,0
本钱,1
本领,1
朱红,4
朴实,1
朴素,1
朵,4
机会,1
机关,2
机制,3
机动,5
机动车,5
机器,4
机器人,2
机场,5
机密,3
机智,1
机构,3
机械,4
机灵,1
机票,5
机舱,4
机遇,1
杀,3
杀害,3
杀手,2
杀毒,2
杂,4
杂乱无章,1
杂交,4
杂志,2
杂技,2
权,3
权利,3
权力,3
权威,1
权益,3
权衡,1
杆,4
材料,4
村,5
村庄,5
杜绝,3
束,4
束缚,3
杠铃,4
条,4
条件,1
条例,3
条款,3
条约,3
来,0
来不及,0
来临,0
来信,2
来到,5
来历,1
来回,5
来宾,2
来年,0
来往,5
来得及,0
来源,2
来源于,0
来电,2
来自,0
来访,2
来龙去脉,1
杨树,4
杯,4
杯子,4
杰出,1
松,4
松弛,4
松树,4
松绑,3
板,4
板块,3
极,0
极为,0
极其,0
极力,0
极度,0
极端,1
极限,1
构建,3
构思,1
构想,1
构成,3
构造,4
枕头,4
枚,4
果园,4
果实,4
果断,0
果树,4
果汁,4
果然,0
果真,0
果酱,4
枝,4
枢纽,5
枣,4
枪,4
枪毙,3
枯燥,1
架,5
架势,1
架子,4
柏树,4
某,0
染,4
柔和,1
柔软,4
柜台,4
柜子,4
查,3
查出,3
查处,3
查找,3
查明,3
查看,2
查询,3
柱子,4
柳树,4
柿子,4
标,3
标准,3
标志,1
标本,4
标榜,1
标示,3
标签,2
标致,5
标语,2
标题,2
栋,4
栋梁,1
栏,4
栏杆,4
栏目,2
树,4
树叶,4
树木,4
树林,5
树枝,4
树梢,4
树立,3
树荫,4
校园,2
校长,2
株,4
样,0
样品,3
样子,1
样本,3
核,5
核实,3
核对,3
核心,1
核桃,4
核武器,3
核电站,4
核能,4
根,4
根基,1
根据,0
根本,0
根治,3
根深蒂固,1
根源,1
格,4
格外,0
格局,1
格式,2
格格不入,0
栽,4
栽培,4
桂花,4
桃,4
桃树,4
桃花,4
框,4
框架,3
案件,3
桌子,4
桑拿,4
档,2
档案,2
档次,3
桥,5
桥梁,5
桩,4
桶,4
梅花,4
梦,1
梦幻,1
梦想,1
梦见,1
梨,4
梯子,4
梳,4
梳子,4
梳理,3
检察,3
检查,3
检测,3
检讨,1
检验,3
棉,4
棉花,4
棋,2
棋子,4
棍,4
棍子,4
棒,4
棒球,2
棘手,1
森林,5
棱角,4
棵,4
棺材,4
椅子,4
植物,4
椰子,4
楷模,1
楼,4
楼上,5
楼下,5
楼房,4
楼梯,4
楼道,4
概况,1
概念,1
概括,3
概率,3
概论,2
榜样,1
榨,4
槐树,4
槽,4
模仿,1
模型,3
模式,3
模拟,2
模样,1
模特儿,2
模糊,1
模范,1
横,4
横七竖八,4
横向,5
橘子,4
橙汁,4
橡皮,4
橡胶,4
欠,3
欠条,3
欠缺,0
次,0
次数,3
次日,0
欢乐,1
欢呼,1
欢声笑语,1
欢快,1
欢聚,1
欢迎,1
欣喜,1
欣慰,1
欣欣向荣,1
欣赏,1
欲望,1
欺诈,3
欺负,1
欺骗,3
款式,4
款项,3
歇,4
歉意,1
歌,2
歌剧,2
歌咏,2
歌唱,2
歌声,2
歌手,2
歌星,2
歌曲,2
歌舞,2
歌词,2
歌迷,2
歌颂,1
止,0
止咳,4
止步,1
止血,4
正,0
正义,1
正在,0
正好,0
正如,0
正宗,4
正常,1
正式,0
正当,1
正是,0
正版,2
正直,1
正确,1
正能量,1
正规,1
正视,1
正面,5
此,0
此事,1
此刻,0
此前,0
此后,0
此处,5
此外,0
此时,0
此次,0
此致,1
此起彼伏,1
步,1
步伐,1
步入,5
步行,5
步骤,1
武力,3
武器,3
武术,2
武装,3
歧视,1
歪,4
歪曲,3
歹徒,3
死,4
死亡,4
死心,1
死心塌地,1
歼灭,3
残,4
残忍,1
残留,4
残疾,4
残疾人,2
残缺,4
残酷,1
殴打,3
段,5
段落,2
殷勤,1
殿堂,4
毁,4
毁坏,3
毁灭,3
毅力,1
毅然,0
母,2
母亲,2
母女,2
母子,2
母鸡,4
每,0
每当,0
每逢,0
毒,4
毒品,3
比,0
比不上,0
比例,3
比分,2
比喻,1
比如,0
比如说,0
比方,0
比比皆是,1
比试,2
比赛,2
比起,0
比较,0
比重,3
毕业,2
毕业生,2
毕竟,0
毛,4
毛巾,4
毛病,1
毛笔,4
毛衣,4
毫不,0
毫不犹豫,0
毫升,4
毫无,0
毫米,4
毯子,4
民主,1
民众,2
民俗,2
民办,2
民工,2
民意,2
民族,2
民歌,2
民用,5
民警,2
民间,2
气,4
气体,4
气候,4
气势,1
气味,4
气息,1
气愤,1
气氛,1
气泡,4
气派,1
气温,4
气球,4
气管,4
气象,4
气质,1
气馁,1
气魄,1
氛围,1
氧,4
氧气,4
水,4
水产品,4
水准,1
水分,4
水利,4
水域,5
水壶,4
水平,1
水库,5
水手,5
水晶,4
水果,4
水槽,4
水泥,4
水涨船高,3
水温,4
水源,4
水灵灵,1
水灾,4
水稻,4
水管,4
水落石出,1
水货,3
水面,5
水龙头,4
永不,0
永久,1
永恒,1
永远,0
汁,4
求,1
求助,2
求医,4
求婚,2
求学,2
求救,1
求职,2
求证,1
汇,4
汇合,3
汇报,3
汇款,3
汇率,3
汇聚,3
汇集,3
汉字,2
汉语,2
汗,4
汗水,4
江,5
池塘,5
池子,4
污染,4
污水,4
污秽,4
汤,4
汤圆,4
汪洋,5
汹涌,1
汽水,4
汽油,4
汽车,5
沉,4
沉思,1
沉浸,1
沉淀,4
沉甸甸,4
沉着,1
沉稳,1
沉迷,1
沉重,1
沉闷,1
沉默,1
沏,4
沐浴露,4
沙发,4
沙子,4
沙滩,5
沙漠,5
沙龙,2
沟,5
沟通,1
没,0
没事儿,0
没什么,0
没关系,0
没准儿,0
没劲,1
没完没了,1
没想到,0
没意思,1
没收,3
没有,0
没法儿,0
没用,0
没落,3
没说的,0
没辙,1
没错,0
沧桑,1
沮丧,1
河,5
河流,5
河畔,5
沸沸扬扬,1
沸腾,4
油,4
油画,2
治,4
治学,2
治安,3
治愈,4
治理,3
治疗,4
治病,4
沼泽,5
沽名钓誉,1
沾,4
沾光,1
沿,5
沿岸,5
沿海,5
沿着,5
沿线,5
沿途,5
泄,4
泄密,3
泄气,1
泄漏,4
泄露,3
泉,4
法,3
法制,3
法官,3
法庭,3
法律,3
法规,3
法语,2
法院,3
泛滥,3
泡,4
泡沫,4
波动,3
波及,3
波折,1
波浪,4
波涛,5
波澜,1
泥,4
泥土,4
泥潭,1
注,2
注入,3
注册,3
注定,0
注射,4
注意,1
注视,1
注重,1
泪,1
泪水,1
泰斗,2
泻,4
泼,4
泼冷水,1
洁净,4
洋,5
洋溢,1
洒,4
洗,4
洗手间,4
洗涤剂,4
洗澡,4
洗礼,1
洗衣机,4
洗衣粉,4
洞,5
津津有味,1
津贴,3
洪亮,1
洪水,4
活,4
活儿,1
活力,1
活动,2
活期,3
活泼,1
活该,1
活跃,1
洽谈,3
派,3
派出,3
派别,2
派遣,3
流,4
流传,1
流入,3
流利,1
流动,3
流向,3
流域,5
流失,3
流感,4
流氓,1
流水,5
流泪,1
流浪,2
流淌,4
流畅,1
流程,3
流血,4
流行,1
流转,3
流通,3
流量,2
流露,1
浅,4
浇,4
测,3
测定,3
测算,3
测试,3
测量,3
测验,2
浏览,2
浏览器,2
浑身,4
浓,4
浓厚,1
浓缩,4
浓郁,1
浓重,1
浩劫,1
浪,5
浪漫,1
浪费,3
浮,4
浮力,4
浮现,3
浮躁,1
浴室,4
海,5
海关,3
海内外,5
海军,5
海啸,4
海域,5
海外,5
海岸,5
海峡,5
海底,5
海报,2
海拔,5
海水,5
海洋,5
海浪,5
海湾,5
海滨,5
海滩,5
海盗,5
海绵,4
海藻,4
海边,5
海运,5
海量,2
海面,5
海鲜,4
浸泡,4
涂,4
消,4
消化,3
消失,3
消息,2
消极,1
消毒,4
消沉,1
消灭,3
消耗,3
消费,3
消费者,2
消遣,1
消防,3
消除,3
涉及,3
涉嫌,3
涌,4
涌入,3
涌现,3
涝,4
润,4
涨,3
涨价,3
涮,4
液体,4
液晶,2
涵义,1
涵盖,3
淀粉,4
淋,4
淌,4
淘,4
淘气,1
淘汰,3
淡,4
淡化,3
淡季,0
深,4
深信,1
深入,1
深入人心,1
深切,1
深刻,1
深化,3
深厚,1
深受,1
深处,5
深夜,0
深奥,1
深度,3
深思,1
深情,1
深深,1
深远,1
混,4
混乱,1
混凝土,4
混合,4
混浊,4
混淆,3
淹,4
添,4
添加,3
清,4
清凉,4
清单,3
清新,1
清明,0
清明节,0
清晨,0
清晰,1
清楚,1
清洁,4
清洁工,2
清洗,4
清淡,1
清理,3
清真寺,4
清脆,1
清醒,1
清除,3
清静,1
渊源,1
渐渐,0
渔民,5
渔船,5
渗,4
渗透,3
渠道,3
渡,5
渡过,5
渣子,4
温习,2
温和,1
温室,4
温度,4
温度计,4
温暖,1
温柔,1
温泉,5
温馨,1
港,5
港口,5
渴,4
渴望,1
游,5
游人,5
游客,5
游戏,2
游戏机,2
游泳,2
游泳池,4
游玩,5
游船,5
游行,2
游览,5
渺小,1
湖,5
湖泊,5
湿,4
湿度,4
湿润,4
溅,4
源于,0
源头,3
源泉,1
源源不断,0
溜,4
溜达,5
溢,4
溶解,4
滋味,1
滋润,4
滑,4
滑冰,2
滑梯,4
滑稽,1
滑雪,5
滔滔不绝,1
滚,4
滚动,3
滞后,0
滞留,5
满,4
满怀,1
满意,1
满足,3
滥用,3
滨海,5
滴,4
漂,4
漂亮,1
漆,4
漏,4
漏洞,1
演,2
演习,2
演出,2
演变,3
演员,2
演唱,2
演唱会,2
演奏,2
演戏,2
演技,2
演播室,2
演示,2
演练,2
演绎,3
演艺圈,2
演讲,2
演说,2
漠然,1
漫,4
漫游,5
漫画,2
漫长,1
潇洒,1
潜力,1
潜在,3
潜水,5
潜移默化,1
潜能,1
潜艇,5
潦草,1
潮,1
潮流,1
潮湿,4
澄清,3
激光,2
激动,1
激励,3
激化,3
激发,3
激情,1
激活,3
激烈,1
激素,4
激起,3
瀑布,5
灌,4
灌溉,4
灌输,3
火,4
火候,4
火山,5
火暴,1
火柴,4
火灾,4
火炬,2
火热,1
火焰,4
火箭,5
火腿,4
火花,4
火药,4
火车,5
火辣辣,4
火速,0
火锅,4
灭,3
灭亡,3
灭绝,3
灯,4
灯光,4
灯泡,4
灯笼,4
灰,4
灰尘,4
灰心,1
灰色,4
灵,4
灵巧,1
灵感,1
灵敏,1
灵机一动,0
灵活,1
灵通,1
灵魂,1
灼热,4
灾,4
灾区,3
灾害,4
灾难,4
灿烂,1
炉子,4
炉灶,4
炎热,4
炎症,4
炒,4
炒作,3
炒股,3
炖,4
炫耀,1
炭,4
炮,4
炸,4
炸弹,4
炸药,4
点,0
点击率,2
点名,1
点头,1
点子,1
点心,4
点火,4
点燃,4
点缀,4
点评,3
炼,4
烂,4
烈士,4
烘干,4
烘托,1
烟,4
烟囱,4
烟火,4
烟花,4
烤,4
烤肉,4
烤鸭,4
烦,1
烦恼,1
烦躁,1
烦闷,1
烧,4
烧毁,3
烧烤,4
烫,4
热,4
热带,5
热心,1
热情,1
热气,4
热气球,5
热水,4
热水器,4
热潮,1
热点,1
热烈,1
热爱,1
热线,2
热腾腾,4
热衷,1
热量,4
热门,1
热闹,1
烹调,4
焊,4
焕发,3
焚烧,4
焦,4
焦急,1
焦点,1
焦虑,1
焦距,4
焦躁,1
焰火,4
然后,0
然而,0
煎,4
煤,4
煤气,4
煤炭,4
煤矿,4
照,2
照例,0
照办,1
照常,0
照料,1
照明,4
照样,0
照片,2
照相,2
照耀,4
照顾,1
煮,4
煲,4
煽动,3
熄火,5
熊,4
熏,4
熏陶,1
熙熙攘攘,1
熟,4
熟人,2
熟悉,1
熟练,1
熬,4
熬夜,0
燃放,4
燃料,4
燃气,4
燃油,4
燃烧,4
燕子,4
爆,4
爆冷门,2
爆发,3
爆满,1
爆炸,4
爆竹,4
爪子,4
爬,4
爬山,5
爱,1
爱不释手,1
爱人,2
爱国,1
爱好,1
爱心,1
爱情,1
爱惜,1
爱护,1
爱理不理,1
爱面子,1
爵士,2
父亲,2
父女,2
父子,2
父母,2
爷爷,2
爸,2
爸爸,2
爹,2
爽,1
爽快,1
片,4
片子,2
片段,2
片面,1
版,2
牌,2
牌子,4
牌照,3
牙,4
牙刷,4
牙膏,4
牙齿,4
牛,4
牛仔裤,4
牛奶,4
牡丹,4
牢,4
牢固,1
牢牢,0
牢记,1
牧场,4
牧民,2
物业,4
物价,3
物体,4
物品,4
物流,5
物证,3
物质,4
物资,3
牲畜,4
牵,4
牵制,3
牵头,3
牵扯,3
牵挂,1
牵涉,3
特,0
特产,4
特价,3
特例,1
特别,0
特制,4
特地,0
特大,4
特定,0
特征,1
特快,5
特性,1
特意,0
特有,1
特权,3
特殊,1
特点,1
特色,1
特质,1
特邀,2
特长,1
牺牲,1
犯,1
犯愁,1
犯罪,3
犯规,2
状元,2
状况,1
状态,1
犹如,0
犹豫,1
犹豫不决,1
狂,1
狂欢,1
狂欢节,2
狂热,1
狗,4
狠,1
狡猾,1
独,1
独一无二,1
独唱,2
独家,2
独特,1
独立,1
独立自主,1
独自,0
独身,2
狭小,1
狭窄,1
狭隘,1
狮子,4
狼,4
狼狈,1
猎人,4
猎犬,4
猖狂,1
猛,1
猛烈,1
猛然,0
猜,1
猜想,1
猜测,1
猜谜,2
猩猩,4
猪,4
猫,4
献,1
献血,4
猴,4
玄,4
玄机,1
率,3
率先,0
率领,2
玉,4
玉米,4
王,2
王后,2
王国,2
王子,2
王牌,2
玩儿,1
玩具,4
玩意儿,0
玩耍,1
玫瑰,4
环,4
环保,4
环境,1
环球,5
环绕,5
环节,3
现代,5
现代化,3
现任,2
现在,0
现场,2
现实,1
现成,1
现有,0
现状,1
现行,3
现象,1
现金,3
玻璃,4
珍惜,1
珍珠,4
珍藏,4
珍视,1
珍贵,1
珍重,1
珠宝,4
班,2
班级,2
班长,2
球,2
球员,2
球场,2
球拍,4
球星,2
球迷,2
球队,2
球鞋,4
理,4
理事,2
理会,1
理发,4
理念,1
理性,1
理想,1
理所当然,1
理智,1
理由,1
理直气壮,1
理睬,1
理科,2
理解,1
理论,2
理财,3
琢磨,1
琴,2
瑞雪,4
瑰宝,1
瓜,4
瓜分,3
瓜子,4
瓦,4
瓶,4
瓶子,4
瓶颈,1
瓷,4
瓷器,4
甘心,1
甚至,0
甚至于,0
甜,4
甜头,1
甜美,1
甜蜜,1
生,2
生产,3
生前,2
生动,1
生命,1
生命线,1
生存,1
生平,2
生态,3
生怕,0
生意,1
生成,3
生效,3
生日,2
生机,1
生死,1
生气,1
生活,1
生活费,3
生涯,2
生物,4
生理,4
生病,4
生硬,1
生育,2
生词,2
生长,4
用,0
用不着,0
用于,0
用人,2
用力,4
用功,1
用品,4
用处,1
用得着,0
用心,1
用意,1
用户,2
用来,0
用法,4
用途,3
用餐,4
甩,4
田,4
田径,2
由,0
由于,0
由来,1
由此,0
由此可见,0
由此看来,0
由衷,1
甲,4
申办,3
申报,3
申请,3
申领,3
电,4
电信,2
电力,4
电动,5
电动车,5
电台,2
电器,4
电子版,2
电子邮件,2
电影,2
电影院,4
电报,2
电梯,4
电池,4
电源,4
电灯,4
电线,4
电网,4
电脑,2
电视,2
电视剧,2
电视台,2
电视机,2
电讯,2
电话,2
电车,5
电铃,4
电饭锅,4
男,2
男人,2
男士,2
男女,2
男子,2
男孩儿,2
男性,2
男朋友,2
男生,2
画,2
画儿,2
画册,2
画家,2
画展,2
画蛇添足,1
画面,2
画龙点睛,1
畅谈,1
畅通,3
畅销,1
界,2
界定,3
界线,5
界限,3
畏惧,1
畏缩,1
留,4
留下,3
留学,2
留学生,2
留心,1
留念,1
留恋,1
留意,1
留神,1
留言,2
略,0
略微,0
番,0
番茄,4
畸形,4
疏导,3
疏忽,1
疏散,3
疏通,3
疑惑,1
疑点,1
疑虑,1
疑问,1
疗养,4
疗效,4
疗法,4
疫苗,4
疯,1
疯子,2
疯狂,1
疲倦,1
疲劳,1
疲惫,1
疲惫不堪,1
疼,4
疼痛,4
疾病,4
病,4
病人,4
病床,4
病情,4
病房,4
病毒,4
病症,4
症状,4
症结,1
痒,4
痕迹,4
痛,1
痛心,1
痛快,1
痛苦,1
痰,4
痴呆,4
痴心,1
痴迷,1
瘟疫,4
瘦,4
瘫,4
瘫痪,4
瘾,1
癌,4
癌症,4
登,4
登山,5
登录,2
登机,5
登记,3
登陆,5
白,4
白天,0
白白,1
白色,4
白菜,4
白酒,4
白领,2
百,0
百分比,3
百分点,3
百合,4
百科全书,2
百货,4
的,0
的确,0
的话,0
皆,0
皇上,2
皇后,2
皇室,2
皇宫,4
皇帝,2
皮,4
皮包,4
皮带,4
皮球,4
皮肤,4
皮鞋,4
皱,4
盆,4
盈利,3
益处,1
盏,4
盐,4
监察,3
监护,4
监控,3
监测,3
监狱,4
监督,3
监管,3
监视,3
盒,4
盒子,4
盒饭,4
盖,4
盖子,4
盗,3
盗版,3
盗窃,3
盘,0
盘子,4
盘算,1
盛,4
盛会,2
盛大,2
盛开,4
盛气凌人,1
盛行,1
盟友,2
目不转睛,1
目中无人,1
目光,1
目前,0
目录,2
目标,1
目的,1
目的地,5
目睹,1
目瞪口呆,1
盯,4
盲人,2
盲目,1
直,4
直到,0
直升机,5
直奔,5
直径,4
直接,0
直播,2
直线,0
直至,0
直观,1
直视,1
直觉,1
直达,5
相互,0
相传,2
相伴,1
相似,0
相依为命,2
相信,1
相关,0
相反,0
相同,0
相声,2
相处,1
相对,0
相对而言,0
相差,0
相应,0
相当,0
相当于,0
相提并论,0
相机,2
相比,0
相比之下,0
相片,2
相等,0
相约,1
相继,0
相识,1
相辅相成,0
相连,0
相通,0
相遇,1
盼,1
盼望,1
省,5
省事,1
省略,2
省钱,1
眉开眼笑,1
眉毛,4
看,1
看上去,0
看不起,1
看中,1
看似,0
看作,3
看出,3
看到,1
看台,4
看好,1
看待,1
看得出,0
看得见,1
看得起,1
看成,3
看护,2
看望,2
看来,0
看样子,0
看法,1
看热闹,1
看病,4
看管,3
看见,1
看起来,0
看重,1
真,0
真假,3
真实,1
真心,1
真情,1
真挚,1
真正,0
真理,1
真的,0
真相,1
真空,4
真诚,1
眨眼,1
眼,4
眼下,0
眼光,1
眼前,5
眼泪,1
眼界,1
眼看,0
眼睛,4
眼神,1
眼红,1
眼色,1
眼里,1
眼镜,4
着,0
着力,0
着实,0
着急,1
着想,1
着手,0
着火,4
着眼,0
着眼于,0
着落,1
着迷,1
着重,0
睁,4
睡,4
睡眠,4
睡着,4
睡袋,4
睡觉,4
督促,3
瞄准,0
瞅,1
瞎,1
瞒,1
瞧,1
瞧不起,1
瞩目,1
瞪,1
瞬间,0
瞻仰,2
矛头,1
矛盾,1
矣,0
知名,1
知名度,1
知己,2
知觉,1
知识,1
知识分子,2
知足,1
知道,1
矫正,4
短,4
短信,2
短处,1
短暂,1
短期,0
短片,2
短缺,3
短裤,4
矮,4
矮小,1
石头,4
石油,4
矿,4
矿泉水,4
矿藏,4
码,2
码头,5
砂糖,4
砍,4
研制,3
研发,3
研究,3
研究所,2
研究生,2
研讨,2
砖,4
破,4
破产,3
破坏,3
破旧,1
破案,3
破灭,3
破碎,4
破裂,4
破解,3
破除,3
砸,4
硕士,2
硕果,1
硬,4
硬件,2
硬币,4
硬朗,1
硬盘,2
确保,3
确信,3
确凿,1
确切,1
确定,3
确实,0
确立,3
确认,3
确诊,4
碍事,1
碎,4
碑,4
碗,4
碧绿,4
碰,4
碰上,1
碰到,1
碰巧,0
碰撞,4
碰见,1
碰钉子,1
碳,4
磁卡,2
磁带,2
磁盘,2
磅,4
磋商,3
磕,4
磨,4
磨合,3
磨损,4
磨难,1
礁石,5
示威,3
示意,1
示范,3
礼,2
礼仪,2
礼品,3
礼堂,4
礼拜,0
礼服,4
礼物,2
礼貌,1
社,2
社交,2
社会,2
社会主义,1
社区,5
社团,2
社论,2
祈祷,1
祖传,2
祖先,2
祖国,5
祖宗,2
祖母,2
祖父,2
祖籍,2
祝,1
祝愿,1
祝福,1
祝贺,1
神,4
神仙,2
神圣,1
神奇,1
神态,1
神情,1
神气,1
神秘,1
神经,4
神话,1
祥和,1
票,3
票价,5
票房,2
祭,2
祭奠,1
祭祀,2
祸害,1
禁不住,0
禁区,2
禁忌,4
禁止,3
禅杖,4
福,4
福利,3
福气,1
离,5
离不开,0
离奇,1
离婚,2
离开,5
离职,2
离谱儿,1
禾苗,4
秀丽,1
秀美,1
私下,1
私事,1
私人,2
私家车,5
私房钱,3
私有,3
私立,2
私自,3
私营,2
秃,4
秉承,0
秋天,0
秋季,0
种,4
种子,4
种族,2
种植,4
种种,0
种类,3
科,4
科学,1
科学家,2
科幻,2
科技,2
科普,2
科目,2
科研,2
秒,0
秘书,2
秘书长,2
秘密,3
秘方,4
秘诀,1
租,3
租赁,3
租金,3
秤,4
秧歌,2
秩序,1
积,4
积极,1
积极性,1
积淀,1
积累,3
积蓄,3
称为,3
称作,3
称号,2
称呼,2
称赞,1
移,3
移交,3
移动,2
移植,4
移民,2
稀,4
稀奇,1
稀少,1
稀罕,1
程序,3
程度,0
稍,0
稍候,0
稍后,0
稍微,0
稍稍,0
税,3
税务,3
税收,3
稠,4
稠密,4
稳,1
稳健,1
稳固,1
稳妥,1
稳定,1
稳重,1
稻草,4
稿子,2
穆斯林,2
穴位,4
究竟,0
穷,1
穷人,2
空,5
空中,5
空儿,1
空军,5
空前,0
空地,5
空想,1
空气,4
空白,1
空荡荡,1
空虚,1
空调,4
空间,1
空隙,4
空难,5
穿,4
穿小鞋,1
穿着,4
穿越,5
穿过,5
突出,1
突击,3
突发,4
突如其来,1
突然,0
突破,3
突破口,1
窃取,3
窄,4
窍门,1
窑,4
窒息,4
窗口,4
窗台,4
窗子,4
窗帘,4
窗户,4
窘迫,1
窜,4
窝,4
窟窿,4
立,4
立交桥,5
立体,1
立刻,0
立功,1
立即,0
立场,1
立方,4
立方米,4
立足,0
竖,4
站,4
站住,1
站台,5
站立,4
竞争,3
竞技,2
竞相,0
竞赛,2
竞选,2
竟,0
竟敢,0
竟然,0
章,2
竣工,3
童年,2
童话,2
竭力,0
竭尽全力,0
端,4
端午节,0
端正,1
竹子,4
竹竿,4
笑,1
笑声,1
笑容,1
笑脸,1
笑话,1
笔,4
笔记,2
笔记本,2
笔试,2
笛子,2
符号,2
符合,0
笨,1
笨蛋,1
笨重,1
第,0
第一手,3
第一线,5
第二,0
笼子,4
笼统,1
笼罩,1
等,0
等于,0
等候,1
等到,0
等待,1
等级,3
筋,4
筐,4
筑,4
筒,4
答,2
答复,1
答应,1
答案,2
答辩,2
策划,3
策略,3
筛,4
筛选,3
筷子,4
筹,3
筹划,3
筹办,3
筹备,3
筹措,3
筹码,3
筹集,3
签,3
签名,2
签字,3
签约,3
签署,3
签订,3
签证,3
简介,2
简体字,2
简化,3
简单,1
简历,2
简易,1
简洁,1
简直,0
简短,1
简称,2
简要,3
简陋,1
算,0
算了,0
算是,0
算盘,4
算计,1
算账,1
管,4
管子,4
管家,2
管教,1
管理,3
管理费,3
管用,1
管辖,3
管道,4
箭,4
箱,4
箱子,4
篇,2
篇幅,2
篮球,2
簇拥,1
米,4
米饭,4
类,3
类似,0
类别,3
类型,3
粉,4
粉丝,2
粉碎,3
粒,4
粗,4
粗心,1
粗心大意,1
粗暴,1
粗略,0
粗糙,1
粗鲁,1
粘,4
粥,4
粪,4
粪便,4
粮食,4
粽子,4
精,1
精力,1
精华,1
精品,1
精妙,1
精彩,1
精心,1
精打细算,1
精明,1
精疲力竭,1
精益求精,1
精确,1
精神,1
精神病,4
精简,3
精练,1
精细,1
精美,1
精致,1
精英,2
精通,1
精髓,1
糊,4
糊涂,1
糖,4
糖尿病,4
糖果,4
糟,4
糟糕,1
系,4
系列,3
系统,3
紊乱,1
素,4
素不相识,1
素养,1
素描,2
素材,2
素质,1
素食,4
索取,3
索性,0
索赔,3
紧,4
紧凑,1
紧密,0
紧张,1
紧急,0
紧接着,0
紧紧,4
紧缩,3
紧缺,3
紧迫,1
紫,4
累,1
累积,3
累计,0
絮叨,1
繁体字,2
繁华,1
繁忙,1
繁殖,4
繁荣,1
繁重,1
纠正,3
纠纷,3
纠缠,1
红,4
红包,3
红扑扑,1
红润,4
红火,1
红灯,5
红眼,4
红色,4
红茶,4
红薯,4
红酒,4
纤维,4
约,0
约会,2
约定,3
约定俗成,1
约束,3
级,2
级别,2
纪实,2
纪录,2
纪录片,2
纪律,3
纪念,1
纪念日,0
纪念碑,4
纪念馆,4
纬度,5
纯,5
纯净水,4
纯朴,1
纯洁,1
纯粹,1
纱,4
纲要,3
纲领,3
纳入,3
纳税,3
纳税人,2
纳闷儿,1
纵容,3
纵横交错,5
纵深,3
纵然,0
纵观,0
纷纷,0
纸,4
纺织,4
纽带,1
纽扣,4
线,5
线条,4
线索,3
线路,5
练,2
练习,2
组,2
组合,3
组建,3
组成,3
组织,3
组装,4
组长,2
绅士,1
细,4
细微,1
细心,1
细胞,4
细腻,1
细致,1
细节,1
细菌,4
织,4
终于,0
终止,3
终点,5
终生,1
终究,0
终结,3
终身,1
经,0
经久不息,1
经典,1
经历,1
经受,1
经商,2
经常,0
经度,5
经济,3
经理,2
经营,3
经贸,3
经费,3
经过,0
经验,1
绑,4
绑架,3
结,4
结冰,4
结合,0
结婚,2
结实,1
结尾,2
结局,1
结晶,4
结束,0
结构,3
结果,0
结论,1
结识,1
绕,4
绕行,5
绘声绘色,1
绘画,2
给,0
给予,3
络绎不绝,1
绝,0
绝大多数,0
绝对,0
绝技,1
绝招,1
绝望,1
绝缘,4
绞,4
统一,3
统治,3
统筹,3
统统,0
统计,3
绣,4
继,0
继承,2
继母,2
继父,2
继续,0
继而,0
续,3
绯闻,2
绰号,2
绳子,4
维修,3
维护,3
维持,0
维生素,4
绷,4
绷带,4
综上所述,0
综合,3
绽放,1
绿,4
绿化,4
绿地,4
绿灯,5
绿色,4
绿茶,4
缅怀,1
缆车,5
缓,4
缓和,3
缓慢,0
缓缓,0
缓解,3
缕,4
编,2
编写,2
编制,3
编剧,2
编号,2
编排,2
编辑,2
编造,3
缘分,1
缘故,1
缝,4
缝合,4
缠,4
缤纷,1
缩,3
缩小,3
缩影,1
缩水,3
缩短,3
缴,3
缴纳,3
缴费,3
缸,4
缺,0
缺乏,0
缺口,3
缺失,0
缺少,0
缺席,0
缺点,1
缺陷,1
罐,4
罐头,4
网,2
网上,2
网友,2
网吧,4
网址,2
网民,2
网点,4
网球,2
网站,2
网络,2
网页,2
罕见,1
罗,4
罚,3
罚款,3
罢了,0
罢休,1
罢免,2
罢工,3
罩,4
罪,3
罪恶,1
罪犯,3
罪魁祸首,1
置,4
羊,4
美,1
美中不足,0
美丽,1
美人,2
美元,3
美化,3
美味,4
美女,2
美好,1
美妙,1
美容,4
美德,1
美景,1
美术,2
美滋滋,1
美满,1
美观,1
美金,3
美食,4
羞愧,1
羡慕,1
群,2
群众,2
群体,2
羽毛球,2
羽绒服,4
翅膀,4
翘,4
翠绿,4
翻,4
翻天覆地,1
翻来覆去,0
翻番,3
翻译,2
耀眼,1
老,2
老乡,2
老人,2
老人家,2
老伴儿,2
老公,2
老化,4
老大,2
老太太,2
老头儿,2
老婆,2
老字号,4
老实,1
老家,2
老师,2
老年,2
老是,0
老朋友,2
老板,2
老汉,2
老王,2
老百姓,2
老远,5
考,2
考场,2
考察,2
考核,3
考生,2
考虑,1
考试,2
考量,1
考题,2
考验,1
者,2
而,0
而且,0
而已,0
而是,0
耍,1
耍赖,1
耐,4
耐人寻味,1
耐心,1
耐性,1
耕地,4
耗,4
耗时,3
耗费,3
耳光,4
耳朵,4
耳机,2
耳熟能详,1
耳目一新,1
耳闻目睹,1
耸立,5
耻笑,1
耻辱,1
耽搁,1
耽误,1
耿直,1
聊,1
聊天儿,1
聋,4
聋人,2
职业,2
职业病,4
职位,2
职务,2
职员,2
职工,2
职权,3
职能,3
职责,3
联合,3
联合国,3
联想,1
联手,3
联欢,2
联盟,2
联系,1
联络,2
联网,2
联赛,2
联邦,3
聘,2
聘任,2
聘用,2
聘请,3
聚,4
聚会,2
聚精会神,1
聚集,3
聪明,1
肇事,5
肉,4
肌肉,4
肌肤,4
肖像,2
肚子,4
肝,4
肝脏,4
肠,4
股,3
股东,3
股份,3
股市,3
股民,2
股票,3
肢体,4
肥,4
肥料,4
肥沃,4
肥皂,4
肥胖,4
肩,4
肩膀,4
肩负,3
肯,1
肯定,0
肺,4
肾,4
肿,4
肿瘤,4
胀,4
胃,4
胃口,4
胆,4
胆子,1
胆小,1
胆怯,1
背,4
背包,4
背叛,3
背后,5
背心,4
背景,1
背着,4
背诵,2
背面,5
胎,4
胎儿,4
胖,4
胖子,2
胚胎,4
胜,2
胜任,2
胜出,2
胜利,1
胜负,2
胡子,4
胡思乱想,1
胡说,1
胡闹,1
胳膊,4
胶囊,4
胶带,4
胶水,4
胶片,2
胸有成竹,1
胸膛,4
胸部,4
能,0
能人,2
能力,1
能否,0
能够,0
能干,1
能源,4
能耐,1
能耗,4
能量,4
脂肪,4
脆,4
脆弱,1
脉搏,1
脉络,1
脊梁,1
脏,4
脑子,1
脑海,1
脑筋,1
脑袋,4
脖子,4
脚,4
脚印,4
脚步,1
脱,4
脱口而出,1
脱离,3
脱节,0
脱落,4
脱身,3
脱颖而出,2
脸,4
脸盆,4
脸色,1
脸颊,4
脾,4
脾气,1
腊月,0
腐化,1
腐朽,1
腐烂,4
腐蚀,4
腐败,3
腔,4
腥,4
腰,4
腹泻,4
腹部,4
腺,4
腾,4
腿,4
膜,4
膝盖,4
膨胀,3
膳食,4
自,0
自主,3
自从,0
自以为是,1
自信,1
自信心,1
自力更生,1
自动,2
自助,4
自卑,1
自卫,3
自发,3
自在,1
自如,1
自始至终,0
自学,2
自尊,1
自尊心,1
自己,2
自强不息,1
自愿,3
自我,1
自杀,3
自来水,4
自然,0
自然界,4
自然而然,0
自理,3
自由,1
自由自在,1
自相矛盾,1
自私,1
自私自利,1
自称,0
自立,1
自行,0
自行车,5
自觉,1
自言自语,1
自豪,1
自负,1
自责,1
自费,3
自身,0
臭,4
至,0
至于,0
至今,0
至关重要,1
至少,0
至此,0
致,3
致使,0
致力于,0
致命,1
致富,2
致敬,1
致辞,2
舅舅,2
舆论,2
舌头,4
舍不得,1
舍得,1
舒服,1
舒畅,1
舒适,1
舔,4
舞,2
舞厅,4
舞台,2
舞蹈,2
航天,5
航天员,5
航海,5
航班,5
航空,5
航行,5
航运,5
舱,5
舵手,2
船,5
船只,5
船员,5
船桨,4
船舶,5
船长,5
艘,5
良,4
良好,1
良心,1
良性,1
艰巨,1
艰苦,1
艰苦奋斗,1
艰辛,1
艰险,1
艰难,1
色,4
色彩,1
艳丽,1
艺人,2
艺术,2
艾滋病,4
节,0
节俭,1
节假日,0
节奏,1
节日,0
节气,0
节水,4
节目,2
节省,3
节约,3
节能,4
节衣缩食,1
芝士,4
芝麻,4
芦花,4
芬芳,4
芭蕾,2
芯片,2
花,4
花卉,4
花园,4
花样,4
花瓣,4
花瓶,4
花生,4
花纹,4
花费,3
芽,4
苍蝇,4
苏醒,1
苗,4
苗头,1
苗条,1
苛刻,1
若,0
若干,0
苦,1
苦力,2
苦心,1
苦恼,1
苦笑,1
苦练,1
苦难,1
英俊,1
英勇,1
英文,2
英语,2
英镑,3
英雄,1
苹果,4
茂密,5
茂盛,4
范围,3
范畴,3
茄子,4
茅台,4
茎,4
茫然,1
茶,4
茶叶,4
茶道,2
荆棘,5
草,4
草原,5
草地,5
草坪,4
草案,3
荒,4
荒凉,1
荒诞,1
荒谬,1
荡漾,1
荣幸,1
荣获,2
荣誉,2
荧光,4
药,4
药品,4
药店,4
药方,4
药材,4
药水,4
药片,4
药物,4
荷花,4
莫名其妙,1
莫过于,0
莫非,0
莲子,4
获,3
获取,3
获奖,2
获得,3
获悉,3
获胜,2
菊花,4
菜,4
菜单,2
菜市场,4
菩萨,2
萌发,4
萌芽,1
萍水相逢,1
萎缩,3
萝卜,4
营业,3
营养,4
营救,3
营造,3
萧条,1
落,4
落下,4
落后,1
落地,3
落实,3
落差,5
落户,3
著作,2
著名,1
葡萄,4
葡萄酒,4
董事,2
董事会,2
董事长,2
葬,4
葬礼,2
葱,4
蒙,4
蒜,4
蒸,4
蓝,4
蓝图,1
蓝天,4
蓝色,4
蓝领,2
蓬勃,1
蔓延,3
蔬菜,4
蕴涵,1
蕴藏,3
薄,4
薄弱,1
薪水,3
薯条,4
薯片,4
藏,4
藏匿,3
藏品,2
藏身,3
藤椅,4
蘑菇,4
蘸,4
虎,4
虐待,3
虔诚,1
虚,4
虚伪,1
虚假,3
虚幻,1
虚弱,1
虚心,1
虚拟,2
虚构,3
虫子,4
虽,0
虽然,0
虽说,0
虾,4
蚊子,4
蚊帐,4
蛇,4
蛋,4
蛋白质,4
蛋糕,4
蛮,0
蜂蜜,4
蜜,4
蜜月,5
蜜蜂,4
蜡,4
蜡烛,4
融,4
融入,3
融化,4
融合,3
融洽,1
螺丝,4
蠢,1
血,4
血压,4
血栓,4
血液,4
血管,4
血缘,2
血脉,4
行,4
行业,3
行为,1
行人,5
行使,3
行列,1
行动,3
行家,2
行情,3
行政,3
行李,5
行程,5
行走,5
行驶,5
衍生,3
衔接,3
街,5
街头,5
街道,5
衡量,3
衣服,4
衣架,4
衣食住行,4
补,3
补习,2
补偿,3
补充,3
补助,3
补救,3
补给,3
补考,2
补课,2
补贴,3
表,3
表决,3
表彰,2
表态,1
表情,1
表扬,1
表明,3
表格,2
表演,2
表率,1
表现,3
表白,1
表示,3
表达,3
表述,3
表面,5
衬托,3
衬衣,4
衬衫,4
衰减,3
衰弱,1
衰竭,4
衰老,4
衰退,3
衷心,1
袋,4
袖手旁观,1
袖珍,5
袜子,4
被,0
被动,1
被告,3
被子,4
被捕,3
被迫,0
袭击,3
裁,4
裁决,3
裁判,2
裁定,3
裂,4
裂痕,4
裂缝,4
装,4
装修,4
装备,3
装扮,4
装置,4
装饰,4
裙子,4
裤子,4
裸,4
裸露,4
裹,4
西,5
西北,5
西医,4
西南,5
西方,5
西班牙语,2
西瓜,4
西红柿,4
西装,4
西边,5
西部,5
西餐,4
要,0
要不,0
要不是,0
要不然,0
要么,0
要命,1
要好,0
要害,1
要强,1
要是,0
要求,3
要点,1
要素,1
要紧,1
要领,1
覆盖,3
见,1
见义勇为,1
见仁见智,0
见到,1
见外,1
见效,1
见解,1
见证,1
见识,1
见过,1
见钱眼开,1
见面,1
观众,2
观光,5
观察,1
观念,1
观感,1
观摩,2
观望,1
观测,3
观点,1
观看,2
观赏,5
规划,3
规则,3
规定,3
规律,1
规格,4
规模,3
规矩,1
规范,3
视为,3
视力,4
视察,2
视线,1
视觉,1
视角,1
视野,1
视频,2
觉,1
觉得,0
觉悟,1
觉醒,1
角,4
角度,1
角色,2
角落,4
角逐,2
解,3
解体,3
解决,3
解剖,4
解围,3
解开,3
解放,3
解救,3
解散,3
解析,3
解答,1
解脱,1
解说,2
解读,3
解释,3
解除,3
解雇,2
触动,1
触摸,4
触犯,3
触目惊心,1
触觉,1
言行,1
言论,1
言语,1
言辞,1
警告,3
警官,2
警察,3
警惕,1
警车,5
警钟,1
譬如,0
譬如说,0
计,0
计划,3
计时,2
计策,1
计算,3
计算机,2
计较,1
订,3
订单,3
订婚,2
订立,3
订购,3
认,1
认为,3
认出,1
认可,1
认同,1
认定,3
认得,1
认真,1
认知,1
认证,3
认识,1
认错,1
讥笑,1
讨,1
讨人喜欢,1
讨价还价,1
讨厌,1
讨好,1
讨论,1
让,0
让座,5
让步,1
训,2
训练,2
议,1
议会,2
议员,2
议程,3
议论,1
议题,1
记,2
记住,1
记号,2
记录,3
记得,1
记忆,1
记忆犹新,1
记者,2
记载,3
讲,1
讲学,2
讲座,2
讲究,1
讲解,3
讲话,2
讲课,2
讲述,3
许,0
许可,3
许可证,3
许多,0
讹诈,3
论坛,2
论文,2
论证,3
论述,3
讽刺,1
设,3
设备,4
设定,3
设想,1
设施,3
设法,0
设立,3
设置,3
设计,3
设计师,2
访谈,2
访问,2
诀别,1
诀窍,1
证,3
证书,3
证人,3
证件,3
证实,3
证据,3
证明,3
评,3
评价,1
评估,3
评判,3
评委,2
评定,3
评审,3
评论,2
评论员,2
评选,2
识,1
识别,3
识字,2
诈骗,3
诉苦,1
诉讼,3
诉说,1
诊所,4
诊断,4
词,2
词典,2
词汇,2
词语,2
译,2
试,3
试卷,2
试图,0
试探,1
试点,3
试用,3
试用期,2
试行,3
试题,2
试验,3
诗,2
诗人,2
诗歌,2
诚信,1
诚实,1
诚心诚意,1
诚恳,1
诚意,1
诚挚,1
话,1
话剧,2
话筒,2
话语,1
话费,3
话题,1
诞生,3
诞辰,2
询问,1
该,0
详尽,1
详细,1
诧异,1
语气,1
语法,2
语言,2
语音,2
误,1
误会,1
误区,1
误导,3
误差,3
误解,1
诱人,1
诱发,3
诱惑,1
诱饵,3
说,1
说不上,0
说不定,0
说到底,0
说实话,0
说干就干,0
说情,1
说明,3
说明书,3
说服,1
说法,1
说白了,0
说真的,0
说老实话,0
说话,1
说谎,1
说道,1
说闲话,1
请,0
请假,0
请坐,1
请客,1
请帖,2
请教,1
请柬,2
请求,3
请进,5
请问,0
诸位,2
诸多,0
诸如此类,0
诺言,1
读,2
读书,2
读者,2
读音,2
诽谤,3
课,2
课堂,2
课文,2
课本,2
课程,2
课题,2
谁,0
调,3
调侃,1
调动,3
调度,3
调控,3
调整,3
调料,4
调查,3
调皮,1
调研,2
调节,3
调解,3
调试,3
谅解,1
谈,1
谈不上,0
谈判,3
谈到,1
谈论,1
谈话,2
谈起,1
谋害,3
谋求,0
谋生,2
谎言,1
谎话,1
谜,1
谜团,1
谜底,1
谜语,2
谢谢,1
谣言,3
谦虚,1
谦逊,1
谨慎,1
谱,2
谴责,3
豁,4
豁出去,1
豁达,1
豆制品,4
豆子,4
豆浆,4
豆腐,4
象征,1
豪华,1
豹,4
贝壳,4
负,3
负担,3
负有,3
负责,3
负责人,2
负面,1
贡献,3
财产,3
财力,3
财务,3
财富,3
财政,3
财物,3
财经,2
责任,3
责任感,1
责备,1
责怪,1
败,3
账,3
账单,3
账号,2
账户,3
货,3
货币,3
货物,5
货车,5
货运,5
质地,4
质朴,1
质疑,1
质量,3
质问,1
贩卖,3
贪,1
贪婪,1
贪污,3
贪玩儿,1
贫困,1
贫富,1
贫穷,1
贬值,3
购,3
购买,3
购物,5
贮藏,4
贯彻,3
贯穿,5
贯通,5
贱,1
贴,4
贴切,1
贴近,0
贵,1
贵宾,2
贵族,2
贵重,4
贷款,3
贸易,3
费,3
费劲,1
费用,3
贺信,2
贺卡,2
贺电,2
贼,1
贿赂,3
资产,3
资助,3
资历,2
资料,3
资本,3
资本主义,1
资格,2
资深,2
资源,3
资讯,2
资金,3
赋予,3
赌,3
赌博,3
赎,3
赏,5
赐,1
赐教,1
赔,3
赔偿,3
赔钱,1
赖,4
赚,3
赚钱,3
赛,2
赛场,2
赛跑,2
赛车,5
赞不绝口,1
赞助,3
赞叹,1
赞叹不已,1
赞同,1
赞成,1
赞扬,1
赞美,1
赞许,1
赞赏,1
赠,3
赠送,3
赡养,2
赢,3
赢家,2
赢得,3
赤字,3
赫然,0
走,5
走后门,1
走廊,4
走开,1
走弯路,1
走投无路,1
走私,3
走路,5
走过,5
走过场,1
走近,5
走进,5
赴,5
赶,4
赶上,0
赶不上,0
赶到,5
赶往,5
赶忙,0
赶快,0
赶紧,0
赶赴,5
起,0
起伏,1
起初,0
起到,3
起劲,1
起床,0
起来,0
起步,0
起源,1
起点,1
起码,0
起程,5
起草,3
起诉,3
起跑线,5
起飞,5
趁,0
趁早,0
趁机,0
趁着,0
超,0
超出,0
超前,1
超市,4
超标,3
超级,0
超越,0
超车,5
超过,0
超速,5
越,0
越发,0
越来越,0
越过,5
趋于,0
趋势,1
趟,5
趣味,1
足,4
足以,0
足够,0
足智多谋,1
足球,2
足迹,5
趴,4
跌,3
跑,4
跑步,5
跑车,5
跑道,5
跑龙套,2
距,5
距离,5
跟,0
跟上,0
跟不上,0
跟前,5
跟踪,3
跟随,0
跨,5
跨国,5
跨越,5
跪,4
路,5
路上,5
路人,2
路况,5
路口,5
路子,1
路段,5
路灯,4
路程,5
路线,5
路边,5
路过,5
路途,5
路面,5
跳,4
跳伞,5
跳动,4
跳槽,2
跳水,2
跳舞,2
跳跃,4
跳远,2
跳高,2
踊跃,1
踏,4
踏上,5
踏实,1
踢,4
踩,4
踹,4
蹦,4
蹬,4
蹭,4
蹲,4
身上,4
身不由己,1
身价,3
身份,2
身份证,3
身体,4
身子,4
身影,1
身心,1
身材,1
身躯,4
身边,5
身高,2
躲,4
躲藏,3
躲避,3
躺,4
车,5
车上,5
车主,5
车位,5
车厢,5
车号,5
车型,5
车展,2
车牌,5
车票,5
车祸,4
车站,5
车轮,5
车轴,5
车辆,5
车速,5
车道,5
车间,4
轨迹,1
轨道,5
转,3
转交,3
转动,4
转化,3
转变,3
转向,0
转告,1
转型,3
转学,2
转弯,5
转悠,1
转折,1
转折点,1
转换,3
转播,2
转机,1
转眼,0
转移,3
转让,3
转身,1
转载,2
转达,2
轮,2
轮子,4
轮廓,1
轮换,2
轮椅,4
轮流,0
轮胎,5
轮船,5
软,4
软件,2
软实力,1
软弱,1
轰,4
轰动,1
轰炸,3
轻,4
轻型,5
轻微,1
轻易,0
轻松,1
轻而易举,0
轻蔑,1
载体,3
轿车,5
较,0
较劲,1
较量,1
辅助,3
辅导,2
辆,5
辈,2
辉煌,1
辐射,3
输,3
输入,2
输出,3
输家,1
输液,4
输血,4
输送,3
辛勤,1
辛苦,1
辛酸,1
辜负,1
辞,2
辞典,2
辞去,2
辞呈,2
辞职,2
辞退,2
辣,4
辣椒,4
辨别,3
辨认,3
辩,1
辩护,3
辩解,1
辩论,1
辫子,4
边,5
边境,5
边界,5
边疆,5
边缘,5
边远,5
辽阔,5
达到,3
达成,3
达标,3
迁,3
迁就,1
迁移,3
迄今,0
迄今为止,0
迅速,0
过,0
过不去,1
过于,0
过关,2
过分,0
过剩,3
过半,0
过去,0
过后,0
过境,5
过失,1
过头,0
过奖,1
过年,0
过度,0
过往,0
过意不去,1
过敏,4
过日子,1
过早,0
过时,1
过期,3
过来,0
过渡,3
过滤,4
过瘾,1
过硬,1
过程,5
过节,0
过道,4
过错,1
迈,4
迈进,1
迎,4
迎合,1
迎接,1
迎来,3
运,4
运作,3
运动,2
运动会,2
运动员,2
运气,1
运河,5
运用,3
运营,3
运行,3
运转,3
运输,5
运送,5
近,0
近代,2
近年来,0
近日,0
近期,0
近来,0
近视,4
返回,5
返还,3
还,0
还原,3
还是,0
还有,0
还款,3
这,0
这么,0
这些,0
这会儿,0
这儿,5
这就是说,0
这时,0
这时候,0
这样,0
这样一来,0
这边,5
这里,5
进,5
进一步,0
进修,2
进入,5
进出,5
进出口,3
进化,4
进去,5
进口,3
进场,5
进展,3
进度,3
进攻,3
进来,5
进步,1
进程,3
进而,0
进行,3
远,0
远处,5
远方,5
远离,5
远程,2
远见,1
远近闻名,1
远远,0
违反,3
违法,3
违章,5
违约,3
违背,3
违规,3
连,0
连任,2
连夜,0
连忙,0
连接,5
连滚带爬,0
连续,0
连续剧,2
连绵,5
连锁,4
连锁店,4
迟,0
迟到,0
迟早,0
迟疑,1
迟迟,0
迫不及待,0
迫使,3
迫切,1
迫害,3
迭起,1
迷,2
迷人,1
迷信,1
迷失,1
迷恋,1
迷惑,1
迷惑不解,1
迷路,5
迹象,1
追,4
追尾,5
追悼会,2
追求,1
追溯,3
追究,3
追赶,1
追踪,3
追逐,1
追问,1
追随,1
退,3
退休,2
退休金,3
退出,3
退却,1
退回,3
退学,2
退役,2
退票,3
退缩,1
退让,1
送,4
送别,1
送到,5
送礼,3
送给,3
送行,1
适合,1
适宜,4
适应,3
适度,1
适当,0
适时,0
适用,3
适量,4
逃,3
逃亡,3
逃生,3
逃走,3
逃跑,3
逃避,3
逆,4
选,2
选举,2
选修,2
选手,2
选拔,2
选择,1
选民,2
选用,3
选项,2
逊色,0
透,4
透彻,1
透支,3
透明,4
透气,4
透过,0
透露,3
逐年,0
逐步,0
逐渐,0
递,4
递交,3
递给,4
途中,5
途径,1
逗,1
通,5
通俗,1
通信,2
通告,3
通宵,0
通常,0
通往,5
通报,3
通用,5
通畅,1
通知,3
通知书,3
通红,1
通缉,3
通行,5
通行证,3
通讯,2
通话,2
通车,5
通过,0
通通,0
通道,5
通顺,1
通风,4
逛,5
逝世,2
逞强,1
逞能,1
速度,3
造,4
造价,3
造假,3
造型,1
造就,3
造成,3
造福,3
造纸术,2
逢,0
逮,4
逮捕,3
逻辑,1
逼,1
逼真,1
逼近,0
逼迫,3
逾期,3
遂心,1
遇,1
遇上,1
遇到,1
遇见,1
遇险,5
遇难,4
遍,0
遍地,5
遍布,5
遏制,3
道,1
道具,2
道德,1
道教,2
道歉,1
道理,1
道路,5
遗产,2
遗传,4
遗体,4
遗嘱,2
遗址,4
遗弃,3
遗忘,1
遗愿,2
遗憾,1
遗物,4
遗留,4
遛,4
遥控,2
遥远,1
遭到,3
遭受,1
遭殃,1
遭遇,1
遮,4
遮盖,4
遵守,3
遵循,0
遵照,0
避,3
避免,3
避暑,5
避难,3
邀,2
邀请,2
那,0
那么,0
那些,0
那会儿,0
那儿,5
那时,0
那时候,0
那样,0
那边,5
那里,5
邪,4
邪恶,1
邮件,2
邮局,4
邮政,5
邮票,2
邮箱,2
邮编,2
邻国,5
邻居,2
郊区,5
郊外,5
郊游,5
郑重,1
部,2
部件,4
部位,4
部分,0
部署,3
部长,2
部门,3
部队,2
都,0
都会,0
都市,5
鄙视,1
酌情,0
配,3
配件,4
配偶,2
配合,3
配备,3
配套,3
配置,3
配送,4
配音,2
酒,4
酒吧,4
酒店,4
酒楼,4
酒水,4
酒精,4
酒鬼,4
酗酒,1
酝酿,3
酣畅,1
酣睡,1
酥,4
酱,4
酱油,4
酷,1
酷似,1
酸,4
酸奶,4
酸甜苦辣,1
酿造,4
醇厚,4
醉,4
醋,4
醒,4
醒悟,1
醒来,0
醒目,1
采,4
采取,3
采用,3
采矿,4
采纳,3
采访,2
采购,3
采集,3
释放,3
里,5
里头,5
里程碑,1
里边,5
里面,5
重,4
重中之重,1
重任,1
重伤,4
重创,3
重叠,0
重合,0
重型,5
重复,0
重大,1
重建,3
重心,1
重播,2
重新,0
重点,1
重现,3
重申,3
重组,3
重要,1
重视,1
重返,5
重量,4
重量级,2
野,4
野兽,4
野外,5
野心,1
野炊,5
野生,4
野营,5
野蛮,1
野餐,5
量,3
金,4
金子,4
金字塔,4
金属,4
金牌,2
金融,3
金钱,3
金额,3
鉴于,0
鉴别,3
鉴定,3
鉴赏,2
针,4
针对,0
针灸,4
针锋相对,1
钉,4
钉子,4
钓鱼,5
钙,4
钞票,3
钟,0
钟头,0
钢,4
钢琴,2
钢笔,4
钥匙,4
钦佩,1
钩,4
钩子,4
钱,3
钱包,4
钱财,3
钳子,4
钻,4
钻石,4
钻研,1
钻空子,1
铁,4
铁路,5
铃,4
铃声,2
铅,4
铅笔,4
铜,4
铜牌,2
铝,4
铭记,1
铲,4
铲子,4
银,4
银幕,2
银牌,2
银行,3
银行卡,3
铸造,4
铺,4
铺路,1
销,3
销售,3
销毁,3
销量,3
锁,4
锁定,3
锅,4
锈,4
错,1
错位,0
错别字,2
错综复杂,1
错觉,1
错误,1
错过,1
锡,4
锤子,4
锦旗,2
键,2
键盘,2
锯,4
锻炼,2
镇,5
镇定,1
镜头,2
镜子,4
镶,4
镶嵌,4
长,4
长久,1
长假,0
长城,5
长处,1
长大,2
长寿,1
长度,4
长征,1
长效,1
长期,0
长期以来,0
长相,1
长短,0
长足,1
长跑,2
长辈,2
长达,0
长远,1
长途,5
门,4
门口,5
门当户对,2
门槛,3
门票,3
门诊,4
门路,1
门铃,4
闪,4
闪烁,4
闪电,4
闭,4
闭幕,2
闭幕式,2
问,1
问世,3
问候,1
问卷,2
问路,5
问题,1
闯,4
闲,1
间,5
间接,0
间断,0
间谍,3
间隔,3
间隙,4
闷,4
闸,5
闹,1
闹事,1
闹着玩儿,1
闹钟,4
闺女,2
闻,1
闻名,1
阀门,4
阅历,1
阅览室,4
阅读,2
阎王,2
阐述,3
阔,4
阔绰,1
队,2
队伍,2
队员,2
队形,2
队长,2
防,3
防卫,3
防守,2
防御,3
防护,3
防止,3
防汛,4
防治,4
防火墙,3
防疫,4
防盗,3
防盗门,4
防范,3
阳光,4
阳台,4
阳性,4
阴,4
阴天,4
阴影,1
阴性,4
阴暗,1
阴谋,3
阵,2
阵容,2
阵营,2
阶层,2
阶梯,4
阶段,0
阶级,2
阻力,1
阻拦,3
阻挠,3
阻挡,3
阻止,3
阻碍,3
阿姨,2
阿拉伯语,2
附,2
附件,2
附加,3
附和,1
附属,3
附带,3
附近,5
陆军,2
陆地,5
陆续,0
陈列,4
陈旧,1
陈述,3
陌生,1
降,3
降临,1
降价,3
降低,3
降温,4
降落,5
限,3
限于,0
限制,3
限定,3
限度,1
陡,5
院,4
院士,2
院子,4
院长,2
除,0
除了,0
除去,0
除夕,0
除外,0
除此之外,0
除非,0
陨石,4
险,5
陪,1
陪伴,1
陪同,2
陪葬,4
陶冶,1
陶瓷,4
陶醉,1
陷,4
陷入,1
陷阱,1
隆重,2
随,0
随便,0
随即,0
随后,0
随处可见,0
随大溜,1
随心所欲,1
随意,0
随手,0
随时,0
随时随地,0
随机,0
随着,0
随身,4
隐形,3
隐性,3
隐患,1
隐情,1
隐瞒,3
隐私,3
隐约,1
隐蔽,3
隐藏,3
隐身,3
隔,5
隔壁,5
隔开,5
隔离,3
隔阂,1
障碍,1
隧道,5
难,1
难为情,1
难以,0
难以想象,1
难以置信,1
难免,0
难关,1
难受,1
难听,1
难堪,1
难处,1
难度,1
难得,1
难得一见,1
难忘,1
难怪,0
难点,1
难看,1
难说,0
难过,1
难道,0
难题,1
雄伟,1
雄厚,1
集,2
集中,3
集会,2
集体,0
集合,3
集团,3
集结,3
集装箱,5
集资,3
集邮,2
雇,3
雇主,2
雇佣,3
雇员,2
雕,4
雕刻,4
雕塑,2
雨,4
雨水,4
雨衣,4
雪,4
雪上加霜,1
雪山,5
零,3
零下,4
零件,4
零售,4
零花钱,3
零钱,3
零食,4
雷同,0
雾,4
需,0
需求,3
需要,0
震,4
震动,1
震惊,1
震撼,1
霍乱,4
霜,4
露,4
露天,5
露面,1
霸占,3
青,4
青少年,2
青年,2
青春,1
青春期,2
青蛙,4
静,1
静止,4
非,0
非凡,1
非常,0
非得,0
非法,3
非金属,4
靠,0
靠拢,0
靠近,5
面临,1
面前,5
面包,4
面向,0
面子,1
面对,1
面对面,1
面条儿,4
面目全非,1
面积,4
面粉,4
面红耳赤,1
面试,2
面貌,1
面部,4
面面俱到,1
革命,1
革新,3
靴子,4
靶子,4
鞋,4
鞠躬,1
鞭炮,4
鞭策,1
韧性,1
音乐,2
音乐会,2
音像,2
音响,2
音节,2
音量,2
韵味,1
页,2
顶,4
顶多,0
顶尖,2
顶级,2
项,4
项目,3
项链,4
顺,4
顺从,1
顺便,0
顺其自然,1
顺利,1
顺势,0
顺差,3
顺序,3
顺应,0
顺心,1
顺手,0
顺理成章,1
顺畅,1
顺着,0
顺路,5
须,0
顽固,1
顽强,1
顽皮,1
顾,4
顾不上,0
顾不得,0
顾全大局,1
顾及,1
顾客,2
顾虑,1
顾问,2
顿,4
顿时,0
颁发,3
颁奖,2
颁布,3
预习,2
预兆,1
预先,0
预告,3
预售,3
预备,3
预定,3
预感,1
预报,3
预料,1
预期,3
预测,3
预示,3
预算,3
预约,3
预见,1
预言,3
预计,0
预订,3
预赛,2
预防,3
领,3
领事,2
领事馆,4
领会,1
领先,1
领养,2
领军,2
领取,3
领土,3
领域,3
领导,2
领带,4
领悟,1
领略,1
领袖,2
领队,2
颇,0
颈部,4
频率,3
频繁,0
频道,2
频频,0
颓废,1
颗,4
题,2
题材,2
题目,2
颜色,4
额外,3
颠倒,1
颠覆,3
颤抖,1
风,4
风云,1
风俗,2
风光,1
风力,4
风味,4
风和日丽,0
风尚,1
风度,1
风情,1
风景,5
风暴,4
风格,1
风气,1
风水,2
风沙,4
风波,1
风流,1
风浪,5
风筝,4
风范,1
风貌,1
风趣,1
风采,1
风险,3
风雨,1
风风雨雨,1
风餐露宿,1
飘,4
飙升,3
飞,4
飞往,5
飞机,5
飞翔,4
飞船,5
飞行,5
飞行员,5
飞跃,1
飞速,0
食品,4
食堂,4
食宿,4
食欲,4
食物,4
食用,4
餐,4
餐厅,4
餐桌,4
餐饮,4
餐馆,4
饥饿,1
饭,4
饭店,4
饭碗,4
饭馆,4
饮料,4
饮水,4
饮用水,4
饮食,4
饱,4
饱和,3
饱满,1
饲养,4
饲料,4
饶,1
饶恕,1
饺子,4
饼,4
饼干,4
饿,4
馅儿,4
馋,4
馒头,4
首,0
首先,0
首创,3
首席,2
首府,5
首批,0
首次,0
首相,2
首脑,2
首要,1
首都,5
首饰,4
香,4
香味,4
香料,4
香水,4
香油,4
香烟,4
香肠,4
香蕉,4
马,4
马上,0
马力,4
马后炮,1
马戏,2
马桶,4
马虎,1
马路,5
马车,5
驮,4
驯,4
驰名,1
驱动,3
驱逐,3
驳回,3
驻,2
驾,5
驾照,5
驾车,5
驾驭,3
驾驶,5
骂,1
骄傲,1
骇人听闻,1
验,3
验收,3
验证,3
骏马,4
骑,5
骑车,5
骗,3
骗人,1
骗子,3
骚乱,3
骚扰,3
骤然,0
骨头,4
骨干,2
骨折,4
骨气,1
高,3
高中,2
高于,0
高价,3
高低,0
高傲,1
高兴,1
高压,4
高原,5
高大,1
高尔夫球,2
高尚,1
高层,2
高山,5
高峰,0
高峰期,0
高度,1
高手,2
高效,1
高新技术,3
高昂,3
高明,1
高档,4
高涨,3
高温,4
高潮,1
高科技,2
高空,5
高等,2
高级,2
高考,2
高血压,4
高调,1
高贵,1
高超,1
高跟鞋,4
高速,5
高速公路,5
高铁,5
高雅,1
高额,3
高龄,2
鬼,4
魂,1
魄力,1
魅力,1
魔术,2
魔鬼,1
鱼,4
鲁莽,1
鲜,4
鲜明,1
鲜活,1
鲜美,4
鲜艳,4
鲜花,4
鲜血,4
鲨鱼,4
鳄鱼,4
鸟,4
鸟巢,4
鸡,4
鸡蛋,4
鸦雀无声,1
鸭子,4
鸽子,4
鹅,4
鹏程万里,1
鹤立鸡群,1
鹰,4
鹿,4
麻,4
麻将,2
麻木,1
麻烦,1
麻痹,4
麻辣,4
麻醉,4
黄,4
黄昏,0
黄瓜,4
黄色,4
黄金,4
黎明,0
黏,4
黑,4
黑夜,4
黑客,3
黑心,1
黑手,3
黑暗,1
黑板,4
黑白,4
黑色,4
黑马,2
默契,1
默读,2
默默,1
默默无闻,1
鼓,2
鼓动,3
鼓励,3
鼓掌,1
鼓舞,1
鼠,4
鼠标,2
鼻子,4
鼻涕,4
齐,4
齐全,1
齐心协力,1
龙,4
龙舟,2
龟,4
