community,size,mean_pair_cosine,mean_cosine_silhouette,negative_silhouette_fraction,representatives,boundary_words,deterministic_sample,all_members,soft_mass,mean_max_membership,mean_normalized_membership_entropy,highest_membership_words,strongest_members_outside_hard_cluster
0,164,0.24695668707530316,0.002504194903349139,0.40853658536585363,魅力 | 风采 | 气质 | 特质 | 底蕴 | 气魄 | 气息 | 光芒 | 风范 | 韵味 | 风貌 | 内涵,风度 | 外表 | 耐性 | 健康 | 默契 | 个性 | 威风 | 万古长青,才华 | 重任 | 起跑线 | 气息 | 场面 | 韧性 | 速度 | 后盾 | 眼光 | 方向 | 原型 | 景象,魅力 | 风采 | 气质 | 特质 | 底蕴 | 气魄 | 气息 | 光芒 | 风范 | 韵味 | 风貌 | 内涵 | 魄力 | 精髓 | 典范 | 根基 | 气势 | 活力 | 理念 | 感染力 | 缩影 | 源泉 | 斗志 | 生机 | 力量 | 历程 | 面貌 | 形象 | 氛围 | 步伐 | 风格 | 楷模 | 使命 | 轨迹 | 瑰宝 | 景象 | 机遇 | 姿态 | 榜样 | 蓝图 | 脚步 | 旗帜 | 才华 | 本色 | 色彩 | 身影 | 潜力 | 契机 | 潜能 | 品质 | 风尚 | 优势 | 风度 | 脉搏 | 模样 | 潮流 | 热潮 | 脊梁 | 序幕 | 个性 | 舞台 | 特性 | 足迹 | 奥秘 | 痕迹 | 成就 | 特点 | 动力 | 感 | 启示 | 载体 | 灵感 | 亲和力 | 重任 | 视野 | 容颜 | 抱负 | 血脉 | 趣味 | 眼光 | 盛会 | 硕果 | 亮点 | 元素 | 构想 | 奇迹 | 能力 | 信心 | 纽带 | 殿堂 | 气氛 | 宝库 | 角色 | 记忆 | 凯歌 | 韧性 | 生命线 | 标志 | 形态 | 节奏 | 脚印 | 模式 | 嗅觉 | 影子 | 属性 | 宝藏 | 视角 | 场面 | 场景 | 堡垒 | 结晶 | 观感 | 智慧 | 支柱 | 触觉 | 方向 | 主题 | 后盾 | 背景 | 火花 | 能量 | 口号 | 空间 | 光环 | 优点 | 情景 | 精华 | 士气 | 前途 | 速度 | 里程碑 | 起点 | 起跑线 | 威风 | 高潮 | 品位 | 摇篮 | 发源地 | 时代 | 势不可当 | 要素 | 行列 | 之中 | 外表 | 飞跃 | 视觉 | 耐性 | 基因 | 胜利 | 密不可分 | 心目 | 曙光 | 万古长青 | 默契 | 位置 | 原型 | 目标 | 大有可为 | 双赢 | 源头 | 关头 | 栋梁 | 健康 | 光线,170.1999713273732,0.9050417057820153,0.07501860490396203,气势:0.999970 | 硕果:0.999954 | 风范:0.999925 | 韵味:0.999919 | 蓝图:0.999908 | 气魄:0.999887 | 风采:0.999879 | 气息:0.999858 | 魅力:0.999848 | 特质:0.999831 | 光芒:0.999696 | 气质:0.999670,威力:0.488394 | 实力:0.486575 | 难关:0.469079 | 状态:0.395740 | 荣誉:0.362751 | 热点:0.356095 | 激情:0.354670 | 写照:0.324942
1,207,0.29915918256343654,0.03606019012034377,0.19806763285024154,迷人 | 优美 | 古朴 | 明媚 | 美妙 | 艳丽 | 别致 | 翠绿 | 明亮 | 质朴 | 浓郁 | 纯朴,爱不释手 | 隆重 | 朴实 | 刺骨 | 欢乐 | 融洽 | 红扑扑 | 激情,坚固 | 昌盛 | 灼热 | 安静 | 浓厚 | 日新月异 | 朝气蓬勃 | 甜美 | 广阔 | 醇厚 | 滋润 | 光泽,迷人 | 优美 | 古朴 | 明媚 | 美妙 | 艳丽 | 别致 | 翠绿 | 明亮 | 质朴 | 浓郁 | 纯朴 | 碧绿 | 壮丽 | 美丽 | 动人 | 晶莹 | 鲜艳 | 醇厚 | 精致 | 欢快 | 凉爽 | 宁静 | 奇特 | 宽阔 | 壮观 | 甜美 | 朴实 | 悦耳 | 柔软 | 柔和 | 宽敞 | 灿烂 | 细腻 | 秀美 | 优雅 | 安静 | 缤纷 | 秀丽 | 喧闹 | 茂密 | 整洁 | 引人入胜 | 动听 | 高雅 | 新奇 | 清新 | 新颖 | 清静 | 酣畅 | 辽阔 | 热闹 | 温暖 | 荒凉 | 丰富多彩 | 芬芳 | 清脆 | 浪漫 | 朴素 | 雄伟 | 开阔 | 茂盛 | 洋溢 | 悠闲 | 奇妙 | 红润 | 富有 | 宽广 | 暖烘烘 | 精美 | 舒畅 | 生动 | 寂静 | 丰满 | 华丽 | 宏伟 | 坚硬 | 高大 | 美观 | 动感 | 浓重 | 朦胧 | 逼真 | 晴朗 | 滋润 | 清凉 | 古老 | 丰盛 | 感人 | 光滑 | 鲜明 | 蓬勃 | 水灵灵 | 朝气蓬勃 | 红扑扑 | 甜蜜 | 广阔 | 富足 | 盛开 | 有趣 | 扣人心弦 | 湿润 | 欢乐 | 僻静 | 繁华 | 饱满 | 祥和 | 干净 | 暖和 | 崭新 | 洁净 | 舒适 | 凉快 | 宏大 | 五颜六色 | 整齐 | 新鲜 | 惊心动魄 | 熙熙攘攘 | 灼热 | 喜庆 | 火辣辣 | 浓厚 | 丰硕 | 平坦 | 精彩 | 坚固 | 多样 | 响亮 | 欣欣向荣 | 梦幻 | 坚实 | 变幻莫测 | 无比 | 光泽 | 热腾腾 | 醒目 | 深厚 | 和谐 | 怡然自得 | 清淡 | 光彩 | 肥沃 | 鲜活 | 兴旺 | 连绵 | 原汁原味 | 稠密 | 遥远 | 悠久 | 别具匠心 | 辉煌 | 融洽 | 曲折 | 分外 | 震撼 | 风光 | 耳目一新 | 激情 | 深远 | 拥挤 | 沸腾 | 深刻 | 纵横交错 | 刺骨 | 偏僻 | 怀旧 | 惊险 | 陌生 | 珍贵 | 寻常 | 火热 | 错综复杂 | 繁荣 | 安宁 | 旺盛 | 沉甸甸 | 优越 | 繁忙 | 川流不息 | 有声有色 | 富裕 | 狭小 | 狭窄 | 稀少 | 完好 | 惊天动地 | 稳固 | 均匀 | 隆重 | 昌盛 | 牢固 | 举世瞩目 | 持久 | 安定 | 火暴 | 日新月异 | 发达 | 圆满 | 爱不释手 | 巨大 | 偏远 | 深入人心 | 密集 | 划时代 | 有益 | 长足,203.85497118264325,0.919848855707975,0.05809503868958014,宽阔:1.000000 | 偏僻:1.000000 | 翠绿:1.000000 | 晶莹:1.000000 | 碧绿:0.999999 | 宽广:0.999999 | 古朴:0.999999 | 开阔:0.999999 | 宽敞:0.999998 | 宏伟:0.999992 | 暖烘烘:0.999989 | 辽阔:0.999989,张灯结彩:0.481614 | 丰厚:0.471418 | 流畅:0.404861 | 翻天覆地:0.388286 | 活泼:0.357333 | 可歌可泣:0.349430 | 亮丽:0.343400 | 精细:0.339806
2,176,0.33178665298456855,0.09849874401118829,0.056818181818181816,炎症 | 急性 | 病症 | 治疗 | 症状 | 疼痛 | 疾病 | 慢性 | 病人 | 腹泻 | 出血 | 患者,氧气 | 晕倒 | 遗体 | 刷牙 | 身心 | 智力 | 受伤 | 呼吸,睡眠 | 宇航员 | 切除 | 忌口 | 发炎 | 激素 | 心脏 | 视力 | 监护 | 食欲 | 阳性 | 失明,炎症 | 急性 | 病症 | 治疗 | 症状 | 疼痛 | 疾病 | 慢性 | 病人 | 腹泻 | 出血 | 患者 | 高血压 | 肿瘤 | 发炎 | 糖尿病 | 癌症 | 心脏病 | 抑郁症 | 肝脏 | 复发 | 发病 | 病情 | 病 | 确诊 | 患病 | 血压 | 过敏 | 咳嗽 | 手术 | 血栓 | 骨折 | 感冒 | 打针 | 痴呆 | 精神病 | 皮肤 | 治愈 | 急诊 | 呕吐 | 抑郁 | 患有 | 发作 | 失眠 | 肥胖 | 血管 | 休克 | 康复 | 癌 | 胎儿 | 伤口 | 患 | 激素 | 昏迷 | 头晕 | 诊断 | 生病 | 住院 | 针灸 | 损伤 | 麻醉 | 内科 | 外科 | 愈合 | 中毒 | 创伤 | 药物 | 心脏 | 气管 | 就诊 | 免疫 | 切除 | 肺 | 失明 | 孕妇 | 胃 | 临床 | 儿科 | 救治 | 发热 | 疗法 | 艾滋病 | 口腔 | 医生 | 感染 | 输液 | 痰 | 视力 | 发烧 | 体温 | 出院 | 晕车 | 流感 | 止血 | 睡眠 | 注射 | 服用 | 生理 | 唾液 | 血液 | 分泌 | 忌口 | 近视 | 衰老 | 出汗 | 体质 | 西医 | 急救 | 器官 | 副作用 | 中医 | 戒烟 | 护理 | 穴位 | 求医 | 伤势 | 怀孕 | 食欲 | 职业病 | 呼吸 | 包扎 | 神经 | 动脉 | 婴儿 | 细胞 | 人体 | 阳性 | 刷牙 | 阴性 | 减肥 | 不适 | 伤员 | 胚胎 | 护士 | 医学 | 安眠药 | 体检 | 肌肤 | 口吃 | 残疾 | 知觉 | 青春期 | 疲劳 | 催眠 | 化验 | 咽喉 | 按摩 | 新陈代谢 | 体重 | 聋 | 遗传 | 大脑 | 就医 | 献血 | 抢救 | 监护 | 受伤 | 儿童 | 晕倒 | 死亡 | 老年 | 发育 | 伤残 | 晚期 | 矫正 | 身心 | 饥饿 | 重伤 | 成人 | 兴奋剂 | 氧气 | 智力 | 减压 | 航天员 | 遗体 | 宇航员,175.20822040919253,0.9632005664814944,0.02924446742461957,确诊:1.000000 | 病情:1.000000 | 心脏病:1.000000 | 症状:1.000000 | 痴呆:1.000000 | 患:1.000000 | 发炎:0.999999 | 感冒:0.999999 | 肥胖:0.999997 | 患有:0.999997 | 癌症:0.999997 | 手术:0.999996,上火:0.470040 | 窒息:0.321442 | 上瘾:0.254999 | 腺:0.251263 | 孤儿:0.251153 | 门诊:0.197195 | 疗效:0.191183 | 解剖:0.147705
3,192,0.2633357847410201,0.04335018504891925,0.1875,学费 | 交纳 | 收据 | 支票 | 生活费 | 缴纳 | 付款 | 汇款 | 返还 | 报销 | 账单 | 款项,就业 | 件 | 履行 | 公职 | 遗嘱 | 公费 | 学费 | 废品,高额 | 取款 | 份 | 协议书 | 发放 | 凭证 | 生活费 | 抚养费 | 筹措 | 罚款 | 抽奖 | 钱,学费 | 交纳 | 收据 | 支票 | 生活费 | 缴纳 | 付款 | 汇款 | 返还 | 报销 | 账单 | 款项 | 定金 | 退休金 | 零花钱 | 费用 | 支付 | 话费 | 手续费 | 赔偿 | 捐款 | 减免 | 奖金 | 数额 | 利息 | 抚养费 | 回扣 | 小费 | 钱 | 发票 | 押金 | 工资 | 房租 | 捐助 | 领取 | 交费 | 收取 | 补助 | 还款 | 拨款 | 报酬 | 存折 | 欠条 | 挂失 | 捐赠 | 开支 | 缴费 | 经费 | 支出 | 津贴 | 凭证 | 掏钱 | 薪水 | 奖励 | 退票 | 钱财 | 偿还 | 开销 | 筹集 | 巨额 | 礼品 | 收费 | 资助 | 拖欠 | 机票 | 抚恤 | 自费 | 筹措 | 公款 | 申领 | 财物 | 借条 | 罚款 | 兑换 | 优惠 | 高额 | 捐献 | 奖品 | 补偿 | 送礼 | 公费 | 门票 | 发放 | 证件 | 福利 | 办理 | 车票 | 归还 | 红包 | 赠送 | 募捐 | 赡养 | 索取 | 购买 | 花费 | 礼物 | 嫁妆 | 折扣 | 扣除 | 负担 | 私房钱 | 挂号 | 外币 | 财产 | 订购 | 拿走 | 签证 | 取款 | 储蓄 | 大笔 | 救济 | 赞助 | 申请 | 退回 | 零钱 | 无偿 | 身份证 | 预订 | 援助 | 预算 | 预约 | 免费 | 救助 | 中奖 | 待遇 | 价钱 | 额外 | 抽奖 | 打折 | 逾期 | 兑现 | 护照 | 登记 | 公证 | 保管 | 出资 | 拿到 | 特权 | 承诺 | 节省 | 没收 | 月票 | 一次性 | 名额 | 财力 | 拿出 | 促销 | 执照 | 免除 | 转交 | 收回 | 高价 | 作废 | 分配 | 通行证 | 养老 | 节约 | 耗费 | 交付 | 笔 | 协议书 | 票价 | 遗嘱 | 出售 | 剩余 | 特价 | 送给 | 履行 | 工作量 | 回报 | 换取 | 自助 | 低价 | 打包 | 通知书 | 签字 | 降价 | 交给 | 公职 | 承担 | 移交 | 分担 | 废品 | 手头 | 套餐 | 买卖 | 回收 | 劳动力 | 就业 | 人手 | 件 | 份,191.59517467272943,0.8978181571503794,0.07364464608592532,拿走:0.999992 | 领取:0.999977 | 零花钱:0.999976 | 送给:0.999970 | 兑换:0.999944 | 礼物:0.999941 | 欠条:0.999908 | 嫁妆:0.999897 | 私房钱:0.999835 | 抚养费:0.999770 | 返还:0.999768 | 交纳:0.999756,养老金:0.475295 | 征收:0.463546 | 银行卡:0.462905 | 送到:0.427689 | 抵押:0.416212 | 修车:0.414095 | 纳税:0.407954 | 补贴:0.358461
4,174,0.24716279086087148,0.007931171012198802,0.42528735632183906,方法 | 路子 | 好处 | 举措 | 思路 | 步骤 | 诀窍 | 主意 | 原则 | 窍门 | 计策 | 措施,玩意儿 | 面子 | 黑手 | 饭碗 | 分寸 | 因人而异 | 能耐 | 可乘之机,分量 | 情报 | 好处 | 秘密 | 举动 | 难题 | 积极性 | 大事 | 方针 | 计划 | 规则 | 点子,方法 | 路子 | 好处 | 举措 | 思路 | 步骤 | 诀窍 | 主意 | 原则 | 窍门 | 计策 | 措施 | 出路 | 办法 | 招数 | 坏处 | 手段 | 难点 | 门路 | 难处 | 方针 | 毛病 | 目的 | 难题 | 用意 | 途径 | 秘诀 | 心思 | 意图 | 态度 | 动机 | 做法 | 短处 | 余地 | 把柄 | 益处 | 出发点 | 缺点 | 劲头 | 用处 | 本事 | 突破口 | 对策 | 时机 | 方式 | 效果 | 成效 | 初衷 | 前提 | 难度 | 本钱 | 帮手 | 职责 | 规律 | 手法 | 分寸 | 规矩 | 作用 | 活儿 | 举动 | 误区 | 机会 | 要领 | 权利 | 任务 | 架势 | 责任 | 原理 | 理由 | 机制 | 脑筋 | 难关 | 力度 | 重中之重 | 当务之急 | 方案 | 策略 | 圈套 | 成果 | 积极性 | 教训 | 甜头 | 细节 | 共识 | 选项 | 流程 | 程序 | 立场 | 动向 | 漏洞 | 要害 | 决策 | 大事 | 职能 | 下功夫 | 药方 | 算盘 | 东西 | 课题 | 意愿 | 规则 | 嫌疑 | 准则 | 证据 | 过程 | 工夫 | 底线 | 隐患 | 利益 | 玩意儿 | 后顾之忧 | 好事 | 关键 | 瓶颈 | 点子 | 面子 | 陷阱 | 工具 | 呼声 | 效益 | 环节 | 基础 | 进展 | 利害 | 靶子 | 大局 | 进程 | 心病 | 限度 | 警钟 | 胃口 | 形式 | 补救 | 线索 | 条件 | 行动 | 时间表 | 形势 | 底子 | 进度 | 火候 | 要点 | 筹码 | 黑手 | 定心丸 | 步 | 圈子 | 代价 | 能耐 | 分工 | 担子 | 可乘之机 | 顺序 | 指示 | 包袱 | 见效 | 秘密 | 好坏 | 位子 | 路线 | 计划 | 诱饵 | 分量 | 与否 | 一干二净 | 工序 | 指令 | 因人而异 | 饭碗 | 情报 | 生意 | 全局 | 下去 | 亡羊补牢,167.1184084947114,0.8741069584651736,0.09532391580868081,步骤:0.999998 | 路子:0.999978 | 把柄:0.999967 | 计策:0.999963 | 火候:0.999943 | 方法:0.999933 | 门路:0.999864 | 难点:0.999854 | 主意:0.999757 | 意图:0.999680 | 劲头:0.999673 | 底子:0.999671,棋子:0.425750 | 想法:0.379767 | 坏事:0.369106 | 议题:0.352249 | 道理:0.346715 | 信号:0.341468 | 样子:0.300163 | 要素:0.299641
5,170,0.30779580598574574,0.07592892778524797,0.17058823529411765,补习 | 入学 | 上课 | 高中 | 初中 | 学校 | 考试 | 研究生 | 大学 | 学生 | 课程 | 学期,星期日 | 结婚 | 成家 | 养老院 | 通宵 | 出差 | 上班 | 剧组,复习 | 写作 | 求职 | 剧组 | 考生 | 留学生 | 硕士 | 排练 | 选拔 | 函授 | 参军 | 就读,补习 | 入学 | 上课 | 高中 | 初中 | 学校 | 考试 | 研究生 | 大学 | 学生 | 课程 | 学期 | 念书 | 报考 | 选修 | 上学 | 自学 | 毕业 | 升学 | 学业 | 补考 | 年级 | 补课 | 转学 | 本科 | 毕业生 | 读书 | 外语 | 小学 | 复习 | 就读 | 教师 | 讲课 | 备课 | 考 | 开学 | 退学 | 预习 | 进修 | 中学 | 口试 | 学年 | 学时 | 课 | 招生 | 教学 | 面试 | 高考 | 学习 | 寒假 | 理科 | 暑假 | 英语 | 文凭 | 班级 | 录取 | 求学 | 笔试 | 夜校 | 硕士 | 函授 | 奖学金 | 学分 | 培训 | 听讲 | 师范 | 班 | 实习 | 学员 | 学位 | 应聘 | 攻读 | 家教 | 口语 | 留学 | 考生 | 工科 | 师资 | 必修 | 旷课 | 作文 | 勤工俭学 | 功课 | 放学 | 文科 | 中小学 | 在职 | 学 | 中学生 | 课堂 | 写作 | 学历 | 兼职 | 培训班 | 留学生 | 辅导 | 求职 | 小学生 | 识字 | 汉语 | 出国 | 驾照 | 幼儿园 | 学科 | 分数 | 测验 | 打工 | 大学生 | 开夜车 | 听写 | 学艺 | 公务员 | 请假 | 上班 | 私立 | 科目 | 初一 | 讲学 | 答辩 | 学堂 | 下课 | 听力 | 办学 | 及格 | 排练 | 报名 | 招聘 | 社团 | 上岗 | 练 | 俄语 | 报到 | 普通话 | 子弟 | 加班 | 文盲 | 公立 | 初等 | 夜班 | 选拔 | 作业 | 结婚 | 看病 | 家政 | 出差 | 试用期 | 下岗 | 聋人 | 训 | 退休 | 开会 | 下乡 | 入门 | 礼拜 | 职位 | 工作 | 通宵 | 成家 | 参军 | 剧团 | 迟到 | 晋升 | 年薪 | 外地 | 自理 | 星期日 | 养老院 | 人数 | 抽签 | 剧组,168.26757645272963,0.9296123406948523,0.05291357569753023,自学:0.999999 | 备课:0.999999 | 复习:0.999999 | 补习:0.999998 | 学期:0.999997 | 预习:0.999996 | 初中:0.999996 | 上课:0.999995 | 学分:0.999992 | 上学:0.999992 | 考试:0.999992 | 听讲:0.999990,放假:0.487334 | 民办:0.483593 | 学院:0.446453 | 演戏:0.412244 | 从业:0.395279 | 日语:0.377306 | 下班:0.337752 | 名额:0.329026
6,268,0.20346881182296156,-0.022052718564899917,0.7201492537313433,粗 | 松 | 横 | 斜 | 白 | 厚 | 壮 | 阔 | 顺 | 薄 | 淡 | 亮,道 | 一长一短 | 秃 | 钩 | 纱 | 撇 | 绕 | 竖,道 | 〇 | 放水 | 闲 | 口 | 近 | 拨 | 番 | 远 | 发 | 鹰 | 置,粗 | 松 | 横 | 斜 | 白 | 厚 | 壮 | 阔 | 顺 | 薄 | 淡 | 亮 | 秃 | 宽 | 长 | 密 | 豁 | 玄 | 陡 | 绿 | 暗 | 竖 | 静 | 窄 | 暖 | 直 | 合 | 玉 | 透 | 圆 | 腾 | 削 | 润 | 凹 | 扬 | 立 | 细 | 软 | 色 | 紧 | 稳 | 叠 | 保 | 利 | 勒 | 稀 | 浮 | 定 | 矮 | 重 | 闲 | 偏 | 切 | 硬 | 精 | 移 | 绣 | 缓 | 凸 | 格 | 猛 | 虚 | 平 | 旺 | 福 | 短 | 弱 | 浅 | 布 | 富 | 扁 | 缩 | 特 | 飞 | 散 | 蓝 | 久 | 形 | 俊 | 停 | 减 | 延 | 杂 | 深 | 妙 | 黄 | 慢 | 披 | 雕 | 登 | 尖 | 塞 | 截 | 牛 | 略 | 钩 | 叉 | 增 | 撇 | 急 | 迟 | 饶 | 降 | 金 | 清 | 傲 | 子 | 绕 | 通 | 补 | 裁 | 轻 | 气 | 胜 | 空 | 印 | 顶 | 映 | 退 | 信 | 光 | 阴 | 高 | 少 | 快 | 跌 | 公 | 涨 | 差 | 足 | 升 | 银 | 德 | 墨 | 优 | 一长一短 | 马 | 聚 | 严 | 晴 | 小 | 藏 | 收 | 铁 | 融 | 运 | 发 | 调 | 准 | 齐 | 安 | 龙 | 力 | 改 | 迈 | 尺 | 鹰 | 良 | 环 | 销 | 蒙 | 结 | 大 | 折 | 远 | 显 | 汇 | 洋 | 广 | 转 | 胆 | 行 | 低 | 征 | 炼 | 锡 | 采 | 建 | 续 | 扣 | 顾 | 隔 | 整 | 妥 | 货 | 扩 | 照 | 谱 | 云 | 裸 | 口 | 押 | 丁 | 独 | 角 | 美 | 强 | 管 | 望 | 标 | 招 | 临 | 满 | 铃 | 创 | 入 | 划 | 朱红 | 如意 | 道 | 甲 | 拨 | 板 | 关 | 纱 | 排 | 废 | 混 | 寸 | 料 | 服 | 列 | 丙 | 兹 | 罗 | 超 | 曰 | 限 | 险 | 王 | 法 | 圈 | 封 | 科 | 梅花 | 迁 | 串 | 止 | 投 | 侧 | 右 | 乙 | 极 | 卷 | 担 | 忌 | 吉利 | 置 | 依 | 筹 | 放水 | 左 | 克 | 近 | 制 | 九 | 棒 | 太平 | 报 | 负 | 千 | 跨 | 计 | 番 | 设 | 归 | 流水 | 〇,275.43437519842087,0.8643273535633262,0.09697555032601117,偏:0.999989 | 弱:0.999981 | 稳:0.999918 | 窄:0.999906 | 慢:0.999748 | 细:0.999727 | 高:0.999688 | 密:0.999541 | 短:0.999508 | 富:0.999463 | 格:0.999398 | 宽:0.999372,弯:0.495911 | 红:0.483089 | 毛:0.466022 | 耗:0.460709 | 熊:0.450481 | 产:0.450130 | 方:0.445108 | 动:0.437662
7,193,0.37062983256658405,0.08989921553827106,0.06217616580310881,沮丧 | 羞愧 | 诧异 | 惊讶 | 茫然 | 气愤 | 吃惊 | 难过 | 惊诧 | 伤心 | 惋惜 | 惭愧,夸奖 | 酸甜苦辣 | 动弹 | 苦难 | 打动 | 眉开眼笑 | 称赞 | 心里话,受惊 | 自卑 | 赞赏 | 大吃一惊 | 遗憾 | 恍然大悟 | 尴尬 | 振作 | 好奇 | 生气 | 后悔 | 满意,沮丧 | 羞愧 | 诧异 | 惊讶 | 茫然 | 气愤 | 吃惊 | 难过 | 惊诧 | 伤心 | 惋惜 | 惭愧 | 慌张 | 叹气 | 伤感 | 绝望 | 惊慌 | 焦躁 | 悔恨 | 苦恼 | 失望 | 焦急 | 激动 | 痛心 | 生气 | 悲伤 | 欣喜 | 不安 | 慌乱 | 欣慰 | 委屈 | 烦躁 | 难受 | 愤怒 | 悲哀 | 痛苦 | 胆怯 | 心酸 | 难堪 | 疑惑 | 兴奋 | 自责 | 疲倦 | 不解 | 心慌 | 苦笑 | 疲惫 | 难为情 | 愁眉苦脸 | 怨恨 | 惊奇 | 垂头丧气 | 哭笑不得 | 为难 | 害怕 | 恐惧 | 不耐烦 | 悲痛 | 惊慌失措 | 畏惧 | 发愣 | 无奈 | 失落 | 无可奈何 | 哭泣 | 高兴 | 狼狈 | 困惑 | 摇头 | 迷惑不解 | 忧愁 | 后悔 | 感动 | 感慨 | 泄气 | 着急 | 目瞪口呆 | 哆嗦 | 灰心 | 颤抖 | 烦闷 | 焦虑 | 敬佩 | 发抖 | 气馁 | 震惊 | 流泪 | 纳闷儿 | 恍然大悟 | 迟疑 | 漠然 | 冷笑 | 犹豫 | 不已 | 惊叹 | 呜咽 | 消沉 | 得意 | 钦佩 | 尴尬 | 感到 | 畏缩 | 自卑 | 发怒 | 自豪 | 歉意 | 疲惫不堪 | 恼羞成怒 | 大吃一惊 | 过意不去 | 遗憾 | 感叹 | 恋恋不舍 | 忧郁 | 咧嘴 | 安慰 | 骄傲 | 醒悟 | 哀求 | 沉思 | 泪水 | 窘迫 | 半信半疑 | 赞叹 | 头疼 | 佩服 | 振奋 | 精疲力竭 | 无精打采 | 喜出望外 | 好奇 | 无话可说 | 心急如焚 | 眉开眼笑 | 麻木 | 不以为然 | 沉默 | 感触 | 惊醒 | 惨白 | 眼泪 | 发脾气 | 通红 | 提心吊胆 | 犹豫不决 | 吃力 | 怨言 | 怨气 | 挣扎 | 忙乱 | 同感 | 着迷 | 受惊 | 无能为力 | 思前想后 | 烦恼 | 一筹莫展 | 辛酸 | 赞许 | 醒来 | 动弹 | 振作 | 受苦 | 死心 | 措手不及 | 身不由己 | 满意 | 泪 | 怠慢 | 忙碌 | 好感 | 力不从心 | 发火 | 赞叹不已 | 夸奖 | 苦难 | 挫折 | 酣睡 | 记忆犹新 | 直视 | 磨难 | 心里话 | 苏醒 | 喘息 | 赞赏 | 罢休 | 窒息 | 共鸣 | 流血 | 称赞 | 赞不绝口 | 酸甜苦辣 | 打动,190.32983919885802,0.9157300598931277,0.06185063715187865,焦急:0.999997 | 疲倦:0.999994 | 疲惫:0.999994 | 惊诧:0.999991 | 焦躁:0.999988 | 沮丧:0.999987 | 流泪:0.999980 | 诧异:0.999953 | 慌乱:0.999953 | 激动:0.999947 | 惊叹:0.999944 | 慌张:0.999944,退缩:0.467897 | 不服气:0.443396 | 睡着:0.437149 | 庆幸:0.414088 | 崩溃:0.380495 | 劳累:0.373635 | 扫兴:0.370732 | 忍耐:0.338405
8,365,0.18248378103244378,-0.02006672814929359,0.6876712328767123,月初 | 此前 | 月底 | 年初 | 上个月 | 今年 | 上周 | 预计 | 近期 | 月份 | 此后 | 之前,一早 | 早晚 | 下来 | 半天 | 下午 | 主 | 钟头 | 明天,提早 | 明年 | 后天 | 据此 | 段 | 其后 | 次数 | 称作 | 工作日 | 未 | 二 | 点,月初 | 此前 | 月底 | 年初 | 上个月 | 今年 | 上周 | 预计 | 近期 | 月份 | 此后 | 之前 | 下旬 | 至此 | 当日 | 刚刚 | 中旬 | 目前 | 上旬 | 年底 | 截至 | 随后 | 去年 | 届时 | 日 | 前天 | 当天 | 接下来 | 次日 | 昨天 | 下个月 | 其后 | 今日 | 明日 | 累计 | 日前 | 当晚 | 晚间 | 上午 | 之后 | 迄今 | 下午 | 月 | 期间 | 全年 | 过后 | 再度 | 前夕 | 截止 | 以来 | 共计 | 近日 | 连续 | 即将 | 总共 | 今天 | 同期 | 明年 | 将近 | 年前 | 前不久 | 结束 | 前期 | 季度 | 不久 | 已 | 稍后 | 凌晨 | 一共 | 迄今为止 | 最近 | 前后 | 周 | 明天 | 后 | 此次 | 时隔 | 陆续 | 前年 | 星期 | 刚 | 后续 | 前 | 超过 | 转眼 | 继 | 直到 | 鉴于 | 日后 | 大约 | 合计 | 至今 | 剩下 | 同年 | 约 | 共有 | 仅 | 晚 | 先后 | 尚未 | 正式 | 整整 | 自从 | 其余 | 开始 | 由此 | 首次 | 推迟 | 据 | 再次 | 年 | 上述 | 据悉 | 历时 | 初期 | 宣布 | 后期 | 即 | 一早 | 相继 | 总计 | 近来 | 提前 | 最后 | 与此同时 | 纵观 | 期末 | 其中 | 除 | 延期 | 后年 | 短期 | 初 | 先前 | 当前 | 此外 | 暂 | 将要 | 自 | 共 | 一度 | 低于 | 至 | 直至 | 全部 | 天 | 平均 | 首批 | 上次 | 经过 | 初步 | 据此 | 为止 | 完毕 | 为期 | 年度 | 终于 | 工作日 | 将 | 未 | 有望 | 根据 | 末 | 期 | 等到 | 拟 | 显示 | 往后 | 分别 | 高于 | 期中 | 早 | 本期 | 暂时 | 中期 | 粗略 | 左右 | 故 | 第二 | 占 | 继续 | 按照 | 长达 | 近年来 | 基于 | 暂停 | 过半 | 往年 | 待 | 完 | 相当于 | 敬请 | 综上所述 | 快要 | 上调 | 半 | 上期 | 重新 | 钟头 | 宣告 | 提早 | 剔除 | 大致 | 总数 | 小于 | 表明 | 曾 | 小时 | 尾声 | 可见 | 分钟 | 作为 | 包括 | 何时 | 下期 | 迟迟 | 终止 | 从 | 时 | 除去 | 半数 | 折合 | 经 | 亦 | 时间 | 本 | 仅次于 | 半天 | 次 | 由 | 第 | 为此 | 国内 | 获 | 对应 | 年终 | 分 | 季 | 以上 | 依次 | 基本 | 多久 | 持有 | 及 | 若 | 分为 | 时期 | 部分 | 数 | 其间 | 后天 | 按 | 该 | 首 | 定为 | 乃 | 此 | 属于 | 大于 | 集体 | 回 | 视为 | 收复 | 逢 | 源于 | 倒数 | 次数 | 简称 | 原有 | 五 | 所 | 改为 | 十 | 各 | 合并 | 两 | 皆 | 随 | 屡 | 到 | 以下 | 其 | 稍候 | 于 | 来自 | 同一 | 过 | 一半 | 六 | 传出 | 七 | 公元 | 初次 | 列为 | 与 | 持 | 间接 | 中 | 记者 | 三 | 构成 | 早晚 | 介于 | 原 | 起 | 率 | 为 | 以 | 上 | 系 | 含 | 尚 | 在内 | 下 | 年代 | 附 | 属 | 及其 | 来源于 | 八 | 钟 | 注 | 垫底 | 唯 | 称为 | 同 | 变为 | 非 | 下来 | 广义 | 许 | 变成 | 可 | 致 | 正 | 如 | 并列 | 成 | 称作 | 放到 | 图 | 段 | 纯 | 全 | 凡 | 节 | 无 | 指 | 点 | 总 | 换成 | 一 | 出 | 每 | 个 | 出自 | 主 | 凭 | 改名 | 代 | 叫作 | 勿 | 二 | 参见 | 化,366.9717756352492,0.8485604852578233,0.10838774299468125,当天:0.999908 | 共:0.999864 | 时隔:0.999842 | 月初:0.999764 | 此次:0.999760 | 届时:0.999734 | 晚间:0.999699 | 同年:0.999687 | 当日:0.999686 | 继:0.999643 | 故:0.999567 | 首次:0.999540,以后:0.483929 | 已经:0.478866 | 以及:0.475125 | 一连:0.473041 | 完了:0.462442 | 分成:0.450530 | 达到:0.443052 | 超出:0.426444
9,235,0.2508812515678092,0.031125229601433956,0.28085106382978725,山岭 | 树林 | 峡谷 | 丘陵 | 山坡 | 山谷 | 山顶 | 海岸 | 山峰 | 沿岸 | 河流 | 湖泊,场所 | 黑夜 | 平安 | 地名 | 大雁 | 波浪 | 黎明 | 阳光,座 | 瀑布 | 北 | 运河 | 柏树 | 堤坝 | 坡 | 路 | 桃树 | 海 | 地区 | 山冈,山岭 | 树林 | 峡谷 | 丘陵 | 山坡 | 山谷 | 山顶 | 海岸 | 山峰 | 沿岸 | 河流 | 湖泊 | 小溪 | 平原 | 湖 | 东边 | 山 | 河 | 海滨 | 村庄 | 北部 | 西边 | 山区 | 海面 | 池塘 | 柏树 | 沙漠 | 堤坝 | 小路 | 沟 | 南边 | 礁石 | 岛屿 | 北边 | 南部 | 雪山 | 高山 | 城墙 | 树荫 | 树木 | 大海 | 松树 | 树梢 | 森林 | 山路 | 草原 | 柳树 | 坝 | 水库 | 山冈 | 宫殿 | 郊外 | 悬崖 | 瀑布 | 河畔 | 岩石 | 水域 | 丛林 | 地带 | 岸 | 山川 | 坡 | 天空 | 庙 | 堤 | 东南 | 戈壁 | 景观 | 运河 | 果园 | 槐树 | 奇花异草 | 风景 | 流域 | 桥 | 寺庙 | 海域 | 陆地 | 海湾 | 草地 | 地形 | 高原 | 海拔 | 坟 | 遗址 | 上空 | 岛 | 建筑物 | 深处 | 古迹 | 坟墓 | 水面 | 大道 | 半岛 | 名胜 | 沿海 | 郊区 | 泥土 | 路段 | 东部 | 西北 | 桃树 | 洞 | 墓地 | 大地 | 公墓 | 纪念碑 | 牧场 | 波涛 | 寺 | 杨树 | 中部 | 交界 | 地段 | 教堂 | 彩霞 | 村 | 树 | 绿化 | 西南 | 海洋 | 西部 | 通往 | 碑 | 墓碑 | 绿地 | 皇宫 | 街 | 道路 | 沿线 | 江 | 滨海 | 境内 | 庄园 | 墓 | 乡 | 棵 | 蓝天 | 海 | 雪 | 海峡 | 冰雪 | 城 | 西 | 泉 | 国土 | 北 | 园林 | 废墟 | 尽头 | 南 | 雨 | 远方 | 芦花 | 农场 | 南北 | 园 | 黑夜 | 地区 | 路 | 屯 | 荆棘 | 宫 | 家园 | 热带 | 地域 | 首府 | 东 | 地名 | 塔 | 一带 | 十字路口 | 田 | 角落 | 园地 | 北极 | 座 | 博物馆 | 镇 | 天上 | 桥梁 | 古 | 太阳 | 北方 | 水利 | 雾 | 港口 | 边界 | 东北 | 波浪 | 天堂 | 界线 | 地方 | 井 | 附近 | 县 | 彩虹 | 周边 | 都市 | 纵深 | 南极 | 大雁 | 株 | 天地 | 风雨 | 窑 | 阳光 | 两岸 | 位于 | 气象 | 堂 | 黎明 | 南方 | 处 | 文物 | 风水 | 风 | 相连 | 相通 | 距 | 轨道 | 景 | 东方 | 时空 | 台风 | 院 | 旭日 | 一路 | 通道 | 场所 | 直达 | 管辖 | 何处 | 间 | 平安,239.57939388172758,0.899965906799238,0.07192089505817185,坟:0.999999 | 庙:0.999995 | 坟墓:0.999992 | 柏树:0.999989 | 交界:0.999897 | 小溪:0.999888 | 古迹:0.999884 | 沟:0.999874 | 河:0.999846 | 山冈:0.999841 | 峡谷:0.999840 | 深处:0.999822,屋:0.480048 | 月亮:0.463240 | 枢纽:0.459734 | 无边:0.442091 | 边境:0.441924 | 清真寺:0.439353 | 社:0.430412 | 阶梯:0.425272
10,231,0.26720135478821233,0.0025577989528146375,0.4935064935064935,看见 | 旁边 | 那儿 | 那边 | 老远 | 外边 | 这儿 | 外头 | 前边 | 后边 | 回去 | 瞧,希望 | 真心 | 目睹 | 心里 | 打算 | 必 | 做梦 | 俯首,两侧 | 大伙儿 | 里面 | 下手 | 指着 | 真心 | 只见 | 呀 | 见到 | 空儿 | 右边 | 边,看见 | 旁边 | 那儿 | 那边 | 老远 | 外边 | 这儿 | 外头 | 前边 | 后边 | 回去 | 瞧 | 待会儿 | 回来 | 挨着 | 碰见 | 那里 | 跟前 | 门口 | 一会儿 | 外面 | 远处 | 这边 | 楼下 | 后面 | 前面 | 回头 | 快点儿 | 路过 | 呀 | 上边 | 看到 | 哈哈 | 空儿 | 刚才 | 下楼 | 对面 | 里边 | 下边 | 底下 | 晓得 | 咱 | 嘿 | 左边 | 望见 | 过来 | 右边 | 上面 | 进去 | 里头 | 嘛 | 咱们 | 一边 | 楼上 | 心里 | 一眼 | 只见 | 隔壁 | 一块儿 | 认得 | 请坐 | 见到 | 此刻 | 身边 | 下面 | 上头 | 碰到 | 里面 | 一路上 | 知道 | 停下 | 帮忙 | 顺着 | 碰巧 | 留神 | 遇见 | 哪儿 | 站住 | 不一会儿 | 仿佛 | 这里 | 好久 | 指着 | 碰上 | 前头 | 想到 | 似的 | 听说 | 叫 | 说 | 哇 | 见过 | 眼前 | 里 | 上去 | 进来 | 后头 | 上楼 | 去 | 旁 | 拜托 | 想起 | 趁着 | 大伙儿 | 顺路 | 一晃 | 哦 | 边 | 顺便 | 好似 | 亲眼 | 梦见 | 吧 | 岸上 | 干什么 | 两边 | 认出 | 记得 | 改日 | 到处 | 哪里 | 隐约 | 发觉 | 缓缓 | 谢谢 | 久仰 | 穿过 | 啦 | 一瞬间 | 胆子 | 往 | 走近 | 灵机一动 | 放下 | 中间 | 见 | 眼看 | 帮 | 一刹那 | 一起 | 上来 | 不见 | 周围 | 下次 | 遇到 | 出去 | 大家 | 朋友们 | 眼里 | 诸位 | 做梦 | 告诉 | 着 | 真心 | 来到 | 脑海 | 四处 | 遇上 | 来回 | 豁出去 | 慢慢来 | 恭喜 | 有事 | 先 | 趁 | 一面 | 俯首 | 来 | 们 | 敢 | 发现 | 目睹 | 直奔 | 您 | 四面八方 | 便道 | 一口气 | 回到 | 各位 | 半路 | 下手 | 沿着 | 独自 | 推开 | 但愿 | 紧紧 | 看得见 | 趟 | 瞬间 | 遍地 | 时时 | 请进 | 错过 | 带路 | 此处 | 赫然 | 求 | 处处 | 两侧 | 有幸 | 趁早 | 站 | 请 | 相信 | 等待 | 准备 | 四周 | 打算 | 徐徐 | 越过 | 犹如 | 希望 | 加油 | 敞开 | 得知 | 俗话 | 离 | 侧面 | 分明 | 地 | 时刻 | 朝 | 一道 | 顺势 | 沿 | 尽 | 透过 | 遇 | 必 | 如一 | 向,232.4718607257318,0.8860225796602468,0.08258045290807237,前边:0.999997 | 里边:0.999996 | 下边:0.999994 | 碰见:0.999994 | 里头:0.999990 | 外边:0.999988 | 旁边:0.999986 | 后边:0.999983 | 碰上:0.999979 | 那边:0.999976 | 底下:0.999974 | 遇上:0.999965,感觉:0.452355 | 师傅:0.451105 | 一齐:0.449284 | 干吗:0.442405 | 多亏:0.416661 | 张扬:0.416114 | 明天:0.406326 | 找:0.401025
11,180,0.245450533715271,0.00862179166886519,0.4222222222222222,逃走 | 逃跑 | 遇险 | 降落 | 行驶 | 绕行 | 驾车 | 转弯 | 下车 | 赶往 | 航行 | 巡逻,不辞而别 | 失控 | 打雷 | 动静 | 守株待兔 | 摔倒 | 赴 | 失灵,堵车 | 出山 | 飞行 | 逃生 | 划船 | 进场 | 集结 | 潜水 | 预报 | 倒车 | 终点 | 熄火,逃走 | 逃跑 | 遇险 | 降落 | 行驶 | 绕行 | 驾车 | 转弯 | 下车 | 赶往 | 航行 | 巡逻 | 堵车 | 拐弯 | 营救 | 乘坐 | 搭乘 | 迷路 | 救援 | 撤离 | 呼救 | 逃生 | 逃亡 | 步行 | 躲避 | 抵达 | 停泊 | 追尾 | 躲藏 | 起飞 | 赶到 | 徒步 | 出事 | 离开 | 乘车 | 掉头 | 起程 | 疏散 | 赶赴 | 侦察 | 搜救 | 飞行 | 避难 | 飞往 | 动身 | 到达 | 登机 | 熄火 | 行走 | 冲撞 | 返回 | 下山 | 报警 | 求救 | 摔倒 | 前往 | 往返 | 车祸 | 出动 | 失踪 | 故障 | 晚点 | 问路 | 车速 | 脱身 | 着火 | 撞击 | 刹车 | 奔赴 | 上车 | 滞留 | 奔跑 | 阻拦 | 肇事 | 急转弯 | 事故 | 丧生 | 驾驶 | 搜寻 | 穿越 | 倒车 | 遇难 | 路程 | 航班 | 探险 | 后退 | 减速 | 路况 | 机动 | 搏斗 | 停电 | 来往 | 等候 | 超车 | 埋伏 | 乘 | 监视 | 伤亡 | 通行 | 行程 | 靠近 | 危急 | 超速 | 火灾 | 歼灭 | 解围 | 集结 | 遥控 | 长途 | 登山 | 进出 | 藏身 | 住处 | 飞翔 | 延误 | 战斗 | 发射 | 探测 | 潜水 | 相遇 | 红灯 | 划船 | 通车 | 指挥 | 掩护 | 风浪 | 化险为夷 | 隐身 | 下落 | 不辞而别 | 违章 | 包围 | 出发 | 出入 | 降临 | 乔装 | 值班 | 昼夜 | 失灵 | 绿灯 | 野外 | 得手 | 距离 | 观测 | 失控 | 线路 | 空难 | 打雷 | 碰撞 | 漫游 | 联络 | 操控 | 汇合 | 登陆 | 终点 | 渡过 | 破案 | 中断 | 搁浅 | 向导 | 往来 | 预定 | 航海 | 归来 | 出山 | 地点 | 关闭 | 赴 | 进场 | 幸免 | 预报 | 摇摆 | 噪音 | 守株待兔 | 停业 | 动静 | 突击 | 防御 | 入场 | 接力,180.0467406472274,0.9098261826702073,0.06869172484011575,遇险:0.999999 | 侦察:0.999990 | 呼救:0.999976 | 赶赴:0.999951 | 逃生:0.999940 | 转弯:0.999923 | 追尾:0.999857 | 降落:0.999839 | 起程:0.999769 | 巡逻:0.999761 | 奔跑:0.999712 | 救援:0.999605,千钧一发:0.459753 | 跳伞:0.432343 | 过境:0.387734 | 调度:0.374794 | 出走:0.349572 | 爆炸:0.344864 | 远程:0.332214 | 地震:0.326661
12,265,0.30319707568825893,0.05500215860039444,0.10566037735849057,箱子 | 衣架 | 袜子 | 椅子 | 拖鞋 | 凳子 | 柜子 | 杯子 | 梳子 | 垫子 | 毯子 | 裤子,影像 | 银幕 | 皮球 | 电视 | 地图 | 树枝 | 杠铃 | 图纸,剪刀 | 背包 | 裤子 | 屏幕 | 圆珠笔 | 口子 | 铲子 | 磁带 | 风筝 | 时装 | 光盘 | 球鞋,箱子 | 衣架 | 袜子 | 椅子 | 拖鞋 | 凳子 | 柜子 | 杯子 | 梳子 | 垫子 | 毯子 | 裤子 | 衣服 | 水壶 | 枕头 | 窗帘 | 皮包 | 拉锁 | 裙子 | 大衣 | 毛衣 | 围巾 | 桌子 | 钳子 | 毛巾 | 书包 | 衬衣 | 鞋 | 外套 | 皮鞋 | 牙刷 | 脸盆 | 扇子 | 被子 | 蚊帐 | 藤椅 | 刷子 | 衬衫 | 台灯 | 绳子 | 书桌 | 手套 | 领带 | 上衣 | 帐子 | 剪子 | 沙发 | 木板 | 帘子 | 剪刀 | 手帕 | 雨衣 | 棍子 | 瓶子 | 书橱 | 凉鞋 | 抽屉 | 纽扣 | 睡袋 | 铅笔 | 筷子 | 盒子 | 叉子 | 书柜 | 写字台 | 球鞋 | 圆珠笔 | 地毯 | 钢笔 | 短裤 | 镜子 | 书架 | 牛仔裤 | 皮带 | 灯泡 | 西装 | 吸管 | 竹竿 | 羽绒服 | 录音机 | 背包 | 兜儿 | 铲子 | 木头 | 帽子 | 火柴 | 盖子 | 手表 | 马桶 | 眼镜 | 项链 | 梯子 | 高跟鞋 | 橡皮 | 棺材 | 话筒 | 背心 | 球拍 | 内衣 | 绷带 | 钉子 | 靴子 | 戒指 | 口罩 | 船桨 | 玩具 | 毛笔 | 笔记本 | 螺丝 | 胶带 | 耳机 | 辫子 | 易拉罐 | 树枝 | 花瓶 | 盘子 | 家具 | 首饰 | 电视机 | 钩子 | 文具 | 卡子 | 口袋 | 蜡烛 | 尺子 | 筐 | 地板 | 灯笼 | 床 | 炉子 | 伞 | 电脑 | 柱子 | 架子 | 石头 | 旗袍 | 打印机 | 相机 | 水槽 | 收音机 | 笼子 | 物品 | 充电器 | 轮子 | 塑料袋 | 钥匙 | 水管 | 磁带 | 鼠标 | 灯 | 香烟 | 笛子 | 墨水 | 禅杖 | 水龙头 | 后备箱 | 礼服 | 音响 | 黑板 | 冰箱 | 洗衣机 | 闹钟 | 零件 | 工艺品 | 筒 | 摄像机 | 管子 | 手枪 | 服装 | 钞票 | 开关 | 喇叭 | 温度计 | 键盘 | 鞭炮 | 手机 | 箱 | 硬币 | 斧子 | 纸 | 钱包 | 尼龙 | 贺卡 | 刀 | 牌子 | 按键 | 砖 | 塑料 | 风筝 | 轮椅 | 玻璃 | 道具 | 显示器 | 屏幕 | 盒 | 沙子 | 方向盘 | 炉灶 | 刺绣 | 框 | 外衣 | 瓷器 | 杠铃 | 婚纱 | 气球 | 秤 | 胶水 | 胶片 | 墙 | 锤子 | 光碟 | 贝壳 | 池子 | 车轮 | 硬盘 | 发型 | 望远镜 | 镜头 | 磁卡 | 彩电 | 服饰 | 机器 | 磁盘 | 水晶 | 电视 | 火药 | 宝石 | 指南针 | 马车 | 器械 | 珠宝 | 爆竹 | 图纸 | 盏 | 光盘 | 棋子 | 彩色 | 皮球 | 包装 | 时装 | 鲜花 | 液晶 | 杆 | 钻石 | 名片 | 专柜 | 菜单 | 车轴 | 标签 | 块 | 牌 | 口子 | 架 | 壳 | 招牌 | 地图 | 吉祥物 | 花样 | 银幕 | 枚 | 门 | 数码 | 影像 | 金字塔 | 桩,266.0448290307227,0.925359417160366,0.0549606443074871,上衣:1.000000 | 衬衣:1.000000 | 领带:1.000000 | 大衣:1.000000 | 衬衫:1.000000 | 西装:0.999999 | 裙子:0.999998 | 皮包:0.999998 | 外套:0.999997 | 垫子:0.999997 | 裤子:0.999996 | 礼服:0.999993,电线:0.457092 | 丝绸:0.452225 | 子弹:0.436332 | 尾巴:0.384848 | 古董:0.373213 | 跑车:0.355582 | 天线:0.353916 | 电灯:0.348696
13,277,0.2579567333362199,0.021956750833597452,0.3574007220216607,音乐 | 歌曲 | 戏剧 | 舞蹈 | 歌剧 | 话剧 | 电影 | 诗歌 | 演唱 | 独唱 | 节目 | 歌词,文字 | 赛场 | 夏令营 | 狂欢 | 水货 | 标题 | 告示 | 跳舞,网页 | 听众 | 燃放 | 电影 | 卫视 | 动画片 | 扑克 | 偶像 | 画家 | 导演 | 车展 | 读者,音乐 | 歌曲 | 戏剧 | 舞蹈 | 歌剧 | 话剧 | 电影 | 诗歌 | 演唱 | 独唱 | 节目 | 歌词 | 歌舞 | 表演 | 漫画 | 朗诵 | 歌唱 | 合唱 | 演出 | 相声 | 歌手 | 喜剧 | 戏曲 | 杂技 | 民歌 | 绘画 | 交响乐 | 乐曲 | 演奏 | 动画 | 芭蕾 | 唱歌 | 作品 | 动画片 | 纪录片 | 文学 | 音乐会 | 创作 | 艺术 | 短片 | 电视剧 | 演员 | 京剧 | 美术 | 影片 | 散文 | 导演 | 小说 | 摇滚 | 伴奏 | 文艺 | 剧 | 摄影 | 歌星 | 演唱会 | 配音 | 主题歌 | 剧目 | 书法 | 华语 | 跳舞 | 录制 | 小品 | 编剧 | 抒情 | 武术 | 戏 | 吉他 | 国画 | 专辑 | 乐队 | 科幻 | 旋律 | 播放 | 广播 | 听众 | 观众 | 秧歌 | 唱片 | 篮球 | 字幕 | 小提琴 | 游戏 | 播出 | 电视台 | 钢琴 | 歌 | 歌咏 | 童话 | 歌迷 | 木偶 | 视频 | 录音 | 作家 | 影视 | 文字 | 转播 | 放映 | 乐器 | 诗 | 马戏 | 油画 | 滑冰 | 啦啦队 | 艺人 | 朗读 | 偶像 | 海报 | 卡通 | 少儿 | 网球 | 影迷 | 直播 | 乒乓球 | 雕塑 | 连续剧 | 棒球 | 解说 | 主演 | 台球 | 排球 | 年画 | 画家 | 舞 | 魔术 | 广告 | 摄影师 | 猜谜 | 足球 | 素描 | 鉴赏 | 国学 | 重播 | 模特儿 | 卫视 | 国歌 | 焰火 | 拍摄 | 原创 | 改编 | 寓言 | 电台 | 录像 | 翻译 | 业余 | 娱乐 | 励志 | 化妆 | 报刊 | 古典 | 诗人 | 集邮 | 日语 | 主持人 | 评委 | 中国画 | 科普 | 体育 | 图书 | 栏目 | 报纸 | 实况 | 演艺圈 | 时事 | 音像 | 法语 | 讲座 | 赛车 | 竞技 | 摄像 | 收听 | 球迷 | 西班牙语 | 中文 | 博客 | 收视率 | 冲浪 | 专栏 | 频道 | 刊物 | 读者 | 同人 | 观看 | 杂志 | 帆船 | 英文 | 收看 | 滑雪 | 名人 | 太极拳 | 网页 | 新闻 | 龙舟 | 媒体 | 评论 | 社交 | 小曲 | 嘉年华 | 阅读 | 粉丝 | 夏令营 | 游戏机 | 标语 | 麻将 | 投稿 | 文娱 | 运动会 | 留言 | 外文 | 扑克 | 烟火 | 明星 | 网站 | 微博 | 点击率 | 拍照 | 烟花 | 语音 | 设计师 | 图片 | 铃声 | 多媒体 | 狂欢节 | 改版 | 宣传 | 阿拉伯语 | 竞赛 | 纪实 | 网民 | 高尔夫球 | 赛场 | 晚报 | 游行 | 俱乐部 | 天文 | 沙龙 | 八卦 | 网友 | 狂欢 | 黑白 | 浏览器 | 公关 | 主页 | 车展 | 帖子 | 照相 | 跑车 | 燃放 | 爵士 | 出版社 | 软件 | 头条 | 活动 | 国旗 | 网址 | 男女 | 公众 | 星座 | 数字 | 大众 | 计算机 | 微信 | 当代 | 信箱 | 作者 | 版 | 告示 | 标题 | 中外 | 幕 | 少林寺 | 外国 | 股民 | 地址 | 匿名 | 网上 | 水货,277.5862775879224,0.8948178237864505,0.07682719551954248,歌唱:0.999998 | 舞蹈:0.999998 | 朗诵:0.999998 | 秧歌:0.999993 | 演奏:0.999990 | 戏剧:0.999988 | 民歌:0.999982 | 合唱:0.999978 | 歌舞:0.999970 | 演唱:0.999966 | 乐曲:0.999961 | 歌剧:0.999961,图画:0.494890 | 社团:0.478995 | 对白:0.470332 | 羽毛球:0.468535 | 精英:0.451831 | 篇:0.450019 | 剧团:0.429782 | 彩票:0.427902
14,136,0.3133208721788039,0.028126263395546233,0.21323529411764705,小声 | 大声 | 招呼 | 嬉笑 | 点头 | 插嘴 | 扭头 | 交头接耳 | 自言自语 | 神情 | 听见 | 坐下,如醉如痴 | 泼冷水 | 视线 | 不禁 | 面红耳赤 | 哗然 | 诉苦 | 热烈,左顾右盼 | 发出 | 居高临下 | 一言不发 | 情不自禁 | 滔滔不绝 | 得意扬扬 | 不禁 | 抑扬顿挫 | 指点 | 打招呼 | 打听,小声 | 大声 | 招呼 | 嬉笑 | 点头 | 插嘴 | 扭头 | 交头接耳 | 自言自语 | 神情 | 听见 | 坐下 | 一言不发 | 反问 | 哄堂大笑 | 笑声 | 一声不吭 | 告辞 | 得意扬扬 | 走开 | 说话 | 招手 | 打招呼 | 示意 | 忍不住 | 吩咐 | 目不转睛 | 眼神 | 微笑 | 前仰后合 | 情不自禁 | 七嘴八舌 | 脸色 | 鸦雀无声 | 语气 | 愣 | 鼓掌 | 禁不住 | 听 | 眼色 | 说道 | 忽然 | 滔滔不绝 | 敬酒 | 质问 | 笑容 | 问 | 异口同声 | 面红耳赤 | 听到 | 一旁 | 鞠躬 | 当着 | 会意 | 恳求 | 脱口而出 | 响起 | 嘱咐 | 叮嘱 | 掌声 | 神态 | 半真半假 | 欢呼 | 交谈 | 握手 | 举手 | 递给 | 不由得 | 众人 | 打电话 | 言语 | 不禁 | 东张西望 | 猛然 | 打断 | 下意识 | 劝 | 喧哗 | 敲门 | 追问 | 言辞 | 催促 | 左顾右盼 | 回答 | 抑扬顿挫 | 顿时 | 绘声绘色 | 耳光 | 过头 | 欢声笑语 | 一阵 | 问候 | 笑脸 | 开口 | 不由自主 | 反驳 | 在场 | 诉苦 | 旁观 | 喝彩 | 敬礼 | 津津有味 | 歌声 | 呐喊 | 转告 | 如醉如痴 | 叫好 | 指点 | 兴致 | 哗然 | 经久不息 | 台上 | 打听 | 就座 | 抬头 | 热烈 | 赐教 | 请教 | 传来 | 壮胆 | 赞扬 | 拨通 | 张扬 | 居高临下 | 时而 | 干杯 | 转达 | 一举一动 | 表扬 | 视线 | 泼冷水 | 点名 | 发出 | 指教 | 提起 | 针锋相对,137.3280794882065,0.9085247339280413,0.06861541552365805,嬉笑:0.999973 | 鼓掌:0.999951 | 欢呼:0.999943 | 笑容:0.999919 | 打招呼:0.999858 | 语气:0.999856 | 鞠躬:0.999836 | 指教:0.999733 | 交头接耳:0.999612 | 招呼:0.999606 | 小声:0.999501 | 吩咐:0.999383,摇头:0.485353 | 告诫:0.455550 | 出口成章:0.444571 | 请进:0.430026 | 喊:0.419209 | 告诉:0.388229 | 激起:0.364075 | 冷笑:0.345205
15,191,0.26124125321658104,0.03966946557588047,0.2356020942408377,接见 | 开幕 | 会见 | 出席 | 举行 | 颁奖 | 应邀 | 拜会 | 招待会 | 举办 | 开幕式 | 闭幕,招收 | 开场白 | 收留 | 生日 | 建成 | 求婚 | 致敬 | 谈话,闭幕式 | 任 | 回国 | 参加 | 诞辰 | 主办 | 参观 | 座谈 | 致辞 | 辞职 | 座谈会 | 届,接见 | 开幕 | 会见 | 出席 | 举行 | 颁奖 | 应邀 | 拜会 | 招待会 | 举办 | 开幕式 | 闭幕 | 典礼 | 致辞 | 闭幕式 | 宴会 | 就任 | 邀请 | 联欢 | 庆典 | 会面 | 出任 | 会晤 | 贺信 | 召开 | 参观 | 担任 | 拜访 | 任命 | 大会 | 座谈 | 集会 | 出访 | 宣读 | 当选 | 追悼会 | 就职 | 参加 | 演讲 | 祝贺 | 晚会 | 代表团 | 送行 | 会谈 | 诞辰 | 葬礼 | 仪式 | 召集 | 贺电 | 推选 | 会议 | 聘任 | 拜见 | 兼任 | 展览 | 逝世 | 任职 | 来访 | 访问 | 座谈会 | 辞去 | 主持 | 视察 | 筹办 | 看望 | 展出 | 画展 | 创办 | 获奖 | 展览会 | 见面 | 表彰 | 探望 | 陪同 | 承办 | 特邀 | 发言 | 参展 | 主办 | 专程 | 博览会 | 连任 | 洽谈 | 提名 | 筹备 | 演说 | 慰问 | 观摩 | 选举 | 庆祝 | 庆贺 | 发布会 | 送别 | 颁发 | 签约 | 职务 | 聘请 | 合影 | 峰会 | 嘉宾 | 辞呈 | 任期 | 签署 | 评选 | 讲话 | 结识 | 上任 | 盛大 | 开办 | 互访 | 届 | 谈话 | 光临 | 婚礼 | 前来 | 成立 | 悼念 | 组建 | 开业 | 回信 | 宣誓 | 率领 | 去世 | 接待 | 周年 | 辞职 | 做客 | 贵宾 | 来宾 | 派出 | 创立 | 亮相 | 订婚 | 回国 | 任 | 露面 | 竞选 | 生日 | 揭晓 | 纪念日 | 相识 | 出演 | 上台 | 签订 | 开场白 | 入选 | 聘用 | 奖项 | 接替 | 落户 | 设立 | 作客 | 荣获 | 离职 | 人选 | 出版 | 起草 | 兴建 | 竣工 | 动工 | 留念 | 求婚 | 加盟 | 致敬 | 申办 | 历届 | 颁布 | 助威 | 欢迎 | 授予 | 纪念馆 | 提拔 | 开张 | 辩论 | 开设 | 招收 | 来信 | 接手 | 收留 | 好评 | 招募 | 接班 | 征集 | 反响 | 名单 | 建成 | 策划 | 搬迁 | 扩建 | 掌管 | 席,191.3592443838139,0.9257400740476839,0.05612358071506258,担任:0.999999 | 应邀:0.999999 | 接见:0.999998 | 拜见:0.999997 | 拜会:0.999997 | 会见:0.999997 | 葬礼:0.999994 | 拜访:0.999993 | 邀请:0.999988 | 典礼:0.999986 | 出席:0.999986 | 会面:0.999986,赴:0.432777 | 沙龙:0.426456 | 主席:0.407612 | 现任:0.383683 | 奖:0.350507 | 聚会:0.335780 | 分手:0.326638 | 听取:0.304371
16,172,0.24822806895385444,0.019422282512096652,0.3953488372093023,比赛 | 决赛 | 选手 | 夺冠 | 冠军 | 单打 | 半决赛 | 亚军 | 预赛 | 银牌 | 教练 | 双打,上映 | 地位 | 弱点 | 中级 | 野心 | 厨师 | 手艺 | 瘾,联赛 | 胜负 | 绯闻 | 功底 | 出道 | 勋章 | 搭档 | 铜牌 | 野心 | 比分 | 功劳 | 贡献,比赛 | 决赛 | 选手 | 夺冠 | 冠军 | 单打 | 半决赛 | 亚军 | 预赛 | 银牌 | 教练 | 双打 | 铜牌 | 参赛 | 夺魁 | 金牌 | 球员 | 田径 | 上场 | 高手 | 跳远 | 举重 | 摔跤 | 获胜 | 世界杯 | 奖牌 | 体能 | 运动员 | 联赛 | 体操 | 大赛 | 天赋 | 天分 | 球队 | 对手 | 大奖赛 | 爆冷门 | 跳高 | 实力 | 功力 | 训练 | 成绩 | 奖杯 | 取胜 | 基本功 | 球星 | 阵容 | 羽毛球 | 搭档 | 较量 | 绝技 | 犯规 | 胜负 | 比试 | 奥运会 | 演技 | 技巧 | 出场 | 比分 | 战术 | 体力 | 得分 | 胜出 | 赛 | 强项 | 防守 | 练习 | 交锋 | 半场 | 入场券 | 运气 | 功底 | 大腕儿 | 生涯 | 游泳 | 角逐 | 亚运会 | 巨星 | 长跑 | 技艺 | 巅峰 | 射击 | 头衔 | 技能 | 天才 | 对弈 | 进攻 | 下场 | 荣誉 | 外援 | 名气 | 失误 | 替身 | 弱点 | 大师 | 出局 | 绝招 | 新人 | 劣势 | 王牌 | 过奖 | 资历 | 无缘 | 功夫 | 出道 | 锻炼 | 开场 | 健美 | 赢家 | 跳伞 | 跳水 | 长处 | 建树 | 经验 | 输家 | 本领 | 退役 | 赛跑 | 声望 | 主角 | 重量级 | 手艺 | 作战 | 特长 | 名声 | 威力 | 行家 | 挑战 | 功劳 | 过关 | 纪录 | 演练 | 黑马 | 人气 | 水准 | 缺席 | 厨师 | 磨合 | 知名度 | 冲刺 | 称号 | 心得 | 绯闻 | 新手 | 接班人 | 野心 | 奖 | 极限 | 身价 | 考验 | 专长 | 全场 | 状元 | 演习 | 代言人 | 最佳 | 票房 | 声誉 | 勋章 | 瘾 | 场 | 运动 | 成功率 | 出手 | 贡献 | 上映 | 主力 | 地位 | 幕后 | 中级 | 倒计时 | 之一,172.73553416106145,0.8962998957454806,0.07888640764864596,训练:1.000000 | 功底:0.999983 | 体能:0.999983 | 上场:0.999979 | 高手:0.999936 | 单打:0.999856 | 预赛:0.999793 | 绝技:0.999717 | 比试:0.999667 | 技能:0.999649 | 生涯:0.999635 | 跳水:0.999627,头号:0.490797 | 秘诀:0.474273 | 倒数:0.423617 | 角色:0.420006 | 功臣:0.397107 | 关键:0.347639 | 奖项:0.343427 | 网球:0.340565
17,344,0.3028464204835084,0.04223412028274234,0.1511627906976744,拧 | 搓 | 拽 | 磕 | 踹 | 捏 | 蹬 | 蹦 | 咬 | 擦 | 叼 | 搂,涝 | 笑 | 痛 | 酸 | 苦 | 睁 | 旱 | 哭,抬 | 焊 | 溢 | 闪 | 糊 | 变 | 筑 | 绑 | 造 | 倚 | 闷 | 蹦,拧 | 搓 | 拽 | 磕 | 踹 | 捏 | 蹬 | 蹦 | 咬 | 擦 | 叼 | 搂 | 扒 | 捶 | 溜 | 劈 | 抖 | 揉 | 扔 | 淌 | 舔 | 捅 | 摔 | 揪 | 揍 | 扯 | 吐 | 躺 | 抠 | 烫 | 睡 | 浇 | 敲 | 绷 | 裹 | 拎 | 摸 | 嚼 | 爬 | 哭 | 缠 | 搀 | 甩 | 踢 | 砸 | 掐 | 粘 | 挤 | 滚 | 蹭 | 晃 | 刮 | 闷 | 洗 | 扳 | 淋 | 揣 | 刨 | 吹 | 搁 | 挠 | 涮 | 扛 | 拦 | 掰 | 瘫 | 趴 | 瞅 | 糊 | 掏 | 兜 | 疼 | 搅 | 捞 | 碰 | 捡 | 蹲 | 沾 | 吓 | 憋 | 烧 | 绞 | 弄 | 熬 | 撑 | 跳 | 肿 | 夹 | 烤 | 打 | 泼 | 撞 | 砍 | 抹 | 呛 | 剥 | 晕 | 挨 | 胀 | 溅 | 撕 | 炸 | 踏 | 洒 | 剪 | 吃 | 冻 | 蘸 | 煮 | 啃 | 挑 | 拉 | 碎 | 拖 | 埋 | 坐 | 仰 | 抽 | 拌 | 绑 | 吊 | 抱 | 放 | 喷 | 歪 | 扭 | 熏 | 扑 | 馋 | 抬 | 搬 | 卸 | 拔 | 踩 | 捂 | 喂 | 抡 | 泡 | 喝 | 塌 | 堵 | 撬 | 翻 | 灌 | 割 | 压 | 背 | 醒 | 跪 | 磨 | 翘 | 挂 | 涂 | 蒸 | 瞪 | 咽 | 伸 | 飘 | 拱 | 脱 | 腥 | 铲 | 笑 | 干 | 窜 | 摆 | 钉 | 僵 | 扎 | 牵 | 睁 | 倒 | 搭 | 拴 | 垫 | 醉 | 锯 | 掀 | 缝 | 冲 | 挥 | 勾 | 痒 | 栽 | 黏 | 撒 | 轰 | 弯 | 剃 | 握 | 皱 | 扶 | 咳 | 淹 | 吞 | 烂 | 盯 | 喘 | 煎 | 拣 | 哄 | 挽 | 凿 | 拄 | 掺 | 吼 | 昏 | 罩 | 赶 | 走 | 坠 | 刺 | 落 | 困 | 挎 | 渴 | 穿 | 渗 | 窝 | 饱 | 歇 | 卧 | 沉 | 晒 | 抓 | 插 | 滑 | 凉 | 漂 | 倚 | 追 | 凑 | 挡 | 脏 | 疯 | 拿 | 拾 | 捆 | 爆 | 跑 | 冒 | 露 | 呆 | 沏 | 装 | 遮 | 湿 | 摘 | 扫 | 垂 | 掉 | 哑 | 射 | 抢 | 盖 | 瘦 | 炒 | 胖 | 泻 | 钻 | 铺 | 冷 | 驮 | 痛 | 伤 | 推 | 喊 | 梳 | 惊 | 震 | 镶 | 染 | 吸 | 裂 | 挪 | 陷 | 吻 | 活 | 敷 | 摇 | 拐 | 焊 | 涌 | 挖 | 奔 | 摊 | 骑 | 黑 | 递 | 抛 | 尝 | 闪 | 臭 | 悬 | 筛 | 垮 | 火 | 闭 | 弹 | 榨 | 催 | 累 | 戴 | 狂 | 饿 | 开 | 糟 | 锈 | 带 | 觉 | 住 | 上火 | 流 | 酸 | 围 | 攀 | 泄 | 守 | 苦 | 动 | 坑 | 闯 | 进 | 锁 | 耗 | 残 | 造 | 护 | 旱 | 织 | 修 | 热 | 闻 | 治 | 溢 | 变 | 涝 | 积 | 牢 | 消 | 伴 | 驾 | 荒 | 筑,344.83860944724444,0.9342881264077406,0.04468435064139842,咬:1.000000 | 踹:1.000000 | 呛:1.000000 | 舔:1.000000 | 熬:0.999999 | 挠:0.999999 | 揪:0.999999 | 揉:0.999999 | 搓:0.999999 | 泡:0.999996 | 搀:0.999996 | 拎:0.999995,丢:0.484592 | 炖:0.478670 | 破:0.460590 | 塞:0.454055 | 绕:0.438912 | 拼:0.429041 | 斗:0.423291 | 采:0.420379
18,175,0.22892373298679206,0.0027251395269441763,0.4514285714285714,形状 | 放置 | 摆放 | 制成 | 填充 | 花纹 | 体积 | 厚度 | 安装 | 圆形 | 尺寸 | 遮盖,随身 | 腐蚀 | 过期 | 棱角 | 款式 | 颠倒 | 推销 | 缝合,标示 | 运送 | 灰色 | 填充 | 限定 | 颜色 | 改装 | 遗留 | 颠倒 | 替换 | 隐藏 | 用法,形状 | 放置 | 摆放 | 制成 | 填充 | 花纹 | 体积 | 厚度 | 安装 | 圆形 | 尺寸 | 遮盖 | 切割 | 镶嵌 | 保存 | 雕刻 | 构造 | 组装 | 储存 | 重量 | 存放 | 长度 | 选用 | 测量 | 改装 | 设计 | 外观 | 使用 | 颜色 | 搭配 | 清洗 | 装饰 | 外形 | 制作 | 宽度 | 堆砌 | 修补 | 丢弃 | 缝合 | 更换 | 含有 | 残留 | 直径 | 设置 | 工艺 | 造型 | 配备 | 样品 | 线条 | 平面 | 特制 | 修理 | 过滤 | 拆除 | 采集 | 密封 | 排列 | 改动 | 去除 | 折叠 | 建造 | 添加 | 性能 | 替换 | 测定 | 布置 | 标示 | 埋藏 | 去掉 | 改良 | 悬挂 | 陈列 | 质地 | 运送 | 收集 | 款式 | 采用 | 复原 | 保养 | 隐藏 | 防护 | 合成 | 清除 | 携带 | 白色 | 轮廓 | 隔开 | 维修 | 保留 | 容纳 | 富含 | 棱角 | 表面 | 挑选 | 种类 | 规格 | 间隔 | 停放 | 背面 | 手工 | 变换 | 清理 | 定做 | 报废 | 密度 | 遗留 | 划分 | 铸造 | 带有 | 修建 | 分割 | 寿命 | 误差 | 腐蚀 | 荧光 | 大小 | 美化 | 移植 | 堵塞 | 备用 | 搜集 | 出土 | 重叠 | 占用 | 人工 | 劣质 | 包裹 | 仿制 | 代替 | 丢失 | 安置 | 分布 | 隔离 | 灰色 | 分解 | 固定 | 分离 | 厘米 | 供奉 | 迁移 | 试用 | 张贴 | 相同 | 辅助 | 分成 | 封闭 | 组成 | 仿 | 发明 | 仪表 | 标本 | 操作 | 打捞 | 附带 | 开垦 | 用于 | 限定 | 陪葬 | 少量 | 借用 | 化石 | 随身 | 分开 | 旧 | 纬度 | 颠倒 | 推销 | 经度 | 过期 | 约定俗成 | 杜绝 | 用法 | 供 | 种 | 送到,170.77040614628362,0.8884306343847758,0.08842848693692737,制成:1.000000 | 摆放:0.999999 | 特制:0.999998 | 存放:0.999958 | 制作:0.999948 | 花纹:0.999940 | 挑选:0.999926 | 携带:0.999825 | 布置:0.999820 | 搭配:0.999815 | 放置:0.999761 | 选用:0.999461,对称:0.420282 | 刺绣:0.416999 | 绝缘:0.406298 | 通行:0.396884 | 根治:0.361230 | 观测:0.356444 | 新式:0.323865 | 分明:0.312317
19,166,0.2541761444325344,-0.015260326383149688,0.6265060240963856,奇怪 | 生硬 | 恰当 | 简单 | 贴切 | 古怪 | 怪异 | 可笑 | 复杂 | 微妙 | 夸张 | 糟糕,万分 | 自负 | 粗心大意 | 冷淡 | 无力 | 经典 | 含蓄 | 低调,缓慢 | 被动 | 极其 | 简单 | 枯燥 | 突如其来 | 乐观 | 成功 | 一致 | 强硬 | 意想不到 | 万分,奇怪 | 生硬 | 恰当 | 简单 | 贴切 | 古怪 | 怪异 | 可笑 | 复杂 | 微妙 | 夸张 | 糟糕 | 含蓄 | 深奥 | 拙劣 | 精妙 | 平淡 | 沉闷 | 可怕 | 含糊 | 幼稚 | 简洁 | 妥当 | 平静 | 枯燥 | 冷淡 | 冗长 | 潦草 | 强硬 | 严峻 | 清晰 | 流畅 | 宽泛 | 合情合理 | 单调 | 工整 | 巧妙 | 耐人寻味 | 缓慢 | 明智 | 尖锐 | 离奇 | 刺耳 | 谨慎 | 委婉 | 棘手 | 恰如其分 | 似是而非 | 急迫 | 细微 | 乐观 | 确凿 | 苛刻 | 顺畅 | 过分 | 出人意料 | 明朗 | 不可思议 | 脆弱 | 丑陋 | 清楚 | 自相矛盾 | 模糊 | 紧迫 | 简短 | 敏感 | 反常 | 恰到好处 | 完美 | 极其 | 悲观 | 合适 | 僵化 | 紧凑 | 笼统 | 不同寻常 | 紧张 | 惊人 | 温和 | 真实 | 确切 | 难以置信 | 轻松 | 精练 | 讲究 | 高明 | 无关紧要 | 困难 | 强劲 | 灵活 | 神奇 | 抽象 | 漫长 | 可信 | 平稳 | 面面俱到 | 凶猛 | 马虎 | 千变万化 | 强大 | 剧烈 | 不利 | 低调 | 稳健 | 画蛇添足 | 得当 | 强烈 | 严重 | 管用 | 薄弱 | 有用 | 触目惊心 | 异常 | 保守 | 雷同 | 微弱 | 成熟 | 可行 | 神秘 | 不易 | 重要 | 高昂 | 正常 | 似曾相识 | 粗心大意 | 强势 | 有利 | 极度 | 充沛 | 一帆风顺 | 省事 | 至关重要 | 良好 | 十足 | 自负 | 意外 | 轻微 | 短暂 | 稳定 | 意想不到 | 充足 | 一目了然 | 滞后 | 幸运 | 适宜 | 适度 | 到位 | 突如其来 | 不定 | 无力 | 万无一失 | 画龙点睛 | 不便 | 被动 | 停顿 | 顺利 | 一致 | 前无古人 | 经典 | 间断 | 落后 | 成功 | 无敌 | 精简 | 耗时 | 万分,171.15896779573276,0.8806112217146752,0.08811049631992592,潦草:0.999989 | 冗长:0.999975 | 温和:0.999882 | 生硬:0.999868 | 怪异:0.999703 | 谨慎:0.999423 | 乐观:0.999411 | 简短:0.999309 | 缓慢:0.999215 | 平稳:0.999166 | 枯燥:0.998959 | 工整:0.998909,中性:0.470111 | 宽松:0.467296 | 有趣:0.459250 | 通畅:0.456348 | 滑稽:0.410714 | 轻而易举:0.410531 | 完整:0.409183 | 圆满:0.400795
20,178,0.24694182773836576,-0.005990026322678299,0.5449438202247191,妖怪 | 鬼 | 蛇 | 小偷儿 | 怪物 | 野兽 | 虫子 | 狼 | 猫 | 狗 | 狮子 | 猩猩,团伙 | 武力 | 娘 | 罪 | 尾巴 | 漫 | 束 | 间谍,军舰 | 导弹 | 鸟 | 核武器 | 野生 | 黑客 | 心 | 家伙 | 颗 | 神 | 鼓 | 同伙,妖怪 | 鬼 | 蛇 | 小偷儿 | 怪物 | 野兽 | 虫子 | 狼 | 猫 | 狗 | 狮子 | 猩猩 | 鸽子 | 疯子 | 青蛙 | 蚊子 | 鸟 | 猎人 | 坏人 | 鲨鱼 | 贼 | 巫婆 | 鳄鱼 | 笨蛋 | 小丑 | 家伙 | 神仙 | 公鸡 | 魔鬼 | 小人 | 强盗 | 外星人 | 鼠 | 仙女 | 苍蝇 | 猴 | 豹 | 燕子 | 土匪 | 仇人 | 箭 | 猎犬 | 海盗 | 流氓 | 娘 | 敌人 | 蜜蜂 | 阎王 | 仙鹤 | 动物 | 恶 | 火焰 | 炸弹 | 虎 | 剑 | 警察 | 龟 | 天鹅 | 毒 | 子弹 | 鹿 | 歹徒 | 傻瓜 | 棍 | 尾巴 | 娃娃 | 翅膀 | 幻影 | 邪 | 凶手 | 罪犯 | 大象 | 神 | 枪 | 陨石 | 恐龙 | 星星 | 杀手 | 美人 | 昆虫 | 树叶 | 月亮 | 水手 | 地狱 | 魂 | 宝贝 | 兵 | 坦克 | 骗子 | 好人 | 金子 | 武器 | 同伙 | 小卒 | 巨人 | 骏马 | 海浪 | 上帝 | 嫦娥 | 拳 | 哥 | 菩萨 | 命 | 俘虏 | 闪电 | 君子 | 野 | 灵 | 国宝 | 花瓣 | 尸体 | 军舰 | 炮 | 路人 | 熊 | 宇宙 | 潜艇 | 地球 | 间谍 | 导弹 | 野生 | 心 | 人间 | 大熊猫 | 制服 | 性命 | 火箭 | 冰 | 核武器 | 琴 | 佛 | 黑客 | 仇 | 球 | 炸药 | 救命 | 两栖 | 月球 | 冰山 | 群 | 红眼 | 干戈 | 太空 | 自卫 | 武装 | 罪 | 鼓 | 海底 | 火山 | 棋 | 颗 | 人造 | 阵 | 毒品 | 太极 | 团伙 | 缕 | 黄色 | 武力 | 朵 | 蓝色 | 帆 | 浪 | 风云 | 天下 | 红色 | 世界 | 防卫 | 大片 | 功 | 漫 | 伙 | 束 | 之 | 火炬 | 禁区 | 片 | 立功,180.00755445324046,0.882071721902443,0.08693671358401432,妖怪:0.999998 | 怪物:0.999997 | 坏人:0.999989 | 野兽:0.999983 | 炸弹:0.999972 | 鳄鱼:0.999969 | 巫婆:0.999965 | 鲨鱼:0.999961 | 小偷儿:0.999957 | 外星人:0.999954 | 土匪:0.999932 | 狼:0.999886,妹:0.478477 | 人质:0.459718 | 彩虹:0.437286 | 叶子:0.421789 | 铃:0.418308 | 马:0.414177 | 飞船:0.413480 | 星座:0.406984
21,165,0.26924399421525747,0.033306695649092374,0.22424242424242424,句子 | 课文 | 书 | 图画 | 抄写 | 课本 | 本子 | 插图 | 稿子 | 书籍 | 字典 | 词汇,读 | 象征 | 信封 | 主人公 | 纪念 | 学说 | 后人 | 实物,括弧 | 汉字 | 生平 | 专著 | 学说 | 题目 | 请帖 | 字体 | 背诵 | 名著 | 格式 | 剧本,句子 | 课文 | 书 | 图画 | 抄写 | 课本 | 本子 | 插图 | 稿子 | 书籍 | 字典 | 词汇 | 题目 | 字体 | 画册 | 写 | 字迹 | 传记 | 谜语 | 名著 | 生词 | 词语 | 便条 | 素材 | 错别字 | 著作 | 符号 | 汉字 | 背诵 | 教材 | 笔记 | 默读 | 论文 | 卷子 | 段落 | 词 | 剧本 | 语法 | 词典 | 书写 | 表格 | 画 | 故事 | 照片 | 文章 | 繁体字 | 图案 | 文献 | 日记 | 相片 | 卡片 | 试卷 | 名言 | 封面 | 字母 | 简体字 | 题 | 答案 | 成语 | 教科书 | 试题 | 填空 | 辞典 | 考题 | 篇幅 | 记号 | 专著 | 邮票 | 名字 | 画面 | 字 | 对联 | 图像 | 信封 | 信件 | 片段 | 音节 | 册 | 结尾 | 回忆录 | 语言 | 百科全书 | 公式 | 篇 | 印章 | 片子 | 描写 | 读音 | 读 | 开头 | 电子版 | 画儿 | 大纲 | 肖像 | 俗语 | 字眼 | 图形 | 句 | 壁画 | 图表 | 括弧 | 人物 | 格式 | 请帖 | 构思 | 印刷术 | 内容 | 对白 | 国徽 | 启事 | 请柬 | 一句话 | 命题 | 手册 | 姓氏 | 剧情 | 简历 | 遗物 | 页 | 复印 | 文件 | 事迹 | 情节 | 括号 | 藏品 | 幅 | 签名 | 印刷 | 序 | 古人 | 刻 | 反面 | 生平 | 资料 | 寓意 | 造纸术 | 档案 | 朝代 | 珍藏 | 物证 | 公函 | 古代 | 主人公 | 问卷 | 传说 | 日历 | 锦旗 | 收藏 | 古今中外 | 后人 | 学说 | 打印 | 理论 | 证书 | 张 | 概论 | 占卜 | 遍 | 商标 | 章 | 比喻 | 纪念 | 象征 | 实物 | 相传,165.28961316924259,0.9108116048164363,0.0659868484446505,稿子:1.000000 | 段落:0.999986 | 句子:0.999985 | 表格:0.999983 | 题目:0.999982 | 课本:0.999979 | 生词:0.999918 | 音节:0.999907 | 珍藏:0.999904 | 卷子:0.999894 | 便条:0.999866 | 读音:0.999866,编:0.473448 | 姓名:0.467635 | 记录:0.406604 | 推理:0.406270 | 作品:0.394953 | 近代:0.385889 | 题材:0.372602 | 作者:0.368005
22,173,0.25719113475449645,0.009078409609741794,0.35260115606936415,看法 | 疑虑 | 想法 | 事情 | 说法 | 道理 | 疑问 | 误解 | 争论 | 猜测 | 问题 | 结论,恐慌 | 察觉 | 忧虑 | 谎话 | 怀疑 | 罢了 | 预感 | 忌讳,无关 | 后果 | 波折 | 话 | 质疑 | 疑问 | 恐慌 | 察觉 | 错误 | 传闻 | 一无所知 | 想法,看法 | 疑虑 | 想法 | 事情 | 说法 | 道理 | 疑问 | 误解 | 争论 | 猜测 | 问题 | 结论 | 错觉 | 意思 | 顾虑 | 担忧 | 定论 | 事实 | 隐情 | 猜想 | 弊病 | 结局 | 疑点 | 忧虑 | 误会 | 现象 | 矛盾 | 根源 | 含义 | 症结 | 谜团 | 涵义 | 见解 | 原因 | 弊端 | 揣测 | 分歧 | 兆头 | 念头 | 迹象 | 事 | 真相 | 缘故 | 困境 | 预兆 | 后果 | 观点 | 怀疑 | 例子 | 局面 | 苗头 | 逻辑 | 偏见 | 区别 | 传言 | 因素 | 来龙去脉 | 判断 | 境遇 | 关系 | 隔阂 | 感想 | 地步 | 差别 | 错误 | 质疑 | 境地 | 变化 | 意义 | 情形 | 玄机 | 状况 | 情况 | 预感 | 波澜 | 差异 | 渊源 | 处境 | 先例 | 话题 | 推测 | 导火索 | 话 | 推断 | 巧合 | 谜底 | 传闻 | 特征 | 预言 | 来历 | 谣言 | 情绪 | 坏事 | 所作所为 | 谜 | 厄运 | 忌讳 | 罪魁祸首 | 恐慌 | 意料 | 本意 | 恩怨 | 交集 | 反差 | 僵局 | 争议 | 情结 | 转折点 | 反应 | 概念 | 写照 | 障碍 | 趋势 | 大意 | 印象 | 由来 | 风波 | 事件 | 断定 | 悬念 | 波折 | 产物 | 偏差 | 察觉 | 谎话 | 脉络 | 转折 | 特例 | 危机 | 消息 | 界限 | 范畴 | 起源 | 罢了 | 意料之外 | 格局 | 状态 | 神话 | 混淆 | 前景 | 不得而知 | 势头 | 演变 | 水落石出 | 泥潭 | 一无所知 | 是非 | 焦点 | 例外 | 结果 | 称呼 | 抵触 | 料到 | 记载 | 未知数 | 疏忽 | 性质 | 几率 | 得失 | 变迁 | 悬殊 | 有所不同 | 无关 | 而已 | 看出 | 信号 | 形容 | 真假 | 相提并论 | 吻合 | 题材 | 历史 | 分支,175.00285563695286,0.8866636651695087,0.08633972068291815,来历:0.999919 | 说法:0.999910 | 由来:0.999788 | 预言:0.999761 | 缘故:0.999668 | 例子:0.999668 | 担忧:0.999643 | 误解:0.999252 | 涵义:0.999249 | 隔阂:0.999156 | 谜:0.999046 | 定论:0.999010,不满:0.463927 | 警钟:0.462787 | 境界:0.380686 | 输家:0.366034 | 预料:0.358612 | 的话:0.343309 | 时期:0.329556 | 背景:0.320538
23,175,0.2605499525555786,0.002766495360416403,0.46285714285714286,抵抗 | 背叛 | 容忍 | 抛弃 | 对抗 | 打败 | 抗拒 | 讨好 | 抵挡 | 摧毁 | 毁灭 | 牵制,阴谋 | 痴迷 | 搞鬼 | 厌倦 | 戒备 | 压抑 | 退缩 | 享受,掩饰 | 否定 | 承受 | 对峙 | 掩盖 | 折磨 | 拉拢 | 看中 | 压抑 | 周旋 | 抵抗 | 经受,抵抗 | 背叛 | 容忍 | 抛弃 | 对抗 | 打败 | 抗拒 | 讨好 | 抵挡 | 摧毁 | 毁灭 | 牵制 | 阻止 | 忍受 | 抗衡 | 压倒 | 对付 | 屈服 | 饶恕 | 逃避 | 阻挡 | 削弱 | 拉拢 | 引诱 | 迁就 | 排斥 | 放纵 | 宽恕 | 征服 | 消灭 | 抗争 | 掩饰 | 压迫 | 折磨 | 退让 | 放弃 | 原谅 | 压抑 | 摆脱 | 统治 | 拯救 | 妥协 | 打倒 | 退却 | 追随 | 厌倦 | 挽救 | 追逐 | 忍耐 | 抵制 | 掩盖 | 主宰 | 束缚 | 压制 | 乞求 | 纠缠 | 否定 | 动摇 | 剥夺 | 迎合 | 作对 | 遏制 | 抵御 | 忽视 | 占领 | 放过 | 克制 | 反击 | 算计 | 战胜 | 退缩 | 追求 | 威慑 | 激化 | 抢夺 | 霸占 | 推翻 | 崇拜 | 迷恋 | 打击 | 灭亡 | 追赶 | 颠覆 | 丢掉 | 麻痹 | 诱惑 | 失去 | 支配 | 夺取 | 阴谋 | 丧失 | 投奔 | 忽略 | 模仿 | 挽回 | 夸耀 | 对立 | 回避 | 顾及 | 挑起 | 提防 | 分裂 | 炫耀 | 承受 | 对待 | 瓜分 | 报仇 | 迷失 | 袖手旁观 | 周旋 | 对峙 | 发泄 | 强加 | 干扰 | 俘获 | 脱离 | 遗忘 | 伸张 | 牺牲 | 驾驭 | 操纵 | 取代 | 粉碎 | 试探 | 斩草除根 | 表白 | 解救 | 争夺 | 逞强 | 宣泄 | 切断 | 远离 | 复活 | 安抚 | 施加 | 无所作为 | 暴露 | 搞鬼 | 灌输 | 较劲 | 埋没 | 遭受 | 施压 | 改邪归正 | 解脱 | 冒险 | 标榜 | 占据 | 充当 | 接纳 | 捕捉 | 戒备 | 吸引 | 效仿 | 危及 | 卷入 | 痴迷 | 遭到 | 经受 | 占有 | 呼风唤雨 | 招揽 | 扮演 | 满足 | 生存 | 靠拢 | 出走 | 牵扯 | 化身 | 叫板 | 兜售 | 跟随 | 炒作 | 享受 | 看中,174.11004487184138,0.8758381183730972,0.089449132411071,抛弃:0.999872 | 打败:0.999870 | 拯救:0.999847 | 抗衡:0.999793 | 压倒:0.999630 | 追逐:0.999626 | 招揽:0.999552 | 对抗:0.999164 | 充当:0.999163 | 抢夺:0.999053 | 颠覆:0.999003 | 争夺:0.998856,冷落:0.452521 | 抵触:0.439834 | 反抗:0.422548 | 宣扬:0.419954 | 歼灭:0.388795 | 惩罚:0.388665 | 摆平:0.388307 | 旁观:0.380113
24,177,0.2709075688668818,0.019953433769343585,0.3163841807909605,急忙 | 赶忙 | 慌忙 | 偷偷 | 连忙 | 赶紧 | 毫不犹豫 | 悄悄 | 趁机 | 立刻 | 索性 | 干脆,狂热 | 乱七八糟 | 空前 | 莫名其妙 | 一贯 | 天经地义 | 用 | 放肆,亲自 | 一连 | 随手 | 偷偷 | 用 | 白白 | 日夜 | 成群结队 | 彻底 | 随意 | 正当 | 小心翼翼,急忙 | 赶忙 | 慌忙 | 偷偷 | 连忙 | 赶紧 | 毫不犹豫 | 悄悄 | 趁机 | 立刻 | 索性 | 干脆 | 不肯 | 匆忙 | 只好 | 执意 | 赶快 | 迫不及待 | 大模大样 | 不得不 | 公然 | 不惜 | 轻易 | 小心翼翼 | 顺手 | 顾不得 | 三番五次 | 忍心 | 随便 | 强行 | 情愿 | 匆匆 | 马上 | 毅然 | 竭力 | 不停 | 恨不得 | 急于 | 故意 | 只得 | 随意 | 立即 | 争先恐后 | 特意 | 兴高采烈 | 顾不上 | 竟敢 | 极力 | 突然 | 宁愿 | 一再 | 不假思索 | 只顾 | 理直气壮 | 只管 | 舍不得 | 被迫 | 连夜 | 纷纷 | 假装 | 特地 | 心安理得 | 刻意 | 不许 | 放肆 | 暗地里 | 当即 | 大肆 | 愿意 | 火速 | 接二连三 | 无意 | 不得已 | 用不着 | 毫不 | 一齐 | 来不及 | 暗中 | 伺机 | 存心 | 甘心 | 乐意 | 不时 | 冒昧 | 试图 | 竟 | 照例 | 小心 | 休想 | 宁可 | 随即 | 企图 | 亲自 | 美滋滋 | 屡次 | 来得及 | 尽情 | 不用 | 不约而同 | 轻而易举 | 接着 | 果断 | 一味 | 好好 | 下令 | 随手 | 频频 | 挨家挨户 | 不顾 | 盲目 | 接连 | 莫名其妙 | 决不 | 翻来覆去 | 疯狂 | 背着 | 成群结队 | 当场 | 迅速 | 亲手 | 勉强 | 竞相 | 统统 | 一连 | 把 | 彻夜 | 随心所欲 | 不料 | 有意 | 发誓 | 不准 | 理所当然 | 直接 | 白白 | 毫无 | 多次 | 断断续续 | 中途 | 轮流 | 不慎 | 从早到晚 | 日复一日 | 一同 | 替 | 照常 | 彻底 | 高调 | 一律 | 频繁 | 准时 | 给 | 日夜 | 天经地义 | 紧接着 | 任意 | 一概 | 迫使 | 按时 | 乱七八糟 | 当成 | 用 | 当作 | 一如既往 | 用来 | 自始至终 | 早日 | 狂热 | 从头 | 正当 | 一连串 | 一贯 | 大批 | 一举 | 一手 | 大规模 | 史无前例 | 空前,174.4758097201062,0.8984024446335062,0.07642524940101843,当即:0.999951 | 顺手:0.999865 | 趁机:0.999824 | 随意:0.999823 | 竟敢:0.999822 | 立刻:0.999622 | 纷纷:0.999619 | 执意:0.999556 | 急忙:0.999549 | 偷偷:0.999419 | 迫不及待:0.999386 | 随即:0.999323,提早:0.449507 | 坚决:0.446167 | 一边:0.439161 | 对得起:0.343759 | 快要:0.325385 | 顺便:0.321662 | 突如其来:0.320914 | 想方设法:0.319502
25,139,0.29795068020684434,0.02650362064756672,0.23741007194244604,吃饭 | 贪玩儿 | 聊天儿 | 睡觉 | 干活儿 | 打牌 | 打盹儿 | 做饭 | 说闲话 | 抽烟 | 玩耍 | 挣钱,贫困 | 疗养 | 治病 | 偷窥 | 劳累 | 野营 | 野炊 | 摆平,苦力 | 干活儿 | 钓鱼 | 交往 | 让座 | 晒太阳 | 折腾 | 打扰 | 偷懒 | 排队 | 打发 | 抽烟,吃饭 | 贪玩儿 | 聊天儿 | 睡觉 | 干活儿 | 打牌 | 打盹儿 | 做饭 | 说闲话 | 抽烟 | 玩耍 | 挣钱 | 玩儿 | 偷懒 | 吵架 | 伺候 | 洗澡 | 溜达 | 吵嘴 | 晒太阳 | 打架 | 遛 | 打球 | 唠叨 | 串门 | 侍候 | 陪 | 爬山 | 散步 | 胡思乱想 | 在家 | 无所事事 | 挨打 | 睡着 | 休息 | 侃大山 | 演戏 | 骑车 | 下棋 | 吃不上 | 转悠 | 家务 | 应酬 | 交朋友 | 过日子 | 熬夜 | 午睡 | 打仗 | 使唤 | 操心 | 打猎 | 做生意 | 酗酒 | 打扫 | 逛 | 忙活 | 走路 | 忍饥挨饿 | 晃荡 | 消遣 | 拍戏 | 找 | 折腾 | 起床 | 劳累 | 跑步 | 偷看 | 躲 | 打发 | 打扰 | 打搅 | 操劳 | 惦记 | 收拾 | 看热闹 | 理发 | 修车 | 治病 | 照顾 | 赔钱 | 东奔西走 | 光顾 | 养活 | 奔波 | 乞讨 | 赚钱 | 上瘾 | 省钱 | 吃喝玩乐 | 沉迷 | 风餐露宿 | 野炊 | 耽误 | 搬家 | 苦力 | 谋生 | 恋爱 | 打官司 | 捉迷藏 | 相处 | 照料 | 失恋 | 让座 | 管教 | 钓鱼 | 发财 | 健身 | 偷窥 | 吸烟 | 耽搁 | 休养 | 炒股 | 跑龙套 | 修路 | 看护 | 一事无成 | 吸毒 | 倾家荡产 | 下海 | 流浪 | 接济 | 买不起 | 走后门 | 野营 | 伙食 | 看管 | 排队 | 各奔前程 | 经商 | 半途而废 | 亏本 | 疗养 | 摆平 | 浪费 | 跳槽 | 交往 | 掉队 | 失业 | 贫困,138.44262763668186,0.9218511522292486,0.05709464105365549,抽烟:0.999986 | 照料:0.999973 | 侍候:0.999966 | 打扫:0.999962 | 溜达:0.999923 | 苦力:0.999894 | 疗养:0.999800 | 打牌:0.999729 | 伺候:0.999667 | 消遣:0.999607 | 交朋友:0.999567 | 爬山:0.999561,穿小鞋:0.493583 | 吃苦:0.474324 | 游泳:0.446836 | 算计:0.433641 | 赌博:0.363840 | 守株待兔:0.294130 | 唱歌:0.287955 | 废品:0.259536
26,179,0.28788770938960717,0.009457227229345376,0.3687150837988827,真挚 | 祝福 | 感激 | 真诚 | 感恩 | 牵挂 | 深情 | 快乐 | 幸福 | 思念 | 情谊 | 亲爱,凄凉 | 庆幸 | 惊喜 | 依依不舍 | 勤劳 | 好客 | 包容 | 慷慨,人生 | 恩情 | 深切 | 无边 | 鹏程万里 | 侠义 | 惊喜 | 挂念 | 亲情 | 渴望 | 美好 | 伟大,真挚 | 祝福 | 感激 | 真诚 | 感恩 | 牵挂 | 深情 | 快乐 | 幸福 | 思念 | 情谊 | 亲爱 | 美好 | 恩情 | 挂念 | 想念 | 真情 | 祝愿 | 喜悦 | 衷心 | 心意 | 热爱 | 忠贞 | 向往 | 珍重 | 爱情 | 诚挚 | 渴望 | 寂寞 | 福气 | 敬意 | 心愿 | 美满 | 孤独 | 虔诚 | 铭记 | 友情 | 缘分 | 满怀 | 天长地久 | 爱 | 知足 | 愉快 | 珍惜 | 梦想 | 期盼 | 敬爱 | 开心 | 难忘 | 盼望 | 孤单 | 亲情 | 无私 | 留恋 | 无忧无虑 | 感谢 | 心事 | 崇高 | 由衷 | 关爱 | 心声 | 痴心 | 忠诚 | 恩惠 | 愿望 | 珍视 | 遂心 | 深切 | 凄凉 | 祝 | 人生 | 知己 | 关怀 | 心情 | 心想事成 | 报答 | 情 | 一路平安 | 晚安 | 怀着 | 萍水相逢 | 永恒 | 心中 | 爱心 | 祈祷 | 安逸 | 保佑 | 依依不舍 | 快活 | 纯洁 | 期待 | 时光 | 庆幸 | 诀别 | 友谊 | 平凡 | 青春 | 辜负 | 伟大 | 顺心 | 慷慨 | 好运 | 岁月 | 温馨 | 托付 | 奢望 | 荣幸 | 往事 | 好客 | 勤劳 | 沧桑 | 悲欢离合 | 保重 | 神圣 | 愿 | 忠于 | 旅程 | 光辉 | 渺小 | 期望 | 恩赐 | 高尚 | 再见 | 诺言 | 寄托 | 侠义 | 安稳 | 坚信 | 了却 | 深深 | 平常心 | 鹏程万里 | 虚幻 | 正能量 | 深信 | 自在 | 惊喜 | 归宿 | 乐趣 | 热情 | 一路顺风 | 命运 | 自由自在 | 风流 | 梦 | 庄严 | 永不 | 吉祥 | 遗愿 | 包容 | 诚意 | 风风雨雨 | 无边 | 可歌可泣 | 充满 | 生死 | 传奇 | 安心 | 顺其自然 | 长久 | 盼 | 光明 | 回首 | 如愿以偿 | 无限 | 崇尚 | 回馈 | 难得 | 中华民族 | 久违 | 忠实 | 郑重 | 理想 | 善 | 无穷 | 开天辟地 | 礼 | 肯 | 矣,178.35651840316208,0.9106741558125083,0.07170852225918767,心愿:0.999994 | 祝福:0.999964 | 感恩:0.999920 | 恩情:0.999835 | 衷心:0.999792 | 庄严:0.999769 | 遗愿:0.999766 | 心意:0.999696 | 爱:0.999635 | 珍重:0.999530 | 惊喜:0.999475 | 缘分:0.999434,英雄:0.414397 | 和谐:0.412895 | 欣喜:0.383297 | 祖国:0.362421 | 坦然:0.310031 | 牢记:0.288628 | 希望:0.282705 | 启迪:0.273957
27,163,0.30691761275457796,0.05550050021923771,0.12883435582822086,卑鄙 | 欺骗 | 诽谤 | 讹诈 | 敲诈 | 杀害 | 谋害 | 侮辱 | 恐吓 | 迫害 | 残忍 | 挑衅,鲁莽 | 迷惑 | 无能 | 狭隘 | 狡猾 | 虚伪 | 反抗 | 无知,愚蠢 | 驱逐 | 无知 | 无能 | 恶性 | 报复 | 虚伪 | 屠杀 | 片面 | 劫持 | 伪装 | 腐朽,卑鄙 | 欺骗 | 诽谤 | 讹诈 | 敲诈 | 杀害 | 谋害 | 侮辱 | 恐吓 | 迫害 | 残忍 | 挑衅 | 虐待 | 狡猾 | 丑恶 | 猖狂 | 抢劫 | 屠杀 | 凶残 | 掠夺 | 绑架 | 凶恶 | 虚伪 | 愚蠢 | 骚扰 | 勾结 | 殴打 | 可恶 | 侵犯 | 盗窃 | 诈骗 | 无理 | 可耻 | 报复 | 逮捕 | 侵略 | 祸害 | 歪曲 | 无恶不作 | 冒犯 | 侵害 | 恶意 | 欺诈 | 暗杀 | 暴力 | 捣乱 | 窃取 | 非法 | 犯罪 | 劫持 | 骗人 | 荒谬 | 破坏 | 邪恶 | 损人利己 | 剥削 | 毁坏 | 挟持 | 袭击 | 收买 | 腐化 | 乘人之危 | 自私自利 | 侵占 | 触犯 | 闹事 | 伤害 | 恐怖 | 无辜 | 骇人听闻 | 攻击 | 无知 | 野蛮 | 歧视 | 伪造 | 强占 | 出卖 | 威胁 | 贩卖 | 反抗 | 贿赂 | 误导 | 残酷 | 粗暴 | 危害 | 说谎 | 扣留 | 揭露 | 堕落 | 编造 | 藏匿 | 走私 | 滥用 | 骚乱 | 入侵 | 荒诞 | 假冒 | 遗弃 | 恶劣 | 庸俗 | 开枪 | 抄袭 | 作弊 | 损害 | 被捕 | 迷惑 | 弄虚作假 | 违法 | 沽名钓誉 | 泄露 | 虚假 | 钻空子 | 腐朽 | 腐败 | 受骗 | 黑心 | 通缉 | 倒卖 | 泄密 | 驱逐 | 恶性 | 有害 | 鲁莽 | 冒充 | 搜查 | 烧毁 | 严厉 | 伪装 | 扣押 | 封锁 | 自杀 | 赌博 | 盗版 | 顽固 | 造假 | 轰炸 | 散布 | 迷信 | 倾销 | 危险 | 受害 | 暴利 | 狭隘 | 无能 | 孤立 | 示威 | 夸大 | 虚构 | 可疑 | 隐蔽 | 焚烧 | 泛滥 | 极端 | 侵权 | 消极 | 泄漏 | 爆炸 | 违规 | 片面 | 哗变 | 销毁 | 致命 | 机密,162.43810923112585,0.9132103877778038,0.06513801694290584,可疑:0.999947 | 卑鄙:0.999926 | 假冒:0.999873 | 残忍:0.999862 | 杀害:0.999848 | 藏匿:0.999778 | 恐怖:0.999683 | 诈骗:0.999637 | 野蛮:0.999573 | 盗窃:0.999458 | 猖狂:0.999384 | 无恶不作:0.999149,灭绝:0.417814 | 贪婪:0.415443 | 危及:0.389019 | 冷酷无情:0.372606 | 撒谎:0.365636 | 煽动:0.352262 | 取缔:0.337006 | 戒备:0.334594
28,186,0.2699085722993969,0.008078650125110689,0.3924731182795699,品德 | 人格 | 道德 | 自尊 | 人性 | 信仰 | 信念 | 观念 | 思想 | 性格 | 天性 | 价值观,好学 | 罪恶 | 脾气 | 为人 | 内向 | 心肠 | 自信 | 举止,模范 | 不正之风 | 大公无私 | 互信 | 公正 | 为人 | 种种 | 风气 | 冲动 | 认知 | 妄想 | 情怀,品德 | 人格 | 道德 | 自尊 | 人性 | 信仰 | 信念 | 观念 | 思想 | 性格 | 天性 | 价值观 | 本性 | 教养 | 审美 | 自尊心 | 修养 | 理智 | 意志 | 情感 | 伦理 | 感情 | 哲学 | 儒家 | 美德 | 情怀 | 学问 | 责任感 | 宗教 | 尊严 | 性情 | 内心 | 心灵 | 言行 | 骨气 | 意识 | 自信心 | 素养 | 觉悟 | 感性 | 理性 | 品行 | 思维 | 正义 | 欲望 | 自信 | 教条 | 治学 | 认知 | 大公无私 | 精神 | 自我 | 真理 | 名利 | 心胸 | 专制 | 儒学 | 人情 | 勇气 | 灵魂 | 良心 | 境界 | 心态 | 头脑 | 本能 | 直觉 | 主观 | 阅历 | 志气 | 素质 | 主义 | 举止 | 事物 | 话语 | 心理 | 公仆 | 爱好 | 心肠 | 文人 | 好奇心 | 眼界 | 封建 | 知识 | 风气 | 仇恨 | 作风 | 礼仪 | 圣贤 | 风俗 | 阶级 | 罪恶 | 脾气 | 人道 | 口才 | 学术 | 为人 | 本分 | 常识 | 交际 | 平等 | 爱国 | 廉洁 | 启蒙 | 人文 | 公道 | 团结 | 习俗 | 幻想 | 官僚 | 官僚主义 | 佛教 | 金钱 | 公正 | 喜怒哀乐 | 诚信 | 威信 | 内在 | 生命 | 一言一行 | 茶道 | 成才 | 人类 | 习惯 | 科学 | 兴趣 | 贫富 | 斗争 | 嗜好 | 空想 | 实践 | 互信 | 谎言 | 和睦 | 帝国主义 | 冲动 | 一技之长 | 独立自主 | 资本主义 | 现实 | 和平共处 | 好学 | 伊斯兰教 | 妄想 | 喜好 | 道教 | 幻觉 | 官吏 | 奴隶 | 进步 | 大自然 | 远见 | 宗旨 | 公平 | 自立 | 国情 | 自由 | 自然界 | 敬业 | 派别 | 战争 | 无情 | 廉正 | 衣食住行 | 权威 | 一切 | 西方 | 近代 | 不正之风 | 座右铭 | 禁忌 | 富强 | 种种 | 表率 | 无形 | 祭祀 | 中立 | 彼此 | 长远 | 口音 | 友好 | 模范 | 方言 | 宫廷 | 内向 | 地理 | 场合,186.62298984024082,0.8855053712319955,0.0896783716097655,风俗:0.999858 | 人格:0.999849 | 品德:0.999831 | 自我:0.999824 | 礼仪:0.999623 | 性情:0.999599 | 习俗:0.999495 | 自尊:0.999469 | 本性:0.999331 | 情感:0.999303 | 人性:0.999018 | 天性:0.999006,文明:0.436786 | 和平:0.418582 | 民俗:0.407917 | 事业:0.391802 | 言语:0.391450 | 抱负:0.380534 | 偏见:0.369814 | 正直:0.357089
29,156,0.24934558646398805,-0.0022275088194714733,0.5,逮 | 杀 | 救 | 偷 | 骗 | 抄 | 捎 | 送 | 捉 | 嫁 | 买 | 寄,戳 | 娶 | 曲 | 刷 | 犯 | 驯 | 枪毙 | 漏,骗 | 赔 | 灭 | 充 | 聘 | 解 | 赌 | 选 | 攻 | 答 | 推荐 | 判,逮 | 杀 | 救 | 偷 | 骗 | 抄 | 捎 | 送 | 捉 | 嫁 | 买 | 寄 | 丢 | 娶 | 留 | 捐 | 挣 | 养 | 取 | 忘 | 唱 | 判 | 讨 | 毁 | 卖 | 认 | 聊 | 雇 | 拍 | 删 | 猜 | 争 | 赚 | 接 | 攒 | 瞒 | 逃 | 夺 | 换 | 念 | 忍 | 赔 | 死 | 献 | 演 | 赐 | 赌 | 寻 | 敬 | 教 | 漏 | 害 | 败 | 揽 | 举 | 订 | 捕 | 赠 | 缴 | 盗 | 查 | 罚 | 劫 | 赎 | 宰 | 审 | 辞 | 选 | 验 | 辩 | 刷 | 拼 | 贴 | 斩 | 扮 | 戒 | 录 | 告 | 提 | 拆 | 避 | 付 | 谈 | 存 | 断 | 解 | 亲 | 捧 | 枪毙 | 奏 | 交 | 斗 | 攻 | 剩 | 欠 | 讲 | 填 | 宠 | 借 | 揭 | 看 | 输 | 识 | 灭 | 邀 | 赏 | 答 | 花 | 租 | 充 | 搜 | 撤 | 生 | 误 | 聘 | 犯 | 赢 | 引 | 亏 | 传 | 配 | 加 | 迷 | 理 | 领 | 签 | 办 | 试 | 播 | 评 | 记 | 编 | 赖 | 迎 | 破 | 托 | 渡 | 添 | 祭 | 损 | 戳 | 探 | 淘 | 享 | 免 | 驯 | 逆 | 反 | 测 | 游 | 译 | 派 | 作 | 防 | 推荐 | 曲,155.93604995540431,0.8862454888202627,0.07592412157288565,查:0.999988 | 嫁:0.999951 | 奏:0.999941 | 捐:0.999932 | 唱:0.999926 | 删:0.999913 | 寄:0.999898 | 赚:0.999865 | 献:0.999851 | 娶:0.999757 | 误:0.999642 | 劫:0.999386,抢:0.485170 | 收:0.469007 | 招:0.444522 | 混:0.414475 | 舞:0.412906 | 摘:0.404564 | 活:0.401491 | 弄:0.384677
30,155,0.24260488217394874,0.004713920601197832,0.4129032258064516,独特 | 有名 | 出名 | 驰名 | 出众 | 独一无二 | 昂贵 | 出色 | 顶级 | 耀眼 | 名贵 | 一流,亮丽 | 阔绰 | 摆设 | 诱人 | 红火 | 气派 | 大气 | 古董,脱颖而出 | 特有 | 显赫 | 正规 | 贵 | 档次 | 有名 | 时髦 | 值钱 | 当之无愧 | 庞大 | 万能,独特 | 有名 | 出名 | 驰名 | 出众 | 独一无二 | 昂贵 | 出色 | 顶级 | 耀眼 | 名贵 | 一流 | 时髦 | 稀罕 | 优秀 | 著名 | 漂亮 | 常见 | 丰富 | 知名 | 顶尖 | 闻名 | 正宗 | 与众不同 | 显赫 | 引人注目 | 媲美 | 亮丽 | 抢眼 | 难得一见 | 远近闻名 | 稀奇 | 过硬 | 诱人 | 便宜 | 显眼 | 优良 | 少见 | 杰出 | 大名鼎鼎 | 值钱 | 高超 | 世界级 | 特色 | 举世闻名 | 举世无双 | 优异 | 高档 | 气派 | 耳熟能详 | 齐全 | 实用 | 得天独厚 | 名副其实 | 廉价 | 瞩目 | 不起眼 | 豪华 | 现成 | 非凡 | 熟悉 | 优质 | 贵重 | 雄厚 | 可观 | 卓越 | 逊色 | 相似 | 奢侈 | 各式各样 | 鹤立鸡群 | 当之无愧 | 性价比 | 罕见 | 畅销 | 流行 | 实惠 | 精细 | 像样 | 全新 | 应有尽有 | 热门 | 典型 | 丰厚 | 公认 | 堪称 | 阔绰 | 家喻户晓 | 特殊 | 酷似 | 袖珍 | 特有 | 常用 | 普通 | 精品 | 适合 | 红火 | 一模一样 | 土生土长 | 新潮 | 庞大 | 熟练 | 划算 | 形形色色 | 类似 | 天然 | 众多 | 必不可少 | 地道 | 新式 | 擅长 | 时尚 | 五花八门 | 领先 | 精通 | 一应俱全 | 大同小异 | 具有 | 专业 | 号称 | 感兴趣 | 古董 | 正规 | 高级 | 随处可见 | 脱颖而出 | 全能 | 贵 | 祖传 | 不相上下 | 档次 | 山寨 | 超级 | 立体 | 常规 | 同类 | 现代 | 创意 | 合格 | 摆设 | 早期 | 之类 | 万能 | 胜任 | 原始 | 酷 | 各种 | 深受 | 初级 | 多余 | 标致 | 透明 | 绿色 | 有机 | 大气,155.38587854721894,0.902371790177259,0.07546515087834481,闻名:0.999998 | 有名:0.999998 | 酷似:0.999986 | 著名:0.999985 | 便宜:0.999983 | 驰名:0.999976 | 精通:0.999917 | 逊色:0.999913 | 远近闻名:0.999911 | 显赫:0.999886 | 大名鼎鼎:0.999807 | 擅长:0.999801,先进:0.471387 | 合适:0.365804 | 大量:0.364513 | 海量:0.354614 | 多种:0.345573 | 要好:0.329542 | 出自:0.326806 | 比比皆是:0.315880
31,582,0.1924620880001424,-0.019788061628990612,0.738831615120275,企业 | 业务 | 设备 | 销售 | 产业 | 产品 | 汽车 | 运营 | 行业 | 市场 | 租赁 | 电力,费 | 现金 | 管理费 | 文 | 补贴 | 差额 | 银行卡 | 器材,供求 | 微观 | 闸 | 风力 | 主流 | 百分比 | 开发区 | 劳务 | 货币 | 海运 | 单元 | 用途,企业 | 业务 | 设备 | 销售 | 产业 | 产品 | 汽车 | 运营 | 行业 | 市场 | 租赁 | 电力 | 消费 | 金融 | 工业 | 能源 | 成本 | 生产 | 物流 | 服务 | 板块 | 商品 | 配件 | 平台 | 家电 | 信贷 | 利润 | 房地产 | 资产 | 银行 | 贸易 | 贷款 | 价格 | 投资 | 盈利 | 原材料 | 规模 | 渠道 | 零售 | 技术 | 硬件 | 税收 | 资金 | 服务业 | 煤炭 | 高新技术 | 燃气 | 进出口 | 交易 | 公司 | 订单 | 需求 | 应用 | 厂商 | 芯片 | 发电 | 创新 | 农业 | 供应 | 增长 | 配套 | 经营 | 通信 | 互联网 | 建设 | 项目 | 厂家 | 增值 | 销量 | 燃料 | 数据 | 商业 | 品牌 | 农产品 | 节能 | 资源 | 电池 | 产量 | 进口 | 医药 | 能耗 | 保险 | 航运 | 补贴 | 产值 | 监管 | 系统 | 外贸 | 领域 | 出口 | 石油 | 收入 | 智能 | 工程 | 金额 | 医疗 | 管理 | 配送 | 部件 | 总量 | 租金 | 业绩 | 环保 | 车型 | 天然气 | 功率 | 收益 | 科技 | 电网 | 采购 | 政策 | 设施 | 电源 | 电信 | 信用 | 周期 | 审批 | 合资 | 用户 | 汇率 | 外资 | 担保 | 经济 | 批发 | 客户 | 区域 | 机械 | 太阳能 | 装备 | 电器 | 联网 | 股票 | 定价 | 生态 | 航空 | 内需 | 抵押 | 新兴 | 工厂 | 品种 | 服务器 | 化纤 | 住房 | 财政 | 新型 | 预期 | 关税 | 货币 | 美元 | 外汇 | 利率 | 型号 | 纺织 | 流量 | 指数 | 试点 | 管道 | 容量 | 非金属 | 大宗 | 充电 | 制造 | 售价 | 股份 | 燃油 | 计算 | 账户 | 客车 | 网络 | 劳务 | 现金 | 高科技 | 人民币 | 消费者 | 水泥 | 机构 | 流通 | 招标 | 供求 | 份额 | 实体 | 指标 | 财务 | 移动 | 民用 | 体系 | 无线 | 造价 | 发电机 | 相关 | 全球 | 余额 | 海外 | 总额 | 合同 | 风险 | 成交 | 海运 | 通讯 | 资本 | 轮胎 | 综合 | 境外 | 价 | 光缆 | 照明 | 涨价 | 并购 | 装置 | 许可证 | 规划 | 升值 | 运行 | 网点 | 二手车 | 信用卡 | 通用 | 功能 | 上游 | 成品 | 施工 | 金属 | 管理费 | 材料 | 人工智能 | 存款 | 基金 | 信息 | 核能 | 开采 | 数量 | 节水 | 预售 | 导航 | 下游 | 集团 | 电动 | 铁路 | 公用 | 巨头 | 卫星 | 一卡通 | 吨 | 合约 | 连锁 | 收支 | 混凝土 | 标准 | 电讯 | 勘探 | 共享 | 排放 | 付费 | 自主 | 仪器 | 质量 | 上市 | 采矿 | 家用 | 银行卡 | 数据库 | 大型 | 开发区 | 债务 | 铝 | 运作 | 小型 | 分红 | 征收 | 比重 | 纳税 | 核心 | 煤 | 汽油 | 橡胶 | 理财 | 增收 | 动态 | 专利 | 顺差 | 平方米 | 供暖 | 量 | 主体 | 商城 | 轻型 | 激光 | 输出 | 出厂 | 股东 | 营业 | 虚拟 | 治理 | 开发商 | 房价 | 模型 | 邮政 | 转让 | 微型 | 基准 | 牌照 | 保修 | 收购 | 重型 | 税 | 一揽子 | 物价 | 低碳 | 业 | 立方米 | 价位 | 引擎 | 宏观 | 国有 | 美金 | 权益 | 股市 | 阀门 | 矿 | 授权 | 类 | 快递 | 面积 | 门槛 | 工商 | 英镑 | 电 | 比例 | 钢 | 国际 | 公积金 | 外部 | 厂 | 全国 | 多元 | 平价 | 国产 | 生物 | 类型 | 行情 | 差额 | 枢纽 | 器材 | 高铁 | 深度 | 跨国 | 防盗 | 口径 | 活期 | 百分点 | 账号 | 流入 | 用途 | 主流 | 内存 | 中介 | 范围 | 流向 | 养老金 | 环境 | 中型 | 新款 | 赤字 | 资讯 | 样本 | 股 | 本土 | 现有 | 重组 | 到期 | 防火墙 | 增产 | 三维 | 传媒 | 良性 | 远程 | 元 | 开工 | 铜 | 机器人 | 海关 | 航天 | 户 | 专用 | 马力 | 在线 | 上限 | 原装 | 购 | 本地 | 双边 | 附件 | 产地 | 等级 | 核电站 | 双向 | 基地 | 多功能 | 亿 | 煤矿 | 公顷 | 黄金 | 排名 | 天线 | 微观 | 高速 | 组合 | 百分比 | 二手 | 定向 | 线 | 新房 | 海量 | 年限 | 千克 | 清单 | 承包 | 复合 | 频率 | 集资 | 项 | 倍 | 缺口 | 单位 | 消防 | 账 | 挂钩 | 现代化 | 口碑 | 热点 | 多种 | 入口 | 港 | 辐射 | 地质 | 亩 | 流动 | 内地 | 债 | 财经 | 苹果 | 开放 | 型 | 失业率 | 会员 | 整治 | 封顶 | 彩票 | 净 | 单 | 整数 | 级别 | 发行 | 内部 | 风力 | 二维码 | 类别 | 混合 | 宝 | 说明书 | 值 | 盘 | 拍卖 | 费 | 邮箱 | 高压 | 概率 | 券 | 茅台 | 台 | 尖端 | 新 | 排行榜 | 密码 | 人均 | 证 | 系列 | 公斤 | 中国 | 市 | 环球 | 网 | 车牌 | 拆迁 | 绝缘 | 中心 | 单元 | 点评 | 正版 | 独家 | 卡 | 数目 | 码 | 级 | 库 | 号码 | 平方 | 轮 | 巨型 | 公安 | 官方 | 以内 | 前沿 | 键 | 核 | 隐形 | 首创 | 双 | 直线 | 社 | 附属 | 黑色 | 一体 | 后台 | 表 | 毫米 | 来源 | 独立 | 并行 | 有效期 | 一线 | 车号 | 中央 | 手动 | 长城 | 区 | 真空 | 零 | 归属 | 编号 | 内外 | 批 | 套 | 贯通 | 方 | 宗 | 万 | 闸 | 特大 | 阶梯 | 等 | 家 | 度 | 内 | 乐 | 日报 | 磅 | 指南 | 档 | 全长 | 小康 | 集 | 层 | 票 | 国 | 式 | 凤凰 | 潮 | 除外 | 三角 | 省 | 邮编 | 北京 | 底 | 号 | 米 | 秒 | 文 | 余 | 栏 | 代号 | 瓦 | 匹 | 外 | 百 | 部 | 条 | 组 | 支 | 团 | 四 | 界,556.1573223605859,0.8253103447744694,0.1292868276805883,产品:0.999690 | 售价:0.998837 | 房价:0.998634 | 股票:0.998053 | 吨:0.997544 | 平台:0.997422 | 房地产:0.997421 | 智能:0.997225 | 系统:0.997140 | 煤炭:0.996977 | 公斤:0.996553 | 工业:0.996082,港口:0.485137 | 集装箱:0.484300 | 部门:0.472282 | 密度:0.443381 | 预算:0.436527 | 云:0.428958 | 超级:0.426296 | 数:0.418312
32,265,0.31035922612039446,0.07127268268922304,0.14339622641509434,姑姑 | 妹妹 | 舅舅 | 母亲 | 姐姐 | 父亲 | 哥哥 | 女儿 | 闺女 | 弟弟 | 爸爸 | 嫂子,脑子 | 心眼儿 | 先天 | 生育 | 外貌 | 中等 | 天生 | 人品,情侣 | 老板 | 爷爷 | 父亲 | 新娘 | 女孩儿 | 夫人 | 女 | 相依为命 | 早年 | 配偶 | 族,姑姑 | 妹妹 | 舅舅 | 母亲 | 姐姐 | 父亲 | 哥哥 | 女儿 | 闺女 | 弟弟 | 爸爸 | 嫂子 | 儿子 | 媳妇 | 老婆 | 奶奶 | 妈妈 | 爷爷 | 父母 | 姥姥 | 伯母 | 爸 | 孙女 | 祖母 | 伯父 | 叔叔 | 姥爷 | 长辈 | 丈夫 | 爹 | 妻子 | 大姐 | 亲戚 | 外婆 | 孩子 | 老公 | 妈 | 岳父 | 继父 | 家人 | 女婿 | 大哥 | 外公 | 岳母 | 太太 | 老太太 | 继母 | 男朋友 | 阿姨 | 女朋友 | 爱人 | 孙子 | 姑娘 | 大爷 | 她 | 小孩儿 | 老头儿 | 伯伯 | 老伴儿 | 男人 | 儿女 | 亲生 | 亲人 | 姐 | 朋友 | 老人 | 女孩儿 | 寡妇 | 妹 | 女人 | 大人 | 祖父 | 邻居 | 丫头 | 师父 | 老人家 | 弟 | 两口子 | 老乡 | 姨 | 男孩儿 | 母女 | 小伙子 | 同学 | 姐妹 | 家里 | 他 | 老汉 | 大妈 | 子女 | 老家 | 人缘儿 | 一家人 | 恩人 | 徒弟 | 同事 | 她们 | 父女 | 师傅 | 老师 | 情人 | 女生 | 亲友 | 胖子 | 乡下 | 保姆 | 男生 | 辈 | 新娘 | 年迈 | 小时候 | 帅哥 | 亲朋好友 | 主人 | 夫人 | 家境 | 乡亲 | 夫妇 | 小姐 | 新郎 | 母子 | 全家 | 小朋友 | 子孙 | 宝宝 | 抚养 | 主妇 | 老大 | 老王 | 童年 | 好心人 | 亲属 | 夫妻 | 友人 | 老板 | 女 | 熟人 | 父子 | 家长 | 祖宗 | 从小 | 大款 | 岁数 | 长大 | 少女 | 乞丐 | 穷人 | 老朋友 | 相依为命 | 皇上 | 公主 | 好友 | 年纪 | 皇帝 | 独身 | 后代 | 木匠 | 长相 | 男 | 双胞胎 | 兄弟 | 一辈子 | 上司 | 岁 | 弟子 | 小王 | 富翁 | 前辈 | 大夫 | 王后 | 普通人 | 人 | 个儿 | 美女 | 师长 | 祖先 | 个头儿 | 家乡 | 伴侣 | 收养 | 孤儿 | 城里 | 异性 | 中年 | 领养 | 家庭 | 情侣 | 单身 | 一生 | 后裔 | 交情 | 富人 | 晚年 | 男士 | 婚姻 | 心眼儿 | 商人 | 身材 | 生前 | 家族 | 配偶 | 和尚 | 王子 | 贵族 | 成年 | 孪生 | 皇后 | 素不相识 | 故乡 | 本人 | 富豪 | 祖籍 | 门当户对 | 出生 | 一年到头 | 男性 | 酒鬼 | 人品 | 姓 | 影星 | 外貌 | 血缘 | 常人 | 老 | 女性 | 上班族 | 传人 | 出身 | 皇室 | 自称 | 早年 | 老百姓 | 朝夕相处 | 外号 | 年龄 | 好家伙 | 世袭 | 生活 | 脑子 | 高龄 | 得了 | 终生 | 天生 | 智商 | 白领 | 宠物 | 葬 | 出头 | 母 | 身高 | 平日 | 生育 | 族 | 世代 | 绰号 | 定居 | 受过 | 上流 | 个子 | 官 | 性别 | 居住 | 商贾 | 先天 | 中等,265.69741910723974,0.9472924219766927,0.041273914098547484,祖母:1.000000 | 舅舅:1.000000 | 姑姑:1.000000 | 外婆:1.000000 | 外公:1.000000 | 伯父:1.000000 | 爷爷:1.000000 | 妈妈:1.000000 | 姥姥:1.000000 | 老婆:1.000000 | 母亲:1.000000 | 女儿:1.000000,僧人:0.462002 | 人家:0.435737 | 家属:0.407642 | 娘:0.385869 | 衣食住行:0.338921 | 能人:0.336521 | 美人:0.334525 | 成人:0.315407
33,236,0.22705052117732633,0.00258502681234463,0.4449152542372881,核实 | 分析 | 查询 | 核对 | 阐述 | 验证 | 解释 | 查找 | 表述 | 询问 | 公示 | 评估,会诊 | 内幕 | 解剖 | 论坛 | 领会 | 口令 | 隐私 | 电话,总结 | 编辑 | 讲解 | 公告 | 汇报 | 检测 | 编写 | 提交 | 简要 | 模拟 | 举例 | 检讨,核实 | 分析 | 查询 | 核对 | 阐述 | 验证 | 解释 | 查找 | 表述 | 询问 | 公示 | 评估 | 解答 | 审查 | 通报 | 梳理 | 解读 | 总结 | 检查 | 汇报 | 解析 | 讨论 | 审核 | 论证 | 探讨 | 修改 | 确认 | 反馈 | 归纳 | 填写 | 上报 | 调查 | 提交 | 研究 | 筛选 | 检测 | 描述 | 陈述 | 介绍 | 讲解 | 研讨 | 判定 | 叙述 | 求证 | 统计 | 鉴定 | 披露 | 查看 | 论述 | 提问 | 界定 | 演示 | 评判 | 记录 | 复查 | 评审 | 告知 | 审定 | 列举 | 发送 | 考察 | 报告 | 评价 | 访谈 | 修订 | 了解 | 评定 | 删除 | 揭示 | 监测 | 浏览 | 咨询 | 辨别 | 沟通 | 确定 | 追踪 | 扫描 | 听取 | 检验 | 证实 | 征求 | 回应 | 反映 | 登录 | 测试 | 观察 | 刊登 | 识别 | 预测 | 概括 | 监控 | 发布 | 出示 | 鉴别 | 公布 | 调研 | 认定 | 跟踪 | 拨打 | 下载 | 受理 | 验收 | 编写 | 回复 | 澄清 | 更改 | 申报 | 举报 | 查明 | 引用 | 推敲 | 辨认 | 采访 | 撰写 | 分辨 | 接听 | 投诉 | 提示 | 检讨 | 简要 | 提醒 | 举例 | 回顾 | 纠正 | 电子邮件 | 传达 | 监督 | 认证 | 会诊 | 发表 | 报道 | 处理 | 搜索 | 传输 | 交流 | 更新 | 透露 | 邮件 | 察看 | 调试 | 拟定 | 联系 | 通知 | 输入 | 试验 | 说明 | 查出 | 编制 | 短信 | 印证 | 公告 | 专题 | 追溯 | 领会 | 指出 | 对比 | 模拟 | 接收 | 分类 | 曝光 | 补充 | 考核 | 预告 | 实验 | 求助 | 提到 | 接通 | 分组 | 整理 | 热线 | 关注 | 分享 | 电话 | 复制 | 参考 | 通话 | 得出 | 参照 | 编排 | 专家 | 推理 | 注册 | 投票 | 传真 | 互动 | 涉及 | 改正 | 关联 | 对照 | 全文 | 编辑 | 还原 | 生成 | 重复 | 获悉 | 对话 | 试行 | 传播 | 转载 | 解剖 | 处置 | 开通 | 接触 | 关于 | 现场 | 来电 | 包含 | 关机 | 举一反三 | 涵盖 | 杀毒 | 概况 | 克隆 | 议 | 接到 | 收到 | 随机 | 计时 | 简介 | 留意 | 列入 | 隐私 | 内幕 | 命名 | 名称 | 牵涉 | 论坛 | 省略 | 附加 | 进化 | 衍生 | 目录 | 施行 | 口令 | 开机 | 联想,233.9403022361031,0.8718819113221974,0.09857487910108464,接听:0.999936 | 引用:0.999910 | 核对:0.999826 | 解答:0.999802 | 讲解:0.999801 | 求证:0.999798 | 反馈:0.999792 | 查看:0.999788 | 拨打:0.999733 | 解读:0.999710 | 论述:0.999698 | 列举:0.999458,解说:0.478484 | 出具:0.462366 | 征集:0.459693 | 点评:0.454432 | 揣摩:0.437134 | 概论:0.411637 | 颁布:0.388649 | 附件:0.387458
34,143,0.2984026458779639,0.06053300542601998,0.1888111888111888,春节 | 夜晚 | 除夕 | 清明节 | 过年 | 中秋节 | 圣诞节 | 佳节 | 假期 | 晚饭 | 元宵节 | 假日,滋味 | 风情 | 情调 | 峰回路转 | 开车 | 景色 | 捧场 | 路上,下雨 | 午餐 | 沿途 | 刮风 | 慰劳 | 季节 | 途中 | 冬季 | 来年 | 夏天 | 节气 | 国庆,春节 | 夜晚 | 除夕 | 清明节 | 过年 | 中秋节 | 圣诞节 | 佳节 | 假期 | 晚饭 | 元宵节 | 假日 | 时节 | 傍晚 | 过节 | 午饭 | 元旦 | 节日 | 冬天 | 郊游 | 星期天 | 周末 | 端午节 | 长假 | 晚上 | 节假日 | 放假 | 早晨 | 晚餐 | 下雪 | 新年 | 中午 | 夜里 | 早饭 | 腊月 | 下班 | 清晨 | 季节 | 出游 | 野餐 | 夏天 | 秋天 | 黄昏 | 国庆 | 年夜饭 | 回家 | 深夜 | 下雨 | 阴天 | 游玩 | 扫墓 | 春天 | 午餐 | 避暑 | 休假 | 清明 | 白天 | 出门 | 早上 | 半夜 | 农历 | 聚会 | 庙会 | 风和日丽 | 冬季 | 暑期 | 节气 | 每逢 | 团圆 | 一大早 | 夏季 | 晴天 | 用餐 | 刮风 | 旅途 | 日子 | 天气 | 探亲 | 度假 | 张灯结彩 | 外出 | 旺季 | 海边 | 拜年 | 团聚 | 约会 | 春季 | 请客 | 夜间 | 游览 | 就餐 | 景色 | 旅行 | 美景 | 淡季 | 相约 | 住宿 | 家家户户 | 蜜月 | 喜酒 | 喜事 | 来临 | 开车 | 便饭 | 欢聚 | 秋季 | 出行 | 去处 | 气温 | 高峰期 | 游人 | 接送 | 瑞雪 | 路途 | 休闲 | 招待 | 观光 | 夜 | 民俗 | 四季 | 情调 | 临近 | 路上 | 多云 | 食宿 | 途中 | 喜洋洋 | 高峰 | 到来 | 客流 | 风情 | 目的地 | 时段 | 乐园 | 络绎不绝 | 来年 | 丰收 | 沿途 | 慰劳 | 转机 | 滋味 | 捧场 | 峰回路转,145.7976401305189,0.9467124651375571,0.04035029814118391,中秋节:1.000000 | 时节:1.000000 | 除夕:1.000000 | 春节:0.999999 | 清明节:0.999999 | 佳节:0.999999 | 元宵节:0.999999 | 节日:0.999999 | 季节:0.999999 | 腊月:0.999998 | 端午节:0.999998 | 冬天:0.999998,零下:0.409588 | 喜庆:0.395513 | 过后:0.384597 | 奇花异草:0.375397 | 景点:0.371131 | 庆贺:0.365123 | 风景:0.315817 | 凌晨:0.293815
35,311,0.21453005927228294,-0.0062868980508812315,0.5659163987138264,减弱 | 增大 | 下降 | 降低 | 加剧 | 萎缩 | 趋于 | 缓解 | 回升 | 改善 | 回落 | 收缩,设想 | 消失 | 警惕 | 面对 | 令 | 陷入 | 本质 | 现状,淘汰 | 消耗 | 区分 | 在于 | 紧缩 | 潜在 | 宽松 | 归结 | 缩短 | 急剧 | 达标 | 向上,减弱 | 增大 | 下降 | 降低 | 加剧 | 萎缩 | 趋于 | 缓解 | 回升 | 改善 | 回落 | 收缩 | 影响 | 上升 | 增加 | 衰减 | 减少 | 显现 | 急剧 | 制约 | 攀升 | 抑制 | 升高 | 改变 | 扭转 | 升温 | 缓和 | 波动 | 抵消 | 限制 | 缩小 | 分化 | 低迷 | 持续 | 调整 | 挤压 | 好转 | 凸显 | 加重 | 大幅度 | 扩大 | 拖累 | 反弹 | 平衡 | 紧缩 | 导致 | 压缩 | 减轻 | 显著 | 释放 | 飙升 | 幅度 | 相对 | 过剩 | 冲击 | 压力 | 下跌 | 整体 | 扩张 | 上涨 | 增多 | 放大 | 缩水 | 有所 | 过度 | 膨胀 | 弱势 | 贬值 | 出现 | 降温 | 造成 | 均衡 | 转变 | 维持 | 结构 | 消除 | 诱发 | 缺失 | 复苏 | 提速 | 约束 | 产生 | 延缓 | 不足 | 表现 | 解决 | 水平 | 阻碍 | 支撑 | 存在 | 竞争 | 弥补 | 调节 | 刺激 | 消化 | 衡量 | 引发 | 缺乏 | 短缺 | 依赖 | 保持 | 效应 | 匹配 | 缩短 | 总体 | 消耗 | 下调 | 差距 | 偏向 | 考量 | 脱节 | 供给 | 面临 | 宽松 | 高涨 | 欠缺 | 受到 | 适应 | 导向 | 推移 | 调控 | 局限 | 变动 | 倾向 | 弹性 | 层面 | 逐年 | 错位 | 困扰 | 倾斜 | 放松 | 向上 | 低估 | 考虑 | 修正 | 取决于 | 起伏 | 潜在 | 避免 | 饱和 | 徘徊 | 分散 | 应对 | 紧缺 | 透支 | 收敛 | 惯性 | 陷入 | 转向 | 效率 | 化解 | 处于 | 水涨船高 | 变革 | 程度 | 超出 | 消失 | 流失 | 波及 | 权衡 | 低谷 | 常态 | 方面 | 高低 | 延长 | 布局 | 配置 | 双重 | 损失 | 把握 | 阻力 | 曲线 | 转换 | 兼顾 | 有限 | 涌入 | 受益 | 累积 | 引起 | 重心 | 单边 | 恢复 | 测算 | 相辅相成 | 区分 | 息息相关 | 与日俱增 | 供不应求 | 发生 | 接近 | 相差 | 随着 | 达到 | 落差 | 本质 | 控制 | 定义 | 自身 | 隐性 | 单一 | 预见 | 逼近 | 排除 | 翻番 | 打破 | 出台 | 遭遇 | 重合 | 互补 | 阶段 | 角度 | 起到 | 高度 | 缺少 | 具备 | 局部 | 假定 | 处在 | 符合 | 对称 | 设定 | 归结 | 现状 | 转型 | 步入 | 中性 | 推算 | 观望 | 集中 | 估算 | 致使 | 未来 | 接轨 | 暗示 | 亏损 | 针对 | 横向 | 警惕 | 活跃 | 防止 | 松绑 | 介入 | 在于 | 运转 | 假设 | 上方 | 了结 | 较 | 相等 | 面对 | 落地 | 长短 | 指向 | 达标 | 冻结 | 看好 | 实际 | 受 | 共性 | 预料 | 大体 | 交替 | 有待 | 大面积 | 方方面面 | 看待 | 特定 | 交叉 | 尺度 | 定位 | 认可 | 过早 | 限于 | 之下 | 过渡 | 淘汰 | 为主 | 不良 | 退出 | 层次 | 迈进 | 兼容 | 之间 | 止步 | 框架 | 搁置 | 性 | 外界 | 适用 | 指引 | 边缘 | 端 | 令 | 设想 | 证明 | 因 | 各个 | 备受 | 同等 | 起步 | 停留 | 上下 | 之内 | 入手 | 底层 | 正面 | 交换 | 天平 | 背后 | 过往 | 所在,316.68756599260416,0.8017203886300762,0.1440503582868096,缓解:0.999814 | 引发:0.999735 | 缩水:0.999595 | 收缩:0.999531 | 加重:0.999456 | 导致:0.999449 | 造成:0.999246 | 减弱:0.999184 | 攀升:0.999013 | 拖累:0.998849 | 减少:0.998821 | 平衡:0.998793,与:0.466069 | 转移:0.456969 | 淡化:0.452933 | 进入:0.444618 | 计算:0.431476 | 提升:0.430858 | 提高:0.424498 | 微观:0.416263
36,281,0.27096960818628024,0.032020946348061546,0.25622775800711745,停车场 | 旅馆 | 居民楼 | 楼道 | 房间 | 车厢 | 地铁站 | 洗手间 | 饭馆 | 人行道 | 浴室 | 过道,前方 | 门诊 | 电线 | 旅游 | 边境 | 电铃 | 沙滩 | 海滩,艘 | 诊所 | 电线 | 地下 | 码头 | 临街 | 夜市 | 窗子 | 货物 | 卫生间 | 厕所 | 民警,停车场 | 旅馆 | 居民楼 | 楼道 | 房间 | 车厢 | 地铁站 | 洗手间 | 饭馆 | 人行道 | 浴室 | 过道 | 宾馆 | 餐厅 | 楼房 | 卫生间 | 饭店 | 商场 | 楼梯 | 临街 | 旅店 | 公共汽车 | 电梯 | 舞厅 | 公交车 | 客房 | 车站 | 餐馆 | 马路 | 宿舍 | 酒吧 | 厕所 | 阳台 | 酒楼 | 客厅 | 教室 | 窗户 | 出租车 | 屋子 | 小区 | 院子 | 游船 | 电影院 | 大楼 | 病房 | 游泳池 | 停车位 | 卧铺 | 地下室 | 电车 | 卧室 | 教学楼 | 火车 | 报亭 | 路边 | 大厅 | 窗子 | 窗台 | 警车 | 厨房 | 大巴 | 食堂 | 楼 | 公园 | 网吧 | 酒店 | 操场 | 寝室 | 列车 | 公寓 | 车上 | 车位 | 街道 | 机舱 | 广场 | 座位 | 缆车 | 地铁 | 私家车 | 公共场所 | 菜市场 | 商店 | 场馆 | 乘客 | 工地 | 草坪 | 机场 | 写字楼 | 路口 | 路灯 | 码头 | 墙壁 | 夜总会 | 柜台 | 立交桥 | 防盗门 | 大厦 | 出租 | 车道 | 房子 | 礼堂 | 栏杆 | 站台 | 手术室 | 阅览室 | 车辆 | 图书馆 | 围墙 | 大街 | 书房 | 货车 | 别墅 | 超市 | 救护车 | 停车 | 加油站 | 屋 | 屋顶 | 书店 | 体育馆 | 路面 | 走廊 | 球场 | 住户 | 慢车 | 花园 | 服务员 | 幢 | 滑梯 | 剧场 | 市区 | 喷泉 | 医院 | 售票 | 飞机 | 巴士 | 天桥 | 看台 | 客运 | 空地 | 场地 | 办公室 | 剧院 | 仓库 | 司机 | 跑道 | 诊所 | 行人 | 公路 | 烟囱 | 房屋 | 取款机 | 会场 | 车 | 体育场 | 栋 | 行李 | 自行车 | 考场 | 床位 | 大棚 | 四合院 | 景点 | 旅客 | 灯光 | 门铃 | 隧道 | 更衣室 | 露天 | 邮局 | 餐桌 | 海滩 | 住宅 | 景区 | 卡车 | 电铃 | 帐篷 | 夜市 | 清真寺 | 药店 | 街头 | 动物园 | 高速公路 | 大街小巷 | 专卖店 | 物业 | 大门 | 电灯 | 五星级 | 打车 | 店 | 辆 | 客人 | 便利店 | 保安 | 校园 | 清洁工 | 门诊 | 集装箱 | 病床 | 公车 | 餐饮 | 领事馆 | 渔船 | 小贩 | 轿车 | 地面 | 装修 | 建筑 | 安检 | 客机 | 摩托 | 电动车 | 船只 | 轮船 | 车间 | 顾客 | 前台 | 沙滩 | 交通 | 房东 | 车主 | 空调 | 游客 | 办公 | 电线 | 商贩 | 舱 | 连锁店 | 交警 | 船 | 厅 | 演播室 | 公共 | 机动车 | 地下 | 快车 | 货运 | 热水器 | 导游 | 购物 | 售货员 | 城区 | 鸟巢 | 市民 | 百货 | 室 | 民警 | 旅行社 | 吉普 | 城市 | 户外 | 直升机 | 窗口 | 特快 | 外卖 | 货物 | 台阶 | 船舶 | 空中 | 城镇 | 热气球 | 飞船 | 艘 | 人群 | 垃圾 | 时速 | 私人 | 旅游 | 边境 | 公里 | 公务 | 入境 | 上网 | 商务 | 高空 | 过境 | 无线电 | 出境 | 人次 | 前方,282.61036988552735,0.909133225742434,0.06513248772487396,居民楼:0.999997 | 宿舍:0.999996 | 小区:0.999995 | 礼堂:0.999992 | 公交车:0.999991 | 停车场:0.999990 | 办公室:0.999984 | 警车:0.999983 | 商场:0.999980 | 临街:0.999977 | 人行道:0.999976 | 大楼:0.999975,航班:0.497462 | 皇宫:0.492557 | 绿灯:0.462765 | 长途:0.456855 | 平方米:0.453645 | 马车:0.433495 | 暖气:0.426762 | 工厂:0.424840
37,161,0.34489263710450524,0.06457445652853301,0.11180124223602485,谦逊 | 和蔼 | 善良 | 温柔 | 乖巧 | 聪明 | 高傲 | 谦虚 | 文雅 | 豁达 | 体贴 | 礼貌,嫉妒 | 怜惜 | 妒忌 | 同情 | 修长 | 穿着 | 形影不离 | 洪亮,爱面子 | 坦率 | 开朗 | 盛气凌人 | 亲热 | 得体 | 宽容 | 结实 | 耿直 | 和气 | 勤快 | 尊贵,谦逊 | 和蔼 | 善良 | 温柔 | 乖巧 | 聪明 | 高傲 | 谦虚 | 文雅 | 豁达 | 体贴 | 礼貌 | 彬彬有礼 | 倔强 | 冷漠 | 俊俏 | 诚恳 | 沉稳 | 耿直 | 开朗 | 稳重 | 慈祥 | 粗鲁 | 老实 | 英俊 | 客气 | 冷酷 | 奸诈 | 听话 | 仁慈 | 暴躁 | 天真 | 讨人喜欢 | 懂事 | 刚毅 | 可爱 | 友善 | 诚实 | 傲慢 | 世故 | 宽容 | 调皮 | 风趣 | 固执 | 正直 | 孝顺 | 得体 | 娇气 | 潇洒 | 怜惜 | 胆小 | 凶狠 | 厚道 | 勤快 | 娇惯 | 宽厚 | 自私 | 敦厚 | 精明 | 小气 | 殷勤 | 大大咧咧 | 顽皮 | 坦率 | 敬重 | 活泼 | 轻蔑 | 害羞 | 坦诚 | 冷酷无情 | 神气 | 高贵 | 无情无义 | 坚韧 | 冷静 | 壮实 | 大方 | 爱面子 | 盛气凌人 | 机智 | 顺从 | 亲热 | 亲近 | 和气 | 体谅 | 灵巧 | 坦然 | 妒忌 | 懒惰 | 爽快 | 忠心 | 能干 | 光明磊落 | 镇定 | 健壮 | 沉着 | 软弱 | 强壮 | 硬朗 | 足智多谋 | 淘气 | 爱惜 | 尊敬 | 从容 | 嫉妒 | 挑剔 | 心灵手巧 | 贪婪 | 叛逆 | 严肃 | 节俭 | 好意 | 平和 | 绅士 | 苗条 | 从容不迫 | 亲切 | 宠爱 | 敏锐 | 善意 | 孝敬 | 利索 | 尊贵 | 舒服 | 同情 | 爱护 | 容光焕发 | 打扮 | 体面 | 结实 | 敏捷 | 好心 | 耐心 | 灵敏 | 尊重 | 计较 | 年轻 | 拘束 | 信任 | 修长 | 矮小 | 清醒 | 亲密 | 装扮 | 周到 | 流利 | 无微不至 | 中庸 | 胸有成竹 | 信赖 | 端正 | 关照 | 呵护 | 放心 | 穿着 | 喜爱 | 心爱 | 洪亮 | 自如 | 形影不离 | 一身,160.00659792750602,0.9274035143207716,0.055614847271179456,和蔼:0.999998 | 彬彬有礼:0.999987 | 英俊:0.999986 | 强壮:0.999985 | 壮实:0.999969 | 沉着:0.999959 | 俊俏:0.999959 | 高傲:0.999949 | 刚毅:0.999941 | 乖巧:0.999931 | 灵巧:0.999900 | 慈祥:0.999890,好学:0.465331 | 无能:0.430202 | 忠诚:0.428179 | 胆怯:0.406449 | 目中无人:0.360716 | 公道:0.355739 | 优雅:0.351855 | 自负:0.343849
38,139,0.26634491651943404,0.020284694858093085,0.33093525179856115,干燥 | 湿度 | 害虫 | 干旱 | 雨水 | 腐烂 | 土壤 | 粪便 | 温度 | 潮湿 | 低温 | 消毒,疗效 | 传染病 | 处方 | 秘方 | 根治 | 霍乱 | 预防 | 适量,秘方 | 贮藏 | 保质期 | 物资 | 开花 | 雨水 | 变异 | 害虫 | 卫生 | 禾苗 | 二氧化碳 | 零下,干燥 | 湿度 | 害虫 | 干旱 | 雨水 | 腐烂 | 土壤 | 粪便 | 温度 | 潮湿 | 低温 | 消毒 | 水源 | 农作物 | 污染 | 水温 | 地下水 | 肥料 | 细菌 | 作物 | 灌溉 | 污水 | 贮藏 | 加热 | 烘干 | 海水 | 寒冷 | 空气 | 冷冻 | 繁殖 | 植物 | 气体 | 热水 | 水分 | 有毒 | 浸泡 | 热气 | 温室 | 高温 | 保鲜 | 通风 | 饮用水 | 热量 | 牲畜 | 气候 | 防治 | 果树 | 气味 | 结冰 | 禾苗 | 冲洗 | 旱灾 | 常温 | 庄稼 | 风沙 | 燃烧 | 饮水 | 二氧化碳 | 炎热 | 溶解 | 变质 | 饲养 | 生长 | 灾害 | 栽培 | 瘟疫 | 传染病 | 混浊 | 搅拌 | 防疫 | 喂养 | 蛋白质 | 化肥 | 种植 | 保暖 | 自来水 | 木材 | 透气 | 粮食 | 沼泽 | 养殖 | 水灾 | 洪水 | 废物 | 摄氏度 | 含量 | 融化 | 发酵 | 煤气 | 物质 | 尾气 | 暖气 | 原料 | 霍乱 | 气泡 | 凝固 | 卫生 | 保质期 | 清洁 | 传染 | 冷气 | 变异 | 剂 | 药材 | 加工 | 噪声 | 暴雨 | 稻草 | 果实 | 取暖 | 运输 | 病毒 | 零下 | 预防 | 超标 | 斑点 | 矿藏 | 药品 | 补给 | 成分 | 功效 | 疗效 | 休眠 | 种子 | 物资 | 再生 | 受灾 | 泡沫 | 海啸 | 扩散 | 合作社 | 开花 | 根治 | 灾 | 适量 | 地震 | 秘方 | 处方 | 突发,142.23215754182579,0.9079427457740168,0.06557328976139563,干旱:0.999997 | 旱灾:0.999996 | 浸泡:0.999970 | 湿度:0.999851 | 干燥:0.999757 | 变质:0.999703 | 温度:0.999671 | 牲畜:0.999665 | 生长:0.999642 | 粮食:0.999615 | 融化:0.999553 | 水温:0.999532,氧气:0.485627 | 危害:0.467940 | 家禽:0.465437 | 饲料:0.463782 | 水稻:0.456625 | 毒品:0.390124 | 杀毒:0.375718 | 保养:0.363263
39,381,0.20861927820258078,-0.024136573437706945,0.7244094488188977,军官 | 干部 | 医务 | 议员 | 法官 | 军人 | 公民 | 职员 | 外交官 | 工会 | 官员 | 委员,同伴 | 民办 | 愚公移山 | 学院 | 男子 | 志愿 | 女子 | 新生,华裔 | 队 | 民主 | 共同体 | 从业 | 校长 | 事业 | 民族 | 医务 | 条约 | 慈善 | 穆斯林,军官 | 干部 | 医务 | 议员 | 法官 | 军人 | 公民 | 职员 | 外交官 | 工会 | 官员 | 委员 | 士兵 | 雇员 | 机关 | 妇女 | 校长 | 领导 | 部长 | 政党 | 律师 | 议会 | 战士 | 团员 | 警官 | 学者 | 成员 | 宪法 | 华侨 | 青年 | 工人 | 领事 | 领袖 | 军队 | 人权 | 民主 | 工商界 | 部队 | 知识分子 | 团长 | 首脑 | 司法 | 职工 | 局长 | 大臣 | 委员会 | 秘书 | 法律 | 检察 | 队员 | 民众 | 工程师 | 内阁 | 官兵 | 书记 | 同志 | 院长 | 厂长 | 人民 | 事务 | 雇主 | 人员 | 选民 | 农民 | 队长 | 参谋 | 总统 | 群众 | 船员 | 志愿者 | 政府 | 顾问 | 市长 | 秘书长 | 华人 | 大使 | 处长 | 战友 | 税务 | 员工 | 外交 | 院士 | 总理 | 家属 | 国民 | 元首 | 干事 | 义工 | 国会 | 员 | 联合国 | 司令 | 审判 | 教授 | 理事 | 师生 | 组长 | 治安 | 司长 | 法院 | 军事 | 职权 | 团体 | 元老 | 科学家 | 首相 | 政权 | 海军 | 纲领 | 发言人 | 党 | 劳动 | 领队 | 精英 | 政治 | 囚犯 | 青少年 | 文艺界 | 陆军 | 行政 | 董事 | 社会主义 | 法庭 | 班长 | 证人 | 建筑师 | 监察 | 报社 | 同盟 | 平民 | 盟友 | 博士 | 裁判 | 主任 | 空军 | 后勤 | 主席 | 部门 | 纪律 | 民工 | 民族 | 人才 | 候选人 | 残疾人 | 助理 | 基层 | 人士 | 穆斯林 | 飞行员 | 大使馆 | 联邦 | 导师 | 全体 | 负责人 | 移民 | 国防 | 主管 | 法制 | 教育部 | 华裔 | 办事处 | 同伴 | 渔民 | 带头人 | 共同体 | 经理 | 社会 | 队伍 | 一把手 | 下级 | 职业 | 法规 | 将军 | 会长 | 专职 | 学子 | 阶层 | 体制 | 总裁 | 同胞 | 国王 | 基督教 | 执法 | 和平 | 权力 | 学院 | 私营 | 协会 | 外籍 | 岗位 | 科研 | 所长 | 邻国 | 驻 | 居民 | 总部 | 伙伴 | 公安局 | 乡村 | 监狱 | 国家 | 董事会 | 首席 | 代理人 | 总经理 | 条例 | 董事长 | 廉政 | 评论员 | 高层 | 使者 | 纳税人 | 刑法 | 互助 | 人事 | 边疆 | 联盟 | 协定 | 条约 | 前任 | 革命 | 民意 | 船长 | 农民工 | 事务所 | 总监 | 烈士 | 领土 | 团队 | 学士 | 事业 | 骨干 | 制度 | 市场经济 | 英雄 | 名誉 | 少年 | 倡议 | 经贸 | 公约 | 蓝领 | 被告 | 大家庭 | 慈善 | 救灾 | 教育 | 前线 | 社区 | 第一线 | 祖国 | 牧民 | 僧人 | 上级 | 小组 | 契约 | 舵手 | 宣言 | 现任 | 见义勇为 | 队 | 资深 | 民办 | 会计 | 公益 | 群体 | 多边 | 天主教 | 社论 | 发起人 | 势力 | 下属 | 东道主 | 助手 | 城乡 | 文化 | 人质 | 大队 | 改革开放 | 秩序 | 志愿 | 首都 | 主权 | 农村 | 外企 | 防汛 | 未成年人 | 功臣 | 改革 | 盲人 | 帝国 | 领军 | 受害人 | 种族 | 国籍 | 纲要 | 人口 | 原告 | 文明 | 公益性 | 信誉 | 遗产 | 研究所 | 带队 | 战略 | 致富 | 代理 | 主编 | 先生 | 从业 | 振兴 | 建交 | 合作 | 女士 | 电报 | 命令 | 民间 | 牵头 | 身份 | 软实力 | 边远 | 先锋 | 个体 | 王国 | 当地 | 泰斗 | 创始人 | 席位 | 阵营 | 影响力 | 人力 | 女子 | 各地 | 灾区 | 能人 | 战场 | 用人 | 同行 | 个人 | 对象 | 实验室 | 男子 | 合伙 | 私有 | 耕地 | 下一代 | 局 | 资格 | 者 | 此致 | 管家 | 创业 | 财富 | 后备 | 天使 | 终身 | 土地 | 人身 | 新生 | 大陆 | 外来 | 千家万户 | 对外 | 汪洋 | 所属 | 兼 | 高等 | 名 | 中华 | 半边天 | 头号 | 海内外 | 世纪 | 副 | 长征 | 永久 | 一行 | 权 | 一代 | 价值 | 位 | 愚公移山,377.94550544476334,0.8676603090346025,0.09909029993448706,官兵:0.999988 | 战士:0.999984 | 军官:0.999951 | 群众:0.999945 | 组长:0.999916 | 士兵:0.999845 | 参谋:0.999833 | 妇女:0.999763 | 部队:0.999759 | 外交官:0.999703 | 队长:0.999690 | 同志:0.999597,基地:0.466226 | 模范:0.462291 | 草案:0.453149 | 全世界:0.449773 | 巨人:0.447977 | 职位:0.440217 | 全国:0.418537 | 当代:0.415881
40,243,0.3042801098173376,0.010788278402444895,0.3333333333333333,骂 | 害臊 | 好笑 | 闹着玩儿 | 胡闹 | 蠢 | 丢人 | 没劲 | 嫌弃 | 心疼 | 傻 | 瞧不起,幽默 | 不满 | 心疼 | 扫兴 | 厌烦 | 机灵 | 羡慕 | 责备,费劲 | 丑 | 搞 | 不敢当 | 过瘾 | 嚷 | 嘲弄 | 讽刺 | 出洋相 | 慌 | 耻笑 | 嫌弃,骂 | 害臊 | 好笑 | 闹着玩儿 | 胡闹 | 蠢 | 丢人 | 没劲 | 嫌弃 | 心疼 | 傻 | 瞧不起 | 别扭 | 没意思 | 嘲笑 | 讨厌 | 不服气 | 打岔 | 看不起 | 离谱儿 | 厌烦 | 埋怨 | 责怪 | 取笑 | 倒霉 | 哼 | 丢脸 | 不理 | 耻笑 | 难听 | 冤枉 | 碍事 | 无聊 | 逞能 | 没辙 | 不屑 | 活该 | 欺负 | 吵 | 好玩儿 | 扫兴 | 烦 | 讥笑 | 慌 | 不好意思 | 吓唬 | 瞎 | 逗 | 糊涂 | 撒谎 | 难看 | 介意 | 受不了 | 挖苦 | 怪 | 耍赖 | 恨 | 有口无心 | 笑话 | 反感 | 逼 | 开玩笑 | 大惊小怪 | 吹牛 | 不像话 | 不行 | 恶心 | 出洋相 | 鄙视 | 爱理不理 | 胡说 | 乖 | 絮叨 | 惨 | 痛快 | 实话 | 没用 | 责备 | 羡慕 | 耍 | 不敢当 | 随大溜 | 倔 | 废话 | 丑 | 嫌 | 厉害 | 可怜 | 得罪 | 好看 | 嚷 | 费劲 | 讽刺 | 有两下子 | 吓人 | 抱怨 | 出丑 | 在乎 | 喜欢 | 怨 | 要命 | 吃亏 | 好听 | 起劲 | 理睬 | 对不起 | 不值 | 见钱眼开 | 够呛 | 卖弄 | 出息 | 眼红 | 机灵 | 目中无人 | 笨 | 搞笑 | 看得起 | 恭维 | 在意 | 闹 | 穿小鞋 | 贱 | 过不去 | 麻烦 | 碰钉子 | 夸 | 懂 | 明白 | 懒 | 抱歉 | 嘲弄 | 穷 | 孤陋寡闻 | 自以为是 | 伤脑筋 | 错 | 冤 | 出难题 | 调侃 | 出风头 | 岂有此理 | 了不起 | 出毛病 | 敲边鼓 | 过瘾 | 惹 | 不怎么样 | 夸夸其谈 | 完蛋 | 不对 | 吹捧 | 实话实说 | 指手画脚 | 坏 | 狠 | 没完没了 | 粗心 | 凶 | 忙 | 告状 | 认错 | 办不到 | 担心 | 凑合 | 滑稽 | 有意思 | 愁 | 异想天开 | 爽 | 上当 | 忽悠 | 争吵 | 理会 | 发愁 | 算了 | 要紧 | 争气 | 朝三暮四 | 外行 | 完了 | 批评 | 马后炮 | 沾光 | 帅 | 一塌糊涂 | 附和 | 议论 | 见外 | 遭殃 | 够 | 一锅粥 | 乱 | 幽默 | 不服 | 好 | 惯 | 搞 | 不成 | 内行 | 犯愁 | 得不偿失 | 不亦乐乎 | 引经据典 | 敬而远之 | 冷落 | 不平 | 抨击 | 小看 | 贪 | 算账 | 头头是道 | 多心 | 一毛不拔 | 要强 | 不了了之 | 俗 | 不满 | 不通 | 不错 | 拿手 | 无济于事 | 成问题 | 盘算 | 算 | 蛮 | 巧 | 跟不上 | 出口成章 | 赶不上 | 批判 | 热衷 | 看重 | 缺 | 刻舟求剑 | 谈论 | 绝 | 宣扬 | 假 | 难 | 打交道 | 走过场 | 冷门 | 一番,244.94824087869458,0.8907162539839533,0.0822786191403234,贱:0.999966 | 眼红:0.999930 | 丑:0.999898 | 没劲:0.999893 | 蠢:0.999889 | 傻:0.999780 | 看不起:0.999775 | 难听:0.999748 | 狠:0.999742 | 瞧不起:0.999737 | 慌:0.999677 | 搞:0.999641,不在乎:0.455639 | 能干:0.427020 | 挺好:0.423660 | 无话可说:0.412461 | 没说的:0.406033 | 敢:0.397993 | 谈:0.392199 | 忌讳:0.384686
41,303,0.30744828988178613,0.06671379580758129,0.1617161716171617,米饭 | 豆腐 | 牛奶 | 酸奶 | 果汁 | 红薯 | 果酱 | 豆浆 | 肉 | 汁 | 橙汁 | 醋,肾 | 肝 | 脾 | 疫苗 | 腺 | 保健 | 汗 | 抗生素,好吃 | 桑拿 | 奶 | 姜 | 瓶 | 罐 | 皮 | 酱 | 馒头 | 产 | 葡萄酒 | 母鸡,米饭 | 豆腐 | 牛奶 | 酸奶 | 果汁 | 红薯 | 果酱 | 豆浆 | 肉 | 汁 | 橙汁 | 醋 | 蜂蜜 | 酱 | 水果 | 辣椒 | 香肠 | 薯片 | 饼 | 面条儿 | 菜 | 罐头 | 饼干 | 粥 | 南瓜 | 西红柿 | 香油 | 黄瓜 | 卤味 | 白菜 | 饺子 | 茄子 | 馅儿 | 薯条 | 芝士 | 酱油 | 佐料 | 海鲜 | 调料 | 酥 | 馒头 | 柿子 | 包子 | 红茶 | 花生 | 巧克力 | 砂糖 | 蔬菜 | 茶 | 汤圆 | 豆制品 | 甜 | 香蕉 | 碗 | 面包 | 烤肉 | 虾 | 蒜 | 红酒 | 椰子 | 核桃 | 鸡蛋 | 糖 | 炖 | 土豆 | 火腿 | 面粉 | 萝卜 | 可口 | 好吃 | 桂花 | 香料 | 绿茶 | 奶茶 | 蘑菇 | 咖啡 | 点心 | 饮料 | 葱 | 食物 | 西瓜 | 番茄 | 火锅 | 汽水 | 奶 | 鲜美 | 茶叶 | 口感 | 饭 | 莲子 | 零食 | 香 | 汤 | 枣 | 香味 | 味精 | 勺 | 冰棍儿 | 鸡 | 主食 | 可乐 | 寿司 | 烤鸭 | 美味 | 糖果 | 葡萄 | 小吃 | 月饼 | 大米 | 豆子 | 脆 | 酒 | 开水 | 啤酒 | 梨 | 麻辣 | 粽子 | 食用 | 辣 | 蛋 | 肥皂 | 淀粉 | 方便面 | 鱼 | 洗衣粉 | 蜜 | 风味 | 瓜 | 烧烤 | 鸭子 | 矿泉水 | 菊花 | 电饭锅 | 葡萄酒 | 盐 | 口香糖 | 三明治 | 味道 | 口味 | 沐浴露 | 烹调 | 食品 | 西餐 | 牙膏 | 纯净水 | 蛋糕 | 嫩 | 素食 | 海藻 | 锅 | 中餐 | 鹅 | 熟 | 药片 | 特产 | 药水 | 凉水 | 玫瑰 | 美食 | 盒饭 | 喜糖 | 煲 | 瓜子 | 橘子 | 肠 | 早餐 | 快餐 | 味儿 | 瓶 | 营养 | 咸 | 芝麻 | 桃 | 鲜 | 羊 | 麻 | 袋 | 粉 | 水产品 | 水 | 烟 | 奶粉 | 蜡 | 泥 | 油 | 乳制品 | 竹子 | 母鸡 | 止咳 | 芽 | 香水 | 饲料 | 餐 | 洗涤剂 | 玉米 | 罐 | 粪 | 冷水 | 酒精 | 叶子 | 稠 | 酒水 | 筋 | 百合 | 脂肪 | 肥 | 炭 | 酿造 | 料理 | 微波炉 | 壶 | 猪 | 毫升 | 制品 | 兔 | 珍珠 | 小麦 | 抗生素 | 白酒 | 茎 | 盆 | 荷花 | 姜 | 纤维 | 家禽 | 膳食 | 草 | 中药 | 钙 | 瓷 | 维生素 | 皮 | 药 | 尿 | 丸 | 滴 | 粒 | 饮食 | 液体 | 包 | 偏方 | 奶牛 | 水稻 | 漆 | 斤 | 霜 | 花卉 | 素 | 桃花 | 养生 | 肝 | 胶囊 | 牙 | 保健 | 杯 | 丝 | 紫 | 脾 | 棉花 | 缸 | 丝绸 | 苗 | 美容 | 棉 | 血 | 温泉 | 红 | 卵 | 浓 | 灰 | 牡丹 | 顿 | 桑拿 | 老字号 | 腺 | 品 | 青 | 土 | 坛 | 杂交 | 海绵 | 用品 | 根 | 陶瓷 | 肾 | 样 | 疫苗 | 针 | 枝 | 毛 | 膜 | 胎 | 桶 | 铅 | 碳 | 氧 | 盛 | 长寿 | 汗 | 焦 | 耐 | 产 | 立方,305.9020697288251,0.9289623382483729,0.047969991866230646,海鲜:1.000000 | 卤味:1.000000 | 水果:1.000000 | 酸奶:1.000000 | 米饭:1.000000 | 绿茶:1.000000 | 奶:1.000000 | 粥:1.000000 | 辣椒:0.999999 | 果汁:0.999999 | 糖:0.999999 | 佐料:0.999999,冷冻:0.472513 | 忌:0.464023 | 蛋白质:0.455673 | 水晶:0.436335 | 梅花:0.419931 | 热带:0.417947 | 润:0.413776 | 残:0.407820
42,602,0.24838715191193314,0.015481120618067876,0.39700996677740863,也许 | 就算 | 毕竟 | 难道 | 当然 | 好像 | 不然 | 要是 | 只不过 | 要不然 | 何况 | 说不定,哎呀 | 俩 | 逐步 | 懒得 | 没事儿 | 好说 | 不得了 | 哎,当然 | 骤然 | 愈来愈 | 首先 | 呢 | 无论如何 | 所谓 | 一旦 | 最好 | 谁 | 颇 | 没事儿,也许 | 就算 | 毕竟 | 难道 | 当然 | 好像 | 不然 | 要是 | 只不过 | 要不然 | 何况 | 说不定 | 确实 | 可是 | 也 | 倒是 | 其实 | 反倒 | 要不 | 真的 | 反正 | 别说 | 但是 | 恐怕 | 的确 | 似乎 | 是不是 | 偏偏 | 好歹 | 那么 | 纵然 | 没准儿 | 有时候 | 所以 | 哪怕 | 不光 | 或许 | 本来 | 既然 | 觉得 | 不见得 | 明明 | 而且 | 虽说 | 都 | 因为 | 固然 | 只是 | 终究 | 肯定 | 虽然 | 如果 | 反而 | 却 | 况且 | 显然 | 说实话 | 就 | 你 | 即使 | 不过 | 那 | 简直 | 居然 | 起码 | 竟然 | 怎么 | 说不上 | 再说 | 顶多 | 说真的 | 怕 | 看样子 | 常常 | 果然 | 实在 | 照样 | 往往 | 多半 | 即便 | 我 | 唉 | 非得 | 未必 | 实际上 | 不如说 | 不一定 | 那时候 | 不管 | 当真 | 应该 | 要么 | 怪不得 | 还是 | 按说 | 必定 | 你们 | 为什么 | 说白了 | 这会儿 | 按理说 | 但 | 只要 | 可不是 | 要不是 | 老是 | 生怕 | 不用说 | 幸好 | 难怪 | 何必 | 总是 | 好比 | 人家 | 它 | 恰恰 | 他们 | 果真 | 未免 | 无非 | 那时 | 说到底 | 有时 | 偶尔 | 这时候 | 不但 | 大概 | 好在 | 就是 | 唯独 | 然而 | 哎 | 免得 | 假如 | 可能 | 现在 | 甚至 | 倘若 | 总之 | 从来 | 同样 | 如果说 | 不至于 | 甚至于 | 莫非 | 幸亏 | 可惜 | 必然 | 而是 | 感觉 | 没想到 | 不仅 | 何苦 | 基本上 | 早就 | 不仅仅 | 以为 | 谁 | 这么 | 迟早 | 一点儿 | 看起来 | 不免 | 难免 | 没错 | 全都 | 才 | 很 | 着实 | 尤其 | 很难说 | 没法儿 | 从来不 | 没 | 不要 | 比起 | 啊 | 这样 | 巴不得 | 假使 | 除非 | 后来 | 到头来 | 想 | 看似 | 谈不上 | 无论如何 | 据说 | 哎呀 | 至于 | 就是说 | 譬如说 | 干吗 | 不知 | 只能 | 根本 | 还 | 不要紧 | 没什么 | 比如说 | 仅仅 | 真 | 不怎么 | 本身 | 于是 | 再也 | 却是 | 几乎 | 那样 | 那些 | 大多 | 好多 | 恰恰相反 | 否则 | 没事儿 | 什么 | 稍微 | 然后 | 究竟 | 敢情 | 那会儿 | 永远 | 没关系 | 没有 | 绝对 | 算是 | 之所以 | 说老实话 | 又 | 事实上 | 动不动 | 或是 | 想不到 | 也好 | 自然而然 | 难说 | 一不小心 | 不算 | 一样 | 这 | 至少 | 更 | 仍然 | 势必 | 恰巧 | 刚好 | 总而言之 | 像 | 有没有 | 一旦 | 看上去 | 正好 | 有人 | 成天 | 平时 | 看来 | 以前 | 估计 | 注定 | 挺好 | 不能不 | 并且 | 不必 | 我们 | 而 | 总算 | 别人 | 既 | 以至于 | 差不多 | 有的 | 因此 | 通常 | 总的来说 | 特别 | 原来 | 平常 | 时不时 | 就要 | 依然 | 完全 | 别 | 渐渐 | 比如 | 不在乎 | 因而 | 尽管 | 免不了 | 除了 | 或者 | 多么 | 看得出 | 原本 | 并非 | 整天 | 相反 | 会 | 仍旧 | 如今 | 恰好 | 一般 | 或多或少 | 无疑 | 好说 | 要 | 是 | 从没 | 当时 | 反过来 | 不如 | 丝毫 | 容易 | 真正 | 一方面 | 无论 | 不 | 都会 | 自然 | 一直 | 到底 | 呢 | 譬如 | 用得着 | 归根到底 | 这时 | 时常 | 只有 | 经常 | 当初 | 没说的 | 一天到晚 | 慢慢 | 一般来说 | 依旧 | 如同 | 跟 | 大都 | 虽 | 它们 | 首先 | 曾经 | 对于 | 自己 | 俩 | 早已 | 这样一来 | 便 | 纯粹 | 让 | 别的 | 一定 | 无形中 | 吗 | 一下子 | 无所谓 | 正是 | 从不 | 向来 | 多少 | 越发 | 懒得 | 也就是说 | 哪 | 大多数 | 还有 | 比不上 | 太 | 怎么办 | 时候 | 当 | 为何 | 这些 | 如此 | 显得 | 不论 | 不再 | 不止 | 稍稍 | 已经 | 此时 | 可以 | 相对而言 | 不妨 | 以致 | 比较 | 多亏 | 越来越 | 的话 | 大部分 | 比方 | 大体上 | 以后 | 再 | 万一 | 怎么样 | 不曾 | 是否 | 抛开 | 才能 | 所谓 | 一向 | 可谓 | 颇 | 起初 | 更是 | 得 | 换言之 | 将来 | 能 | 非常 | 远远 | 凑巧 | 怎样 | 连 | 俗话说 | 挺 | 加上 | 可想而知 | 一些 | 正如 | 凡是 | 许多 | 绝大多数 | 无可厚非 | 不难 | 从此 | 有朝一日 | 请问 | 不知不觉 | 稍 | 不得了 | 每当 | 过于 | 且 | 显而易见 | 人们 | 相比之下 | 这就是说 | 另一方面 | 不够 | 以免 | 最好 | 另外 | 始终 | 见仁见智 | 愈来愈 | 其次 | 便是 | 一时 | 难以想象 | 眼下 | 认为 | 看成 | 从前 | 单纯 | 什么样 | 前者 | 无法 | 不少 | 些 | 意味着 | 诸如此类 | 有的是 | 通通 | 只 | 为了 | 过去 | 相当 | 不可避免 | 使得 | 一成不变 | 更加 | 例如 | 则 | 由此看来 | 有 | 足以 | 取而代之 | 要好 | 从未 | 不经意 | 众所周知 | 无不 | 少不了 | 美中不足 | 不亚于 | 如何 | 多数 | 难以 | 一概而论 | 等于 | 仍 | 从而 | 并 | 由此可见 | 当心 | 当年 | 格外 | 进而 | 由于 | 必将 | 常理 | 当下 | 原先 | 十分 | 以往 | 少有 | 越 | 几 | 略微 | 莫过于 | 任何 | 比 | 使 | 往常 | 起来 | 能否 | 出来 | 万万 | 整个 | 同时 | 最初 | 偶然 | 不利于 | 普遍 | 不大 | 逐渐 | 看作 | 千万 | 顺理成章 | 历来 | 除此之外 | 最终 | 无数 | 的 | 多 | 相比 | 后者 | 最 | 大大 | 一部分 | 骤然 | 有着 | 截然不同 | 唯一 | 往日 | 常 | 哪些 | 明显 | 从今以后 | 不宜 | 值得 | 与其 | 不容 | 不同 | 当中 | 尤为 | 全世界 | 继而 | 极为 | 另 | 成千上万 | 被 | 所有 | 今后 | 出于 | 和 | 多年来 | 了 | 当今 | 国外 | 不断 | 多年 | 长期以来 | 日益 | 乃至 | 或 | 之外 | 主要 | 长期 | 其他 | 个别 | 昔日 | 传统 | 在 | 少数 | 诸多 | 首要 | 常年 | 以及 | 以外 | 日趋 | 大量 | 得以 | 正在 | 前所未有 | 逐步 | 日常 | 从中 | 各自 | 某 | 自发,600.734951354258,0.9170704976905213,0.06033394353755355,就算:0.999998 | 顶多:0.999995 | 毕竟:0.999994 | 要么:0.999993 | 说白了:0.999993 | 不见得:0.999992 | 固然:0.999991 | 何况:0.999991 | 只不过:0.999988 | 既然:0.999983 | 当然:0.999983 | 多半:0.999982,可:0.497460 | 相对:0.497264 | 大约:0.491755 | 何时:0.486114 | 综上所述:0.484426 | 来:0.464134 | 意想不到:0.463302 | 突然:0.450025
43,128,0.2541647893505313,-0.004383560921215575,0.5703125,崩溃 | 不堪 | 衰弱 | 悲惨 | 混乱 | 摇摇欲坠 | 萧条 | 紊乱 | 动荡 | 破裂 | 颓废 | 惨重,衰竭 | 耻辱 | 可悲 | 后遗症 | 默默无闻 | 走投无路 | 裸露 | 虚弱,暴风雨 | 不景气 | 无足轻重 | 单薄 | 惨重 | 磨损 | 没落 | 沉重 | 失效 | 成型 | 粗糙 | 此起彼伏,崩溃 | 不堪 | 衰弱 | 悲惨 | 混乱 | 摇摇欲坠 | 萧条 | 紊乱 | 动荡 | 破裂 | 颓废 | 惨重 | 没落 | 虚弱 | 断裂 | 破灭 | 惨痛 | 残缺 | 倒塌 | 空虚 | 衰退 | 倒下 | 裂痕 | 脱落 | 扭曲 | 阴暗 | 下坠 | 沉重 | 悲剧 | 瘫痪 | 恶化 | 杂乱无章 | 面目全非 | 浩劫 | 空荡荡 | 陈旧 | 粗糙 | 破碎 | 黑暗 | 解体 | 老化 | 愈演愈烈 | 单薄 | 污秽 | 可悲 | 不景气 | 灾难 | 伤痕 | 畸形 | 迭起 | 浮躁 | 破旧 | 弥漫 | 汹涌 | 倒闭 | 耻辱 | 不幸 | 裂缝 | 磨损 | 重创 | 失败 | 损坏 | 松弛 | 笼罩 | 雪上加霜 | 贫穷 | 一无所有 | 简陋 | 走投无路 | 布满 | 阴影 | 变形 | 灭绝 | 任人宰割 | 低下 | 根深蒂固 | 衰竭 | 蔓延 | 孤零零 | 失效 | 失传 | 后遗症 | 激烈 | 暴风雨 | 无家可归 | 震动 | 无足轻重 | 横七竖八 | 此起彼伏 | 笨重 | 过时 | 时好时坏 | 猛烈 | 失利 | 暴风骤雨 | 格格不入 | 司空见惯 | 缺陷 | 旋涡 | 乌云 | 爆发 | 盛行 | 裸露 | 忽高忽低 | 幸存 | 层出不穷 | 觉醒 | 不翼而飞 | 微不足道 | 翻天覆地 | 落下 | 沸沸扬扬 | 摩擦 | 爆满 | 末日 | 比比皆是 | 兴起 | 轰动 | 风暴 | 寥寥无几 | 千钧一发 | 奏效 | 成型 | 默默无闻 | 上演 | 不为人知 | 空白 | 问世,126.25282619279358,0.8801605726571319,0.0903425237925985,残缺:0.999985 | 不翼而飞:0.999984 | 倒塌:0.999967 | 破旧:0.999830 | 孤零零:0.999734 | 衰弱:0.999730 | 伤痕:0.999726 | 脱落:0.999724 | 裂痕:0.998998 | 阴暗:0.998867 | 黑暗:0.998690 | 摇摇欲坠:0.998492,波及:0.458891 | 变异:0.443443 | 力不从心:0.434718 | 泛滥:0.413373 | 窘迫:0.373276 | 灭亡:0.366534 | 剧烈:0.358595 | 惊天动地:0.321806
44,130,0.2778584251981412,0.02467871863797949,0.33076923076923076,努力 | 兢兢业业 | 拼搏 | 刻苦 | 坚持不懈 | 一心一意 | 奋勇 | 竭尽全力 | 艰苦奋斗 | 不懈 | 奋力 | 拼命,着落 | 勇敢 | 坚强 | 可贵 | 飞速 | 光荣 | 踏实 | 指望,争分夺秒 | 一心 | 踊跃 | 搞好 | 奋斗 | 刻苦 | 可贵 | 坚决 | 决心 | 敢于 | 坚持不懈 | 舍得,努力 | 兢兢业业 | 拼搏 | 刻苦 | 坚持不懈 | 一心一意 | 奋勇 | 竭尽全力 | 艰苦奋斗 | 不懈 | 奋力 | 拼命 | 勤奋 | 辛勤 | 齐心协力 | 全力以赴 | 全心全意 | 毅力 | 顽强 | 奋斗 | 勇往直前 | 勇敢 | 勇于 | 艰苦 | 吃苦 | 决心 | 争分夺秒 | 发愤图强 | 苦心 | 持之以恒 | 夜以继日 | 诚心诚意 | 执着 | 苦练 | 艰辛 | 废寝忘食 | 英勇 | 钻研 | 认真 | 辛苦 | 踏实 | 坚持 | 精益求精 | 顾全大局 | 奉献 | 默默 | 自强不息 | 下决心 | 自力更生 | 自觉 | 坚定 | 千方百计 | 专心 | 聚精会神 | 付出 | 以身作则 | 节衣缩食 | 敢于 | 用功 | 坚强 | 艰险 | 力气 | 坚决 | 牢记 | 前赴后继 | 想方设法 | 懂得 | 精打细算 | 众志成城 | 艰难 | 一心 | 同舟共济 | 艰巨 | 抓紧 | 心血 | 汗水 | 着想 | 争取 | 死心塌地 | 搞好 | 着眼 | 一鼓作气 | 精力 | 凭着 | 带头 | 加紧 | 说干就干 | 力所能及 | 捍卫 | 鞭策 | 号召 | 本着 | 摸索 | 光荣 | 可贵 | 动员 | 繁重 | 向着 | 谋求 | 提倡 | 踊跃 | 走弯路 | 对得起 | 动手 | 牢牢 | 拥护 | 前进 | 保卫 | 向前 | 争光 | 千军万马 | 靠 | 朝着 | 养成 | 积蓄 | 舍得 | 迫切 | 宝贵 | 大包大揽 | 多劳多得 | 指望 | 着手 | 做 | 充实 | 学会 | 飞速 | 解放 | 铺路 | 跟上 | 着落,129.1757667551548,0.8921124279355782,0.08237212167438036,奋勇:1.000000 | 刻苦:1.000000 | 奋力:1.000000 | 艰苦:0.999975 | 苦练:0.999969 | 拼搏:0.999952 | 废寝忘食:0.999926 | 用功:0.999909 | 英勇:0.999856 | 勇往直前:0.999784 | 兢兢业业:0.999774 | 争分夺秒:0.999770,下功夫:0.491340 | 虚心:0.465158 | 团结:0.428924 | 豁出去:0.420729 | 鼓舞:0.412036 | 独立自主:0.355023 | 磨难:0.337236 | 愿意:0.326745
45,123,0.32503376004640366,0.06251028153006331,0.2032520325203252,手臂 | 胳膊 | 嘴唇 | 手掌 | 脖子 | 肩膀 | 手指 | 身子 | 舌头 | 鼻子 | 脸颊 | 嘴巴,声 | 堆 | 转身 | 渣子 | 面前 | 口哨 | 强度 | 连滚带爬,物体 | 间隙 | 脸颊 | 手脚 | 转动 | 点火 | 手里 | 颈部 | 手掌 | 一头 | 静止 | 扇,手臂 | 胳膊 | 嘴唇 | 手掌 | 脖子 | 肩膀 | 手指 | 身子 | 舌头 | 鼻子 | 脸颊 | 嘴巴 | 腿 | 爪子 | 脑袋 | 眼睛 | 胸膛 | 喉咙 | 手腕 | 双手 | 膝盖 | 耳朵 | 把手 | 颈部 | 身躯 | 肚子 | 眉毛 | 用力 | 嘴 | 身体 | 腰 | 指头 | 胸部 | 脚 | 脸 | 手脚 | 腹部 | 头顶 | 使劲 | 浑身 | 头发 | 怀里 | 指甲 | 肌肉 | 全身 | 嗓子 | 骨头 | 拳头 | 摇晃 | 牙齿 | 眨眼 | 肢体 | 一动不动 | 转动 | 鼻涕 | 肩 | 关节 | 眼 | 响声 | 摆动 | 站立 | 面部 | 两手 | 姿势 | 头 | 伸手 | 声音 | 表情 | 头部 | 弯曲 | 手 | 地上 | 口气 | 跳动 | 口水 | 旋转 | 拐杖 | 跳跃 | 低头 | 部位 | 手势 | 身上 | 弓 | 胡子 | 音量 | 鲜血 | 口哨 | 样子 | 动作 | 转身 | 伸缩 | 物体 | 闪烁 | 连滚带爬 | 手里 | 声 | 关上 | 灰尘 | 扇 | 焦距 | 振动 | 渣子 | 窟窿 | 原地 | 空隙 | 一头 | 响 | 弦 | 浮力 | 开动 | 面前 | 队形 | 腔 | 静止 | 发光 | 关掉 | 间隙 | 槽 | 打开 | 堆 | 滚动 | 点火 | 强度,122.20767269481992,0.934270656985612,0.052024740697391596,鼻子:0.999999 | 嘴唇:0.999998 | 肩膀:0.999997 | 眼睛:0.999995 | 脸颊:0.999993 | 站立:0.999993 | 嘴巴:0.999992 | 双手:0.999991 | 胸膛:0.999991 | 手掌:0.999990 | 耳朵:0.999979 | 手臂:0.999974,睁:0.439817 | 咧嘴:0.417820 | 站住:0.406669 | 眼神:0.390543 | 尾巴:0.227390 | 放下:0.190476 | 停下:0.169629 | 一声不吭:0.166431
46,235,0.23995170750744546,0.018189214520281785,0.2936170212765957,推动 | 构建 | 拓展 | 推进 | 促进 | 培育 | 打造 | 开拓 | 强化 | 深化 | 开创 | 引领,输血 | 坚守 | 洗礼 | 熏陶 | 发扬 | 陶冶 | 效力 | 鼓舞,展开 | 取得 | 肩负 | 改造 | 瞄准 | 研制 | 带领 | 沉淀 | 开拓 | 激发 | 保护 | 伴随,推动 | 构建 | 拓展 | 推进 | 促进 | 培育 | 打造 | 开拓 | 强化 | 深化 | 开创 | 引领 | 建立 | 确立 | 激发 | 树立 | 凝聚 | 探索 | 搭建 | 创造 | 加强 | 开展 | 开辟 | 发挥 | 弘扬 | 孕育 | 展现 | 塑造 | 拓宽 | 带动 | 整合 | 提升 | 挖掘 | 着力 | 融入 | 发展 | 焕发 | 增强 | 形成 | 优化 | 奠定 | 造就 | 壮大 | 实现 | 加快 | 巩固 | 营造 | 体现 | 引入 | 培养 | 创建 | 扩展 | 立足 | 积累 | 汇聚 | 推广 | 融合 | 顺应 | 着眼于 | 制定 | 运用 | 依托 | 展示 | 倡导 | 致力于 | 贯彻 | 打通 | 借助 | 促成 | 开启 | 发扬 | 引导 | 承载 | 提高 | 落实 | 激活 | 积淀 | 制订 | 传承 | 加速 | 协同 | 实施 | 推行 | 引进 | 秉承 | 赋予 | 吸纳 | 提供 | 增进 | 延续 | 调动 | 延伸 | 涌现 | 拉动 | 转化 | 渗透 | 开发 | 投身 | 遵循 | 迎来 | 推出 | 启动 | 汇集 | 结合 | 赢得 | 寻求 | 扶持 | 改进 | 造福 | 掌握 | 发掘 | 驱动 | 注入 | 普及 | 主导 | 破除 | 扎根 | 协作 | 维护 | 利用 | 取得 | 围绕 | 加深 | 研发 | 瞄准 | 呈现 | 演绎 | 升级 | 崛起 | 克服 | 孵化 | 酝酿 | 蕴藏 | 进行 | 展开 | 拥有 | 肩负 | 增添 | 蕴涵 | 发扬光大 | 诞生 | 依靠 | 完成 | 获得 | 获取 | 革新 | 贯穿 | 得益于 | 提炼 | 覆盖 | 携手 | 填补 | 担负 | 沉淀 | 继承 | 净化 | 跨越 | 连接 | 带来 | 改造 | 实行 | 统筹 | 凭借 | 哺育 | 组织 | 陶冶 | 参与 | 再现 | 吸取 | 投入 | 鼓舞 | 打磨 | 成长 | 成为 | 预示 | 共同 | 示范 | 支持 | 突破 | 纳入 | 坚守 | 攻关 | 重现 | 吸收 | 率先 | 部署 | 指导 | 熏陶 | 面向 | 伴随 | 激励 | 替代 | 淡化 | 修复 | 研制 | 从事 | 担当 | 历经 | 超越 | 筹划 | 输送 | 得到 | 传授 | 扫除 | 联手 | 转移 | 刷新 | 支援 | 进入 | 重建 | 保护 | 储备 | 联合 | 发起 | 复兴 | 回归 | 享有 | 加入 | 浓缩 | 萌发 | 启迪 | 终结 | 带领 | 锁定 | 集合 | 传递 | 流转 | 展望 | 洗礼 | 代表 | 萌芽 | 循环 | 输血 | 重返 | 效力,236.93565469526027,0.8776184470004694,0.09338969492377205,培育:0.999989 | 打造:0.999982 | 哺育:0.999976 | 孕育:0.999862 | 构建:0.999842 | 承载:0.999821 | 开创:0.999732 | 扎根:0.999677 | 携手:0.999607 | 投身:0.999572 | 依托:0.999545 | 搭建:0.999507,经受:0.495271 | 凸显:0.489560 | 取代:0.472622 | 迈进:0.470757 | 动员:0.461075 | 进一步:0.460728 | 提速:0.435078 | 持续:0.416894
47,258,0.23390029319368338,-0.011345426678781472,0.6007751937984496,裁决 | 拒绝 | 控告 | 驳回 | 判决 | 请求 | 指责 | 违反 | 裁定 | 谴责 | 劝告 | 否决,扰乱 | 煽动 | 贪污 | 纵容 | 投机 | 推辞 | 怠工 | 刁难,交接 | 一经 | 拍板 | 舆论 | 辩护 | 插手 | 采取 | 公开信 | 违背 | 劝说 | 争端 | 驳回,裁决 | 拒绝 | 控告 | 驳回 | 判决 | 请求 | 指责 | 违反 | 裁定 | 谴责 | 劝告 | 否决 | 起诉 | 异议 | 答复 | 辩解 | 答应 | 惩处 | 惩罚 | 撤换 | 上诉 | 阻挠 | 处罚 | 撤销 | 规定 | 罢免 | 劝阻 | 仲裁 | 制止 | 辞退 | 追究 | 制裁 | 单方面 | 交涉 | 协商 | 拘留 | 诉讼 | 提议 | 纵容 | 处分 | 不予 | 同意 | 免职 | 揭发 | 开除 | 敦促 | 主张 | 违背 | 抗议 | 私下 | 让步 | 中止 | 解雇 | 怠工 | 隐瞒 | 争执 | 否认 | 过错 | 说服 | 判处 | 承认 | 劝说 | 警告 | 依法 | 道歉 | 准许 | 过失 | 辩护 | 废除 | 出面 | 表态 | 强迫 | 拖延 | 当事人 | 和解 | 反对 | 磋商 | 决议 | 遵守 | 干涉 | 决定 | 批准 | 调解 | 纠纷 | 书面 | 此事 | 协议 | 条款 | 妨害 | 说情 | 谅解 | 刁难 | 行为 | 离婚 | 强制 | 争端 | 解散 | 推辞 | 要求 | 禁止 | 表决 | 提出 | 谈判 | 擅自 | 义务 | 煽动 | 案件 | 照办 | 停止 | 借口 | 事项 | 无条件 | 采纳 | 推卸 | 约定 | 事宜 | 干预 | 合法 | 吊销 | 意见 | 予以 | 查处 | 私事 | 口头 | 订立 | 解除 | 私自 | 受贿 | 当面 | 生效 | 无效 | 违约 | 允许 | 商讨 | 自愿 | 贪污 | 听从 | 递交 | 涉嫌 | 告诫 | 作出 | 下台 | 插手 | 负有 | 逼迫 | 索赔 | 鼓动 | 取消 | 草案 | 声明 | 赞成 | 通告 | 依照 | 派遣 | 平息 | 重申 | 商量 | 交代 | 容许 | 言论 | 赞同 | 冲突 | 声称 | 再三 | 无故 | 公开信 | 公开 | 讨价还价 | 采取 | 明确 | 遵照 | 委托 | 投降 | 议程 | 依据 | 达成 | 坦白 | 许可 | 取缔 | 手续 | 雇佣 | 如实 | 事态 | 事后 | 当众 | 服从 | 破产 | 拍板 | 扰乱 | 舆论 | 妨碍 | 无可奉告 | 安排 | 议题 | 保密 | 官司 | 变更 | 罢工 | 行使 | 宣称 | 丑闻 | 公事 | 有关 | 意向 | 整顿 | 垄断 | 动用 | 接受 | 对方 | 确信 | 应当 | 指定 | 出具 | 分赃 | 分手 | 未经 | 执行 | 个案 | 双方 | 矛头 | 发动 | 大选 | 建议 | 差错 | 给予 | 单独 | 严禁 | 期限 | 防范 | 局势 | 实质 | 惯例 | 表示 | 负面 | 重大 | 他人 | 对 | 互相 | 相互 | 现行 | 名义 | 具体 | 冷战 | 人为 | 去向 | 日程 | 应付 | 临时 | 如下 | 姓名 | 一经 | 日期 | 住址 | 轮换 | 交接 | 预备 | 若干 | 投机,266.47395895167125,0.8490458767430189,0.11339094489906248,解雇:0.999865 | 请求:0.999748 | 否决:0.999725 | 准许:0.999588 | 免职:0.999587 | 强迫:0.999504 | 罢免:0.999334 | 辞退:0.999185 | 不予:0.998942 | 撤换:0.998653 | 交涉:0.998367 | 解散:0.998210,履行:0.473010 | 有意:0.468034 | 限制:0.466950 | 统一:0.465003 | 诽谤:0.457699 | 应:0.436885 | 改正:0.428965 | 实行:0.422163
48,171,0.24022752607467004,0.004749702018752806,0.4152046783625731,切实 | 及时 | 妥善 | 积极 | 注重 | 严格 | 细致 | 力求 | 稳妥 | 准确 | 尽力 | 完善,不耻下问 | 办事 | 热心 | 虚心 | 细心 | 灵通 | 严谨 | 用心,有力 | 保障 | 及早 | 完整 | 慎重 | 需 | 关心 | 合乎 | 应急 | 紧急 | 做到 | 有效,切实 | 及时 | 妥善 | 积极 | 注重 | 严格 | 细致 | 力求 | 稳妥 | 准确 | 尽力 | 完善 | 及早 | 适时 | 充分 | 尽可能 | 严密 | 详尽 | 慎重 | 合理 | 便于 | 高效 | 精确 | 适当 | 健全 | 周密 | 扎实 | 全力 | 便捷 | 尽量 | 全方位 | 细心 | 确保 | 方便 | 有的放矢 | 协助 | 深入 | 密切 | 重视 | 正确 | 必要 | 尽快 | 尽早 | 帮助 | 全面 | 快捷 | 督促 | 规范 | 畅通 | 有序 | 可靠 | 有利于 | 善于 | 着重 | 仔细 | 专人 | 协调 | 有效 | 用心 | 大力 | 以便 | 有力 | 广泛 | 严谨 | 紧密 | 完备 | 需要 | 实事求是 | 进一步 | 透彻 | 设法 | 精心 | 注意 | 通畅 | 客观 | 保证 | 侧重 | 有助于 | 虚心 | 随时随地 | 快速 | 简化 | 做到 | 务必 | 配合 | 必须 | 能够 | 加以 | 循序渐进 | 保障 | 超前 | 合乎 | 主动 | 直观 | 优先 | 留心 | 相应 | 完整 | 务实 | 鼓励 | 衔接 | 疏导 | 多方面 | 长效 | 贴近 | 酌情 | 力争 | 定期 | 定时 | 得力 | 就近 | 详细 | 疏通 | 事先 | 随时 | 便利 | 安全 | 热心 | 应 | 大胆 | 把关 | 预先 | 必需 | 关心 | 与时俱进 | 重点 | 需 | 足够 | 专门 | 实地 | 负责 | 急需 | 专注 | 通过 | 须 | 切身 | 就地 | 旨在 | 广大 | 紧急 | 第一手 | 突出 | 自行 | 同步 | 统一 | 调度 | 强调 | 应急 | 换位 | 促使 | 反复 | 源源不断 | 离不开 | 先进 | 响应 | 通顺 | 潜移默化 | 通俗 | 一一 | 简易 | 呼吁 | 全程 | 无须 | 自动 | 上门 | 不耻下问 | 面对面 | 一系列 | 办事 | 即可 | 灵通,164.73464892081105,0.8459919115504189,0.1113411847713508,畅通:0.999962 | 及时:0.999932 | 便捷:0.999916 | 快捷:0.999846 | 及早:0.999828 | 方便:0.999596 | 便利:0.999419 | 适时:0.999191 | 积极:0.998864 | 周密:0.998360 | 便于:0.998133 | 快速:0.998058,灵活:0.466634 | 应当:0.381263 | 良性:0.372760 | 简单:0.351129 | 恰当:0.324767 | 提倡:0.318988 | 宽泛:0.313824 | 优化:0.292042
49,117,0.26092719941918613,0.0019604611444423207,0.47863247863247865,领略 | 感受 | 诉说 | 回味 | 欣赏 | 思索 | 体会 | 怀念 | 抚摸 | 缅怀 | 领悟 | 回想,陶醉 | 坐落 | 抚摸 | 目光 | 破解 | 耸立 | 深思 | 簇拥,表达 | 触动 | 抓住 | 启发 | 找到 | 揣摩 | 描绘 | 破解 | 认同 | 认识 | 审视 | 荡漾,领略 | 感受 | 诉说 | 回味 | 欣赏 | 思索 | 体会 | 怀念 | 抚摸 | 缅怀 | 领悟 | 回想 | 品尝 | 回忆 | 寻觅 | 描绘 | 唤起 | 审视 | 打量 | 倾听 | 倾诉 | 歌颂 | 思考 | 注视 | 陶醉 | 荡漾 | 温习 | 探求 | 流露 | 揣摩 | 赞美 | 畅谈 | 绽放 | 反思 | 沉浸 | 忘掉 | 勾画 | 瞻仰 | 讲述 | 深思 | 呼唤 | 流淌 | 陪伴 | 认识 | 琢磨 | 表达 | 忘不了 | 理解 | 见证 | 记住 | 衬托 | 谈起 | 寻找 | 拥抱 | 观赏 | 浮现 | 烘托 | 触摸 | 正视 | 照耀 | 显出 | 忘记 | 祭奠 | 走过 | 触动 | 见识 | 亲身 | 找到 | 体验 | 激起 | 度过 | 怀抱 | 反省 | 经历 | 念念不忘 | 走进 | 想象 | 启发 | 踏上 | 守候 | 耳闻目睹 | 扑面而来 | 点缀 | 点燃 | 折射 | 簇拥 | 解开 | 抓住 | 找出 | 耸立 | 迎接 | 屹立 | 目光 | 相伴 | 留下 | 投射 | 守护 | 呼应 | 谈到 | 认同 | 散发 | 借鉴 | 尝试 | 环绕 | 告别 | 掀起 | 对准 | 选择 | 流传 | 收获 | 拉开 | 聚集 | 赶上 | 取经 | 破解 | 遍布 | 坐落,118.59102186816831,0.9108355882230788,0.07157219018135288,品尝:0.999999 | 回味:0.999972 | 簇拥:0.999950 | 感受:0.999950 | 领略:0.999939 | 抚摸:0.999932 | 思考:0.999841 | 流淌:0.999828 | 体会:0.999819 | 反思:0.999745 | 烘托:0.999729 | 领悟:0.999724,走近:0.448329 | 打开:0.436183 | 蕴藏:0.409309 | 想念:0.379916 | 酸甜苦辣:0.356009 | 提起:0.330220 | 捕捉:0.324381 | 放下:0.306658
