community,size,mean_best_match_jaccard,min_best_match_jaccard,fraction_members_in_best_match_every_repeat
0,1,1.0,1.0,1.0
1,14,1.0,1.0,1.0
2,7,0.46875,0.25,0.14285714285714285
3,40,0.4894762406437906,0.4576271186440678,0.425
4,12,0.7845695970695971,0.75,0.75
5,4,0.75,0.6,0.75
6,8,0.8666666666666667,0.7777777777777778,0.875
7,6,0.763888888888889,0.5555555555555556,0.8333333333333334
8,29,0.5043275418275418,0.40540540540540543,0.3448275862068966
9,3,0.19375,0.1875,1.0
10,12,0.9006410256410257,0.7692307692307693,0.75
11,2,1.0,1.0,1.0
12,16,0.897671568627451,0.8333333333333334,0.875
13,15,0.6562791783380019,0.5,0.7333333333333333
14,11,0.4358178053830228,0.3333333333333333,0.7272727272727273
15,7,0.6041666666666666,0.3333333333333333,0.42857142857142855
16,64,0.4059971033868093,0.25333333333333335,0.125
17,2,0.7083333333333333,0.5,1.0
18,24,0.5606532935754948,0.42857142857142855,0.4583333333333333
19,16,0.488562091503268,0.2222222222222222,0.125
20,13,0.5,0.5,0.5384615384615384
21,8,0.4738095238095238,0.3,0.25
22,8,0.4926573426573426,0.45454545454545453,0.5
23,10,0.6259698275862069,0.2413793103448276,0.6
24,58,0.8860153256704981,0.8275862068965517,0.7931034482758621
25,27,0.7498677248677249,0.6666666666666666,0.6666666666666666
26,4,0.95,0.8,1.0
27,8,0.90625,0.875,0.875
28,5,0.6238095238095238,0.42857142857142855,0.2
29,128,0.9547862617874401,0.946969696969697,0.9765625
30,10,0.5148692810457516,0.3888888888888889,0.5
31,7,0.8392857142857143,0.5,0.42857142857142855
32,2,0.8333333333333333,0.6666666666666666,1.0
33,6,0.6577380952380952,0.5,0.8333333333333334
34,7,0.24128787878787877,0.18181818181818182,0.0
35,5,0.6416666666666666,0.4,0.2
36,7,0.4386363636363636,0.3,0.42857142857142855
37,9,0.2721611721611722,0.16666666666666666,0.0
38,3,1.0,1.0,1.0
39,1,1.0,1.0,1.0
40,8,0.90625,0.625,0.625
41,57,0.9652903811252269,0.9482758620689655,0.9473684210526315
42,28,0.4533824233716475,0.3888888888888889,0.35714285714285715
43,3,0.6333333333333333,0.6,0.6666666666666666
44,6,0.16904761904761906,0.14285714285714285,0.16666666666666666
45,19,0.8559210526315789,0.7368421052631579,0.7368421052631579
46,4,0.9375,0.75,0.75
47,1,1.0,1.0,1.0
48,1,1.0,1.0,1.0
49,10,0.625,0.5,0.5
50,10,1.0,1.0,1.0
51,7,0.7,0.2,0.42857142857142855
52,2,1.0,1.0,1.0
53,1,0.31367521367521367,0.06666666666666667,1.0
54,29,0.24098563554775143,0.23529411764705882,0.034482758620689655
55,28,0.43995535714285716,0.25,0.25
56,9,0.9472222222222222,0.8888888888888888,0.8888888888888888
57,3,0.7166666666666667,0.6,0.6666666666666666
58,2,0.20476190476190476,0.16666666666666666,0.5
59,60,0.6133222145385022,0.45161290322580644,0.45
60,5,0.526984126984127,0.2222222222222222,0.0
61,12,0.8839285714285714,0.7857142857142857,0.9166666666666666
62,3,0.9166666666666666,0.6666666666666666,0.6666666666666666
63,3,0.775,0.5,0.6666666666666666
64,8,0.5560897435897436,0.3076923076923077,0.125
65,8,0.625,0.5,0.125
66,29,0.5394331119544592,0.4117647058823529,0.0
67,5,1.0,1.0,1.0
68,8,0.8263888888888888,0.7777777777777778,0.875
69,4,0.23863636363636365,0.09090909090909091,0.25
70,1,1.0,1.0,1.0
71,2,0.32142857142857145,0.2,0.5
72,1,0.5857142857142857,0.14285714285714285,1.0
73,2,0.85,0.4,1.0
74,153,0.9638085651072985,0.9386503067484663,0.9673202614379085
75,4,1.0,1.0,1.0
76,2,1.0,1.0,1.0
77,1,1.0,1.0,1.0
78,3,0.9,0.6,1.0
79,16,0.7195454545454545,0.56,0.8125
80,25,0.7634856110465866,0.4878048780487805,0.8
81,24,0.8648575498575498,0.8148148148148148,0.8333333333333334
82,21,0.807328478617834,0.7241379310344828,0.8095238095238095
83,8,0.5986111111111111,0.25,0.25
84,5,0.7857142857142857,0.5714285714285714,0.8
85,50,0.6798744282705707,0.5483870967741935,0.64
86,9,0.6797979797979798,0.36363636363636365,0.4444444444444444
87,1,1.0,1.0,1.0
88,3,0.27142857142857146,0.14285714285714285,0.0
89,18,0.3675984809792906,0.20689655172413793,0.16666666666666666
90,20,0.7478354978354979,0.6363636363636364,0.55
91,8,0.7091346153846154,0.46153846153846156,0.625
92,52,0.5911495911495911,0.42857142857142855,0.4423076923076923
93,3,0.8,0.6,1.0
94,4,0.4419642857142857,0.125,0.0
95,4,0.7833333333333333,0.6666666666666666,1.0
96,9,0.8458333333333333,0.5833333333333334,0.7777777777777778
97,15,0.7487132352941177,0.3125,0.3333333333333333
98,23,0.5345886752136753,0.4375,0.30434782608695654
99,5,1.0,1.0,1.0
100,20,0.5220962732919255,0.32142857142857145,0.4
101,13,0.7214285714285714,0.6,0.6923076923076923
102,2,1.0,1.0,1.0
103,68,0.9483654850502676,0.8918918918918919,0.9558823529411765
104,32,0.8728325728325728,0.8108108108108109,0.9375
105,28,0.4674107142857143,0.22916666666666666,0.17857142857142858
106,55,0.7051915607505608,0.46774193548387094,0.09090909090909091
107,5,0.65,0.4,0.4
108,4,0.7625,0.75,0.75
109,10,0.6636363636363636,0.6,0.4
110,5,0.7,0.6,0.6
111,4,0.5505952380952381,0.25,0.5
112,5,0.9,0.6,0.6
113,5,0.4603174603174603,0.42857142857142855,0.6
114,18,0.5731530301603741,0.23255813953488372,0.5
115,7,0.5027472527472527,0.15384615384615385,0.14285714285714285
116,11,0.2245004995004995,0.15384615384615385,0.18181818181818182
117,4,0.6083333333333334,0.3333333333333333,0.5
118,13,0.4522408963585434,0.3333333333333333,0.38461538461538464
119,4,0.875,0.75,0.75
120,11,0.6212121212121212,0.5,0.6363636363636364
121,37,0.9000808500808501,0.7555555555555555,0.918918918918919
122,20,0.4424503657262278,0.2,0.15
123,75,0.38804349371021896,0.32653061224489793,0.3466666666666667
124,5,0.7931547619047619,0.625,1.0
125,23,0.8244444444444444,0.7777777777777778,0.8695652173913043
126,2,0.39166666666666666,0.16666666666666666,0.5
127,5,0.8511904761904762,0.5714285714285714,0.8
128,10,0.9545454545454546,0.9090909090909091,1.0
129,5,0.3214285714285714,0.25,0.4
130,158,0.9192394069855065,0.8650306748466258,0.8607594936708861
131,10,0.7897727272727273,0.5,0.5
132,9,0.35106951871657754,0.058823529411764705,0.0
133,8,0.4097222222222222,0.3333333333333333,0.125
134,17,0.656517094017094,0.5,0.7647058823529411
135,9,0.7151515151515152,0.5833333333333334,0.7777777777777778
136,33,0.6908211687623452,0.45454545454545453,0.42424242424242425
137,10,0.46412171588002793,0.2727272727272727,0.2
138,18,0.5386050353155616,0.45454545454545453,0.5
139,12,0.2936745272271588,0.23809523809523808,0.25
140,36,0.9473684210526315,0.9473684210526315,1.0
141,5,0.4642857142857143,0.42857142857142855,0.6
142,56,0.6443103818103818,0.5119047619047619,0.5178571428571429
143,17,0.7172222222222222,0.48,0.5882352941176471
144,2,0.6714285714285715,0.2857142857142857,1.0
145,1,0.5239651416122004,0.037037037037037035,1.0
146,2,0.5678571428571428,0.07142857142857142,0.0
147,1,0.18253968253968253,0.1111111111111111,1.0
148,10,0.2706140350877193,0.16666666666666666,0.0
149,15,0.5573946886446887,0.19047619047619047,0.06666666666666667
150,4,0.4583333333333333,0.3333333333333333,0.25
151,11,0.7058080808080809,0.4444444444444444,0.45454545454545453
152,26,0.40236877599190735,0.14634146341463414,0.0
153,5,0.9,0.6,0.6
154,18,0.43789302802460695,0.35,0.2222222222222222
155,6,0.9642857142857143,0.8571428571428571,1.0
156,7,0.5643180349062702,0.23529411764705882,0.42857142857142855
157,1,0.5638888888888889,0.05555555555555555,1.0
158,24,0.5398849235056131,0.36363636363636365,0.08333333333333333
159,8,0.3412698412698413,0.14285714285714285,0.0
160,6,0.5347222222222222,0.3333333333333333,0.5
161,27,0.9821428571428572,0.9642857142857143,1.0
162,4,0.24761904761904763,0.19047619047619047,0.75
163,2,0.2599206349206349,0.1111111111111111,0.5
164,3,0.4097222222222222,0.2222222222222222,0.3333333333333333
165,7,0.49603174603174605,0.2222222222222222,0.14285714285714285
166,14,0.5238095238095238,0.38095238095238093,0.5714285714285714
167,81,0.6769722604760968,0.41739130434782606,0.5925925925925926
168,9,0.6287878787878788,0.3333333333333333,0.6666666666666666
169,14,0.8137254901960784,0.5882352941176471,0.6428571428571429
170,4,0.9,0.8,1.0
171,3,0.3888888888888889,0.2222222222222222,0.6666666666666666
172,39,0.21311524609843938,0.1523809523809524,0.358974358974359
173,68,0.49581026539940987,0.27205882352941174,0.45588235294117646
174,8,0.3464285714285714,0.2,0.0
175,4,0.9375,0.75,0.75
176,5,0.7428571428571429,0.5714285714285714,0.8
177,4,0.7738095238095238,0.42857142857142855,0.75
178,18,0.544973544973545,0.36363636363636365,0.4444444444444444
179,22,0.8658536585365854,0.4634146341463415,0.8636363636363636
180,11,0.43254662004662003,0.16666666666666666,0.18181818181818182
181,8,0.46085858585858586,0.4444444444444444,0.375
182,10,0.8321678321678322,0.6923076923076923,0.9
183,4,1.0,1.0,1.0
184,22,0.9565217391304348,0.9565217391304348,1.0
185,13,0.6957983193277311,0.4117647058823529,0.5384615384615384
186,18,0.8108766233766234,0.6363636363636364,0.7222222222222222
187,51,0.6581410235650982,0.4787234042553192,0.8235294117647058
188,10,0.43472222222222223,0.25,0.2
189,5,0.4236111111111111,0.375,0.4
190,7,0.8375,0.6,0.8571428571428571
191,15,0.6067982456140351,0.55,0.5333333333333333
192,7,0.7569444444444444,0.2777777777777778,0.5714285714285714
193,31,0.9133064516129032,0.84375,0.8387096774193549
194,2,0.18712121212121213,0.16666666666666666,1.0
195,35,0.8476911976911977,0.7272727272727273,0.7714285714285715
196,3,1.0,1.0,1.0
197,8,0.925,0.7,0.875
198,12,0.7538919413919414,0.6923076923076923,0.75
199,18,0.9444444444444444,0.8888888888888888,0.8333333333333334
200,9,0.1532085561497326,0.13333333333333333,0.0
201,15,0.3329770531400966,0.2391304347826087,0.2
202,2,1.0,1.0,1.0
203,5,0.6348484848484849,0.2727272727272727,0.6
204,6,0.6741071428571428,0.5714285714285714,0.6666666666666666
205,15,0.30367521367521366,0.2692307692307692,0.0
206,8,0.4483173076923077,0.23076923076923078,0.125
207,1,1.0,1.0,1.0
208,67,0.922453954496208,0.8461538461538461,0.9701492537313433
209,3,0.8333333333333334,0.3333333333333333,0.3333333333333333
210,8,0.2371989121989122,0.15384615384615385,0.0
211,11,0.8541666666666666,0.75,0.8181818181818182
212,17,0.6728801169590644,0.47368421052631576,0.4117647058823529
213,3,1.0,1.0,1.0
214,7,1.0,1.0,1.0
215,6,0.15625,0.125,0.0
216,10,0.33381895881895884,0.2222222222222222,0.1
217,7,0.7946428571428571,0.7142857142857143,0.5714285714285714
218,5,0.7416666666666667,0.6666666666666666,0.8
219,4,0.4666666666666667,0.3333333333333333,0.5
220,43,0.7752799736495389,0.358695652173913,0.6976744186046512
221,5,0.75,0.42857142857142855,0.6
222,37,0.5894327702108022,0.41304347826086957,0.5135135135135135
223,9,0.975,0.9,1.0
224,15,0.7229779411764706,0.55,0.6666666666666666
225,1,1.0,1.0,1.0
226,12,0.3783797729618163,0.3333333333333333,0.5
227,11,0.391304347826087,0.2608695652173913,0.09090909090909091
228,11,0.7186234817813766,0.5263157894736842,0.9090909090909091
229,1,0.3146853146853147,0.07692307692307693,1.0
230,5,0.4738095238095238,0.4,0.4
231,1,0.5714285714285714,0.14285714285714285,1.0
232,34,0.83760945297053,0.7674418604651163,0.9117647058823529
233,12,0.7376373626373627,0.6428571428571429,0.75
234,8,0.5265151515151515,0.25,0.5
235,36,0.9149305555555556,0.6875,0.9166666666666666
236,5,0.5916666666666667,0.5,0.4
237,3,1.0,1.0,1.0
238,4,0.7,0.6,0.75
239,20,0.844047619047619,0.7619047619047619,0.8
240,19,0.5068139097744361,0.4583333333333333,0.47368421052631576
241,6,0.4951923076923077,0.23076923076923078,0.3333333333333333
242,27,0.41787624140565316,0.34285714285714286,0.37037037037037035
243,9,0.47847985347985345,0.35714285714285715,0.5555555555555556
244,5,0.75,0.4,0.0
245,1,0.5590277777777778,0.1111111111111111,1.0
246,1,1.0,1.0,1.0
247,23,0.632972027972028,0.30303030303030304,0.43478260869565216
248,11,0.6003787878787878,0.46153846153846156,0.36363636363636365
249,2,0.9166666666666666,0.6666666666666666,1.0
250,3,0.6458333333333333,0.25,0.3333333333333333
251,2,0.5125,0.25,1.0
252,59,0.45056334499373907,0.2727272727272727,0.01694915254237288
253,6,0.7976190476190476,0.6666666666666666,1.0
254,5,0.748015873015873,0.4444444444444444,0.8
255,4,0.25555555555555554,0.1111111111111111,0.0
256,8,0.6896367521367521,0.23076923076923078,0.375
257,4,0.9375,0.75,0.75
258,34,0.9658301158301158,0.8918918918918919,0.9705882352941176
259,4,0.5833333333333334,0.3333333333333333,0.5
260,2,1.0,1.0,1.0
261,8,0.4614473684210526,0.28,0.625
262,2,0.45,0.4,1.0
263,7,0.4583333333333333,0.3333333333333333,0.42857142857142855
264,8,0.7583333333333333,0.7,0.875
265,7,0.35757575757575755,0.2222222222222222,0.5714285714285714
266,22,0.3649127140974967,0.2916666666666667,0.09090909090909091
267,5,0.65,0.4,0.0
268,4,0.6553571428571429,0.25,0.25
269,4,0.575,0.3333333333333333,0.75
270,13,0.588891806722689,0.4117647058823529,0.5384615384615384
271,12,0.9166666666666666,0.9166666666666666,0.9166666666666666
272,5,0.5428571428571429,0.2857142857142857,0.4
273,3,0.4611111111111111,0.1111111111111111,0.3333333333333333
274,1,1.0,1.0,1.0
275,4,0.7,0.42857142857142855,0.75
276,8,0.54375,0.2,0.0
277,12,1.0,1.0,1.0
278,4,0.25,0.25,0.25
279,14,0.8571428571428571,0.7857142857142857,0.7857142857142857
280,33,0.9172362724994304,0.8421052631578947,0.8787878787878788
281,38,0.8521168753726893,0.7674418604651163,0.8421052631578947
282,5,0.9166666666666667,0.8333333333333334,1.0
283,8,0.40384615384615385,0.25,0.25
284,7,0.875,0.5,0.8571428571428571
285,6,0.6291666666666667,0.26666666666666666,0.6666666666666666
286,7,0.9330357142857143,0.8571428571428571,0.8571428571428571
287,16,0.8637770897832817,0.7894736842105263,0.875
288,21,0.8623317805383023,0.8,0.8571428571428571
289,2,1.0,1.0,1.0
290,10,0.8,0.7,0.6
291,22,0.6311188811188811,0.32,0.13636363636363635
292,1,1.0,1.0,1.0
293,2,0.75,0.3333333333333333,0.5
294,3,1.0,1.0,1.0
295,1,1.0,1.0,1.0
296,14,0.2586756924992219,0.14814814814814814,0.0
297,17,0.3564473684210526,0.3157894736842105,0.0
298,5,0.3923611111111111,0.25,0.2
299,2,0.5357142857142857,0.14285714285714285,0.5
300,5,0.7416666666666667,0.6666666666666666,0.4
301,8,0.7777777777777778,0.7777777777777778,0.625
302,30,0.854594330400782,0.8181818181818182,0.8333333333333334
303,8,0.8166666666666667,0.6666666666666666,1.0
304,19,0.832521645021645,0.75,0.8947368421052632
305,14,0.30729166666666663,0.28125,0.6428571428571429
306,18,0.6102941176470589,0.4411764705882353,0.5555555555555556
307,74,0.8497938639198802,0.8311688311688312,0.7837837837837838
308,2,0.7666666666666666,0.4,1.0
309,11,0.3307533539731682,0.23529411764705882,0.09090909090909091
310,5,0.4642857142857143,0.42857142857142855,0.6
311,8,0.7201388888888889,0.625,0.5
312,3,0.5770833333333333,0.3333333333333333,0.6666666666666666
313,3,0.45,0.4,0.6666666666666666
314,1,1.0,1.0,1.0
315,12,0.8269230769230769,0.7692307692307693,0.8333333333333334
316,7,0.35,0.2,0.42857142857142855
317,2,0.3678571428571429,0.2857142857142857,1.0
318,27,0.8712850955794504,0.8125,0.8888888888888888
319,16,0.49213875205254515,0.23809523809523808,0.25
320,8,0.3824786324786325,0.2,0.5
321,12,0.8054029304029304,0.7692307692307693,0.8333333333333334
322,1,1.0,1.0,1.0
323,4,0.375,0.16666666666666666,0.0
324,1,0.225,0.16666666666666666,1.0
325,5,0.6083333333333334,0.3333333333333333,0.4
326,1,0.3898809523809524,0.14285714285714285,1.0
327,13,0.25536797573435505,0.1875,0.46153846153846156
328,11,0.610955710955711,0.4666666666666667,0.5454545454545454
329,12,0.7612179487179487,0.6923076923076923,0.5833333333333334
330,5,0.638095238095238,0.2857142857142857,0.4
331,3,0.8333333333333334,0.3333333333333333,0.3333333333333333
332,10,0.5303685897435897,0.4,0.1
333,4,0.9,0.8,1.0
334,5,0.65,0.4,0.4
335,7,0.638870320855615,0.29411764705882354,0.7142857142857143
336,1,1.0,1.0,1.0
337,5,0.4017857142857143,0.25,0.4
338,4,0.6875,0.5,0.5
339,6,0.7872023809523809,0.625,0.6666666666666666
340,5,0.8333333333333334,0.6666666666666666,0.8
341,30,0.5140873015873015,0.5,0.5333333333333333
342,27,0.7675648286967627,0.41304347826086957,0.7037037037037037
343,25,0.9703846153846154,0.92,0.92
344,15,0.5893391148325359,0.1875,0.0
345,5,0.6785714285714286,0.5,0.6
346,5,0.45,0.4,0.4
347,2,0.5583333333333333,0.3333333333333333,1.0
348,8,0.4895833333333333,0.3333333333333333,0.5
349,22,0.6640133779264213,0.5,0.6818181818181818
350,5,0.4464285714285714,0.2857142857142857,0.4
351,3,1.0,1.0,1.0
352,8,0.5159111721611721,0.21428571428571427,0.25
353,5,0.6245039682539683,0.4444444444444444,0.8
354,21,0.6947509012726404,0.5384615384615384,0.2857142857142857
355,13,0.6899671052631579,0.47368421052631576,0.6923076923076923
356,16,0.8060661764705882,0.7647058823529411,0.8125
357,9,0.5474377394636015,0.125,0.4444444444444444
358,1,0.8125,0.25,1.0
359,3,0.6208333333333333,0.4,0.6666666666666666
360,5,0.75,0.6,0.4
361,6,0.9285714285714286,0.7142857142857143,0.8333333333333334
362,11,0.43963273568536726,0.3684210526315789,0.2727272727272727
363,18,0.8739557226399332,0.7619047619047619,0.8333333333333334
364,3,0.4523809523809524,0.14285714285714285,0.0
365,8,0.9222222222222223,0.8,1.0
366,15,0.584375,0.4375,0.4
367,60,0.6351833976833977,0.5675675675675675,0.6
368,23,0.7301923076923077,0.72,0.782608695652174
369,3,0.6125,0.5,1.0
370,9,0.39914529914529917,0.3076923076923077,0.4444444444444444
371,8,0.506140350877193,0.15789473684210525,0.375
372,7,0.47525062656641603,0.21052631578947367,0.5714285714285714
373,17,0.8808479532163742,0.5789473684210527,0.6470588235294118
374,5,0.5839285714285715,0.25,0.2
375,17,0.6023391812865497,0.3684210526315789,0.23529411764705882
376,13,0.7874057315233786,0.6470588235294118,0.8461538461538461
377,3,0.9,0.6,1.0
378,15,0.7229166666666667,0.625,0.6666666666666666
379,25,0.571031746031746,0.2222222222222222,0.2
380,1,0.6666666666666666,0.3333333333333333,1.0
381,8,0.5729166666666667,0.5555555555555556,0.625
382,4,0.39166666666666666,0.3333333333333333,0.0
383,15,0.96875,0.9375,1.0
384,4,0.9375,0.75,0.75
385,9,0.7641608391608392,0.5384615384615384,0.6666666666666666
386,11,0.5539986973810503,0.35294117647058826,0.45454545454545453
387,11,0.8636363636363636,0.45454545454545453,0.45454545454545453
388,15,0.9364583333333334,0.875,0.9333333333333333
389,8,0.34142246642246643,0.2222222222222222,0.0
390,16,0.6945358187134503,0.6842105263157895,0.6875
391,26,0.7559523809523809,0.4642857142857143,0.46153846153846156
392,33,0.6619525002983649,0.4489795918367347,0.5151515151515151
393,3,0.6708333333333333,0.3333333333333333,0.3333333333333333
394,9,0.26477272727272727,0.18181818181818182,0.0
395,5,0.5333333333333333,0.3333333333333333,0.0
396,14,0.38237889983579637,0.20689655172413793,0.42857142857142855
397,23,0.6646834168385892,0.34615384615384615,0.391304347826087
398,5,0.8333333333333334,0.8333333333333334,1.0
399,3,0.7708333333333333,0.6666666666666666,0.6666666666666666
400,1,1.0,1.0,1.0
401,2,0.6428571428571428,0.2857142857142857,1.0
402,10,0.5947276407802724,0.3684210526315789,0.7
403,12,0.6280448717948718,0.38461538461538464,0.8333333333333334
404,18,0.5436159844054581,0.5,0.4444444444444444
405,12,0.8333333333333334,0.8333333333333334,0.8333333333333334
406,14,0.6612364243943192,0.47368421052631576,0.5
407,15,0.553656045751634,0.3888888888888889,0.3333333333333333
408,11,0.6799932523616734,0.3076923076923077,0.36363636363636365
409,46,0.9893617021276596,0.9574468085106383,0.9782608695652174
410,2,0.5,0.16666666666666666,1.0
411,12,0.6788892480068951,0.6428571428571429,0.6666666666666666
412,10,0.7,0.7,0.7
413,3,0.8125,0.75,1.0
414,1,1.0,1.0,1.0
415,3,0.8541666666666666,0.6666666666666666,0.6666666666666666
416,22,0.8048455168020385,0.7307692307692307,0.8636363636363636
417,13,0.8363095238095238,0.75,0.9230769230769231
418,7,0.6875,0.5714285714285714,0.42857142857142855
419,12,0.4120160884866767,0.23076923076923078,0.0
420,1,0.14821428571428572,0.125,1.0
421,14,0.43453937130407716,0.23333333333333334,0.14285714285714285
422,17,0.5198529411764706,0.5,0.17647058823529413
423,2,0.475,0.16666666666666666,1.0
424,14,0.49300595238095235,0.14285714285714285,0.14285714285714285
425,8,0.18533653846153847,0.15,0.0
426,6,0.5595238095238095,0.4444444444444444,0.3333333333333333
427,10,0.7136363636363636,0.5454545454545454,0.6
428,1,1.0,1.0,1.0
429,2,1.0,1.0,1.0
430,4,1.0,1.0,1.0
431,9,0.7636363636363637,0.7272727272727273,0.8888888888888888
432,31,0.32973603293725245,0.175,0.06451612903225806
433,16,0.33010477582846004,0.2962962962962963,0.125
434,29,0.635077276524645,0.5277777777777778,0.4482758620689655
435,3,0.3055555555555555,0.2222222222222222,0.0
436,1,1.0,1.0,1.0
437,1,1.0,1.0,1.0
438,34,0.8424951737451737,0.825,0.7941176470588235
439,4,0.525,0.2,0.25
440,1,1.0,1.0,1.0
441,4,0.55,0.2,0.25
442,16,0.6628267973856209,0.5,0.5625
443,4,0.5625,0.25,0.25
444,12,0.5312998405103668,0.36363636363636365,0.6666666666666666
445,15,0.48663949275362317,0.21739130434782608,0.0
446,8,0.7861111111111111,0.6666666666666666,0.875
447,8,0.7626262626262627,0.2727272727272727,0.375
448,4,1.0,1.0,1.0
449,9,0.6361111111111111,0.4666666666666667,0.6666666666666666
450,7,0.3111111111111111,0.1111111111111111,0.0
451,12,0.8492647058823529,0.6470588235294118,0.9166666666666666
452,10,0.9545454545454546,0.9090909090909091,1.0
453,7,0.59375,0.2857142857142857,0.2857142857142857
454,4,1.0,1.0,1.0
455,19,0.789520202020202,0.4444444444444444,0.5263157894736842
456,7,0.29586038961038963,0.25,0.0
457,11,0.435625,0.23333333333333334,0.09090909090909091
458,22,0.8293910256410256,0.7692307692307693,0.8181818181818182
459,5,0.1365047995482778,0.13043478260869565,0.0
460,4,0.5119047619047619,0.21428571428571427,0.5
461,1,1.0,1.0,1.0
462,13,0.7142857142857143,0.5,0.6153846153846154
463,20,0.7837349687349687,0.6818181818181818,0.75
464,10,0.3325757575757576,0.16666666666666666,0.1
465,9,0.6083333333333333,0.5,0.5555555555555556
466,10,0.6213389551624846,0.36363636363636365,0.4
467,5,1.0,1.0,1.0
468,5,0.73125,0.3,0.6
469,6,0.8333333333333334,0.8333333333333334,0.8333333333333334
470,3,0.6875,0.5,0.6666666666666666
471,12,1.0,1.0,1.0
472,2,0.875,0.5,0.5
473,8,0.5344794094794095,0.09090909090909091,0.0
474,4,0.8666666666666667,0.6666666666666666,1.0
475,9,0.34090909090909094,0.3,0.0
476,7,0.6607142857142857,0.42857142857142855,0.14285714285714285
477,13,0.7855769230769231,0.45,0.38461538461538464
478,10,0.5385780885780886,0.3333333333333333,0.4
479,8,0.9375,0.875,0.75
480,15,0.406328320802005,0.3157894736842105,0.3333333333333333
481,14,0.6767857142857143,0.55,0.6428571428571429
482,8,0.5686274509803921,0.4444444444444444,1.0
483,2,0.7857142857142857,0.14285714285714285,1.0
484,3,1.0,1.0,1.0
485,9,0.5065359477124183,0.3333333333333333,0.4444444444444444
486,16,0.40625,0.375,0.125
487,4,0.575,0.3333333333333333,0.25
488,1,0.7619047619047619,0.047619047619047616,1.0
489,21,0.9199134199134199,0.9090909090909091,0.9523809523809523
490,4,0.39166666666666666,0.25,0.25
491,6,0.7574404761904762,0.625,0.8333333333333334
492,8,0.2544642857142857,0.125,0.25
493,4,0.9,0.8,1.0
494,20,0.925,0.9,0.9
495,32,0.9303977272727273,0.90625,0.90625
496,29,0.6852718360071302,0.5882352941176471,0.6206896551724138
497,8,0.22177033492822967,0.1,0.0
498,2,0.6555555555555556,0.2222222222222222,1.0
499,11,0.8901515151515151,0.8181818181818182,0.7272727272727273
500,2,1.0,1.0,1.0
501,1,1.0,1.0,1.0
502,9,1.0,1.0,1.0
503,8,0.59375,0.5,0.125
504,11,0.7158119658119658,0.5555555555555556,0.9090909090909091
505,5,0.6654761904761904,0.42857142857142855,0.6
506,11,0.8958333333333333,0.75,0.8181818181818182
507,5,0.8571428571428571,0.42857142857142855,0.6
508,17,0.8640350877192983,0.7222222222222222,0.7647058823529411
509,1,0.5416666666666666,0.16666666666666666,1.0
510,11,0.3560606060606061,0.3333333333333333,0.0
511,2,1.0,1.0,1.0
512,5,0.8500000000000001,0.8,0.8
513,12,0.731456043956044,0.6923076923076923,0.6666666666666666
514,12,0.844551282051282,0.7692307692307693,0.5833333333333334
515,19,0.7895021645021645,0.6818181818181818,0.7894736842105263
516,6,0.2702380952380952,0.1,0.0
517,2,0.85,0.4,1.0
518,18,0.6388888888888888,0.2777777777777778,0.2222222222222222
519,8,0.6659090909090909,0.6,0.75
520,18,0.7138888888888888,0.6,0.4444444444444444
521,10,0.7738636363636364,0.7272727272727273,0.8
522,22,0.5223118279569893,0.3225806451612903,0.2727272727272727
523,2,0.6428571428571428,0.2857142857142857,1.0
524,16,0.4062775228294628,0.23404255319148937,0.0625
525,8,0.9444444444444444,0.7777777777777778,0.875
526,28,0.7568395146520147,0.48717948717948717,0.5714285714285714
527,3,0.4005952380952381,0.16666666666666666,0.0
528,23,0.5791042141848594,0.2903225806451613,0.391304347826087
529,15,0.3208689458689459,0.23076923076923078,0.2
530,8,0.6705808080808081,0.45454545454545453,0.375
531,6,0.7410714285714286,0.5,0.6666666666666666
532,3,0.5547619047619048,0.2857142857142857,0.0
533,3,0.84375,0.375,1.0
534,13,0.4478632478632479,0.2222222222222222,0.23076923076923078
535,8,0.65625,0.625,0.625
536,3,0.8333333333333333,0.6666666666666666,0.6666666666666666
537,16,0.9010025062656641,0.7619047619047619,1.0
538,4,0.20555555555555555,0.2,0.5
539,10,0.975,0.9,0.9
540,7,0.24791666666666667,0.16666666666666666,0.14285714285714285
541,3,0.8125,0.75,1.0
542,11,0.5,0.2857142857142857,0.45454545454545453
543,1,0.09236111111111112,0.06666666666666667,1.0
544,12,0.5862179487179487,0.46153846153846156,0.08333333333333333
545,5,0.8035714285714286,0.6666666666666666,0.8
546,9,0.6746794871794872,0.4166666666666667,0.5555555555555556
547,7,0.23139880952380953,0.16666666666666666,0.42857142857142855
548,9,0.6090909090909091,0.3,0.5555555555555556
549,9,0.6244949494949494,0.45454545454545453,0.5555555555555556
550,11,0.5321047008547009,0.2777777777777778,0.2727272727272727
551,11,0.9791666666666666,0.9166666666666666,1.0
552,6,0.4392135642135642,0.21428571428571427,0.5
553,5,0.775,0.5,0.8
554,12,0.8461538461538461,0.7692307692307693,0.8333333333333334
555,20,0.5089285714285714,0.38095238095238093,0.0
556,12,0.3839285714285714,0.25,0.08333333333333333
557,6,0.7698412698412699,0.5555555555555556,0.8333333333333334
558,27,0.5830181245074862,0.3617021276595745,0.6296296296296297
559,8,0.38392857142857145,0.25,0.125
560,2,0.6357142857142857,0.14285714285714285,0.5
561,10,0.5480769230769231,0.46153846153846156,0.4
562,12,0.8541666666666666,0.5,0.6666666666666666
563,6,0.30735930735930733,0.18181818181818182,0.0
564,4,0.65,0.4,0.5
565,7,0.5555555555555556,0.5555555555555556,0.7142857142857143
566,1,0.275,0.2,1.0
567,2,1.0,1.0,1.0
568,4,0.2638888888888889,0.1111111111111111,0.25
569,2,1.0,1.0,1.0
570,22,0.5241414141414141,0.1111111111111111,0.045454545454545456
571,43,0.6472704220804525,0.5192307692307693,0.46511627906976744
572,4,0.7125,0.5,0.5
573,3,0.38571428571428573,0.14285714285714285,0.0
574,1,0.7518796992481203,0.007518796992481203,1.0
575,5,0.4581699346405229,0.29411764705882354,0.8
576,4,0.5416666666666666,0.3333333333333333,0.5
577,5,0.43204365079365076,0.21428571428571427,0.6
578,6,0.3736111111111111,0.25,0.5
579,2,1.0,1.0,1.0
580,2,0.78125,0.125,0.5
581,2,0.6,0.4,1.0
582,3,0.875,0.75,1.0
583,19,0.7990800865800866,0.7272727272727273,0.8421052631578947
584,9,0.8795454545454546,0.8181818181818182,1.0
585,9,0.5050324675324676,0.22727272727272727,0.4444444444444444
586,3,0.9,0.6,1.0
587,1,1.0,1.0,1.0
588,3,0.7708333333333334,0.3333333333333333,0.6666666666666666
589,3,1.0,1.0,1.0
590,3,0.4770833333333333,0.3333333333333333,0.3333333333333333
591,18,0.5328947368421052,0.42857142857142855,0.2777777777777778
592,4,0.39464285714285713,0.25,0.0
593,5,0.7000000000000001,0.4,0.4
594,2,0.75,0.5,1.0
595,17,0.6161297852474323,0.3888888888888889,0.058823529411764705
596,3,0.3630952380952381,0.14285714285714285,0.3333333333333333
597,4,0.5714285714285714,0.2857142857142857,0.25
598,4,1.0,1.0,1.0
599,1,0.7692307692307693,0.07692307692307693,1.0
600,2,1.0,1.0,1.0
601,4,0.775,0.5,0.75
602,3,0.6666666666666666,0.3333333333333333,0.3333333333333333
603,6,0.4910714285714286,0.25,0.0
604,1,1.0,1.0,1.0
605,5,0.4,0.4,0.0
606,1,1.0,1.0,1.0
607,1,1.0,1.0,1.0
608,11,0.7800682773109244,0.6470588235294118,1.0
609,4,0.8333333333333333,0.6666666666666666,1.0
610,1,1.0,1.0,1.0
611,3,0.9,0.6,1.0
612,2,1.0,1.0,1.0
613,3,0.18571428571428572,0.14285714285714285,0.0
614,4,0.7428571428571429,0.5714285714285714,1.0
615,8,0.625,0.5,0.5
616,25,0.8640873015873015,0.8214285714285714,0.92
617,19,0.6960504312621018,0.55,0.5263157894736842
618,4,0.6875,0.5,0.75
619,6,0.6934523809523809,0.25,0.16666666666666666
620,5,0.8333333333333334,0.6666666666666666,0.8
621,4,0.675,0.5,0.5
622,2,1.0,1.0,1.0
623,3,1.0,1.0,1.0
624,7,0.7354166666666666,0.6666666666666666,0.8571428571428571
625,1,0.3833333333333333,0.16666666666666666,1.0
626,13,0.5455720749838396,0.23529411764705882,0.3076923076923077
627,7,0.5327380952380952,0.3333333333333333,0.2857142857142857
628,1,0.78125,0.125,1.0
629,9,0.47673992673992677,0.23076923076923078,0.3333333333333333
630,7,0.3392857142857143,0.2,0.0
631,2,0.36904761904761907,0.14285714285714285,0.0
632,3,0.775,0.6,1.0
633,11,0.5224358974358975,0.38461538461538464,0.45454545454545453
634,11,0.5637997623291741,0.3888888888888889,0.45454545454545453
635,3,0.5416666666666666,0.3333333333333333,0.3333333333333333
636,1,1.0,1.0,1.0
637,4,0.8125,0.5,0.75
638,6,0.6646825396825397,0.4444444444444444,0.6666666666666666
639,1,1.0,1.0,1.0
640,13,0.6891447368421053,0.375,0.38461538461538464
641,13,0.4611111111111111,0.4,0.3076923076923077
642,3,0.9375,0.75,1.0
643,1,0.5625,0.125,1.0
644,3,0.3738095238095238,0.3333333333333333,0.3333333333333333
645,8,0.9318181818181819,0.7272727272727273,1.0
646,8,0.5499999999999999,0.3333333333333333,0.375
647,4,0.75,0.25,0.25
648,7,0.4166666666666667,0.25,0.14285714285714285
649,4,0.6041666666666666,0.3333333333333333,0.25
650,11,0.7740384615384616,0.7142857142857143,0.7272727272727273
651,6,0.4851190476190476,0.16666666666666666,0.16666666666666666
652,13,0.7906534954407295,0.23404255319148937,0.8461538461538461
653,8,0.7638888888888888,0.5,0.5
654,13,0.9423076923076923,0.7692307692307693,0.7692307692307693
655,6,0.6577380952380952,0.25,0.6666666666666666
656,6,0.28846153846153844,0.15384615384615385,0.0
657,5,0.6369047619047619,0.5714285714285714,0.8
658,3,1.0,1.0,1.0
659,1,0.7916666666666666,0.16666666666666666,1.0
660,6,0.7738095238095237,0.5714285714285714,0.6666666666666666
661,11,0.5827317290552585,0.45,0.7272727272727273
662,5,0.85,0.6,0.4
663,12,0.41763580622276275,0.2608695652173913,0.25
664,16,0.3884920634920635,0.14285714285714285,0.1875
665,1,1.0,1.0,1.0
666,3,0.7738095238095238,0.42857142857142855,0.6666666666666666
667,9,0.9,0.9,1.0
668,5,1.0,1.0,1.0
669,1,1.0,1.0,1.0
670,1,1.0,1.0,1.0
671,14,0.8479516806722689,0.7647058823529411,0.8571428571428571
672,6,0.3333333333333333,0.3333333333333333,0.3333333333333333
673,13,0.40384615384615385,0.23076923076923078,0.23076923076923078
674,14,0.46008403361344535,0.42857142857142855,0.0
675,8,0.6452020202020202,0.5833333333333334,0.875
676,4,0.6214285714285714,0.2,0.5
677,4,0.28680555555555554,0.2222222222222222,0.5
678,8,0.203125,0.1875,0.375
679,14,0.9476190476190476,0.9285714285714286,0.9285714285714286
680,8,0.5363636363636364,0.45454545454545453,0.5
681,7,0.40226190476190476,0.24,0.7142857142857143
682,3,0.3773809523809524,0.14285714285714285,0.0
683,6,0.2791666666666667,0.25,0.3333333333333333
684,7,0.5714285714285714,0.42857142857142855,0.2857142857142857
685,9,0.3776942355889724,0.21428571428571427,0.5555555555555556
686,30,0.4293554349092522,0.1702127659574468,0.13333333333333333
687,8,0.7604166666666666,0.5,0.625
688,6,0.47867063492063494,0.375,0.5
689,10,0.7727272727272727,0.7272727272727273,0.8
690,2,0.8333333333333333,0.6666666666666666,1.0
691,19,0.7648221343873518,0.6956521739130435,0.7894736842105263
692,7,0.28869047619047616,0.14285714285714285,0.14285714285714285
693,3,0.22916666666666666,0.16666666666666666,0.3333333333333333
694,5,1.0,1.0,1.0
695,3,1.0,1.0,1.0
696,4,0.9375,0.75,0.75
697,3,0.3347222222222222,0.16666666666666666,0.0
698,12,0.875,0.8333333333333334,0.75
699,2,1.0,1.0,1.0
700,8,0.23823529411764707,0.2,0.125
701,2,0.625,0.5,1.0
702,8,0.23076923076923078,0.15384615384615385,0.0
703,7,0.288116458704694,0.2,0.42857142857142855
704,6,0.71875,0.625,0.8333333333333334
705,6,0.7738095238095238,0.7142857142857143,0.8333333333333334
706,10,0.45467032967032966,0.35714285714285715,0.2
707,3,0.9375,0.75,1.0
708,7,0.5555555555555556,0.2222222222222222,0.0
709,68,0.8616012342002515,0.8082191780821918,0.7794117647058824
710,1,1.0,1.0,1.0
711,2,0.85,0.4,1.0
712,6,0.6592261904761905,0.375,0.3333333333333333
713,3,0.5277777777777778,0.1111111111111111,0.0
714,7,0.5446428571428571,0.42857142857142855,0.42857142857142855
715,6,0.7222222222222222,0.5555555555555556,0.6666666666666666
716,4,0.5541666666666667,0.16666666666666666,0.5
717,10,0.6232517482517482,0.5,0.7
718,2,0.5833333333333334,0.16666666666666666,0.0
719,3,0.625,0.3333333333333333,0.6666666666666666
720,2,0.5583333333333333,0.4,1.0
721,14,0.8479166666666667,0.5833333333333334,1.0
722,2,0.4375,0.25,0.5
723,3,0.6339285714285714,0.25,0.6666666666666666
724,3,1.0,1.0,1.0
725,4,0.3234126984126984,0.2222222222222222,0.0
726,2,0.85,0.4,1.0
727,11,0.296875,0.14285714285714285,0.0
728,12,0.7259615384615384,0.6923076923076923,0.6666666666666666
729,5,0.3675595238095238,0.3333333333333333,0.6
730,8,0.33571428571428574,0.14285714285714285,0.25
731,5,0.5166666666666666,0.2,0.2
732,7,0.90625,0.875,1.0
733,1,1.0,1.0,1.0
734,5,0.7571428571428571,0.6,0.6
735,10,0.4469298245614035,0.3333333333333333,0.6
736,9,0.5886363636363636,0.45454545454545453,0.5555555555555556
737,1,1.0,1.0,1.0
738,8,1.0,1.0,1.0
739,3,0.675,0.6,1.0
740,10,0.3026315789473684,0.10526315789473684,0.0
741,5,0.5,0.4,0.4
742,5,0.4625,0.25,0.4
743,4,0.9,0.8,1.0
744,8,0.7386363636363636,0.45454545454545453,0.625
745,7,0.385989010989011,0.15384615384615385,0.2857142857142857
746,1,0.25,0.25,1.0
747,3,0.49615384615384617,0.15384615384615385,0.6666666666666666
748,9,0.6681922196796338,0.30434782608695654,0.7777777777777778
749,11,0.4872596153846154,0.4375,0.36363636363636365
750,1,0.5857142857142857,0.14285714285714285,1.0
751,1,0.25,0.25,1.0
752,5,0.17045454545454544,0.14285714285714285,0.0
753,5,0.8166666666666667,0.6,0.4
754,15,0.7491937564499483,0.631578947368421,0.8
755,1,0.3526785714285714,0.125,1.0
756,5,0.3238150738150738,0.1111111111111111,0.0
757,13,0.8072916666666667,0.75,0.8461538461538461
758,9,0.6957070707070707,0.5833333333333334,0.7777777777777778
759,3,0.625,0.5,0.6666666666666666
760,5,0.5732323232323232,0.1111111111111111,0.2
761,6,0.5555555555555556,0.2222222222222222,0.3333333333333333
762,10,0.3741758241758242,0.15384615384615385,0.2
763,6,0.3277777777777778,0.1111111111111111,0.0
764,4,0.7625,0.5,0.5
765,5,0.5714285714285714,0.42857142857142855,0.6
766,4,0.22985347985347987,0.16666666666666666,0.0
767,1,1.0,1.0,1.0
768,12,0.4823717948717949,0.2,0.5833333333333334
769,5,0.7,0.6,0.6
770,9,0.8952991452991452,0.6923076923076923,0.8888888888888888
771,4,0.8,0.6,0.75
772,3,0.84375,0.375,1.0
773,1,1.0,1.0,1.0
774,1,1.0,1.0,1.0
775,2,0.5645833333333333,0.125,1.0
776,6,1.0,1.0,1.0
777,1,0.78125,0.125,1.0
778,1,1.0,1.0,1.0
779,5,0.3913690476190476,0.3333333333333333,0.6
780,4,0.6625,0.4,0.5
781,3,0.34375,0.125,0.3333333333333333
782,15,0.6815789473684211,0.5263157894736842,0.6666666666666666
783,25,0.8402014652014652,0.47619047619047616,0.8
784,1,1.0,1.0,1.0
785,5,0.55,0.4,0.2
786,6,0.75,0.6666666666666666,0.6666666666666666
787,13,0.7802197802197802,0.6923076923076923,0.6923076923076923
788,16,0.90625,0.75,0.9375
789,4,0.46875,0.3,0.5
790,5,0.5904761904761905,0.3333333333333333,0.4
791,5,0.7,0.6,0.6
792,1,1.0,1.0,1.0
793,1,0.5625,0.125,1.0
794,4,1.0,1.0,1.0
795,5,0.42500000000000004,0.4,0.4
796,42,0.6616662086714742,0.4716981132075472,0.4523809523809524
797,13,0.683342972816657,0.3157894736842105,0.46153846153846156
798,2,0.875,0.5,1.0
799,6,0.3333333333333333,0.3333333333333333,0.3333333333333333
800,18,0.9084795321637427,0.7894736842105263,0.8333333333333334
801,2,0.55,0.4,1.0
802,3,0.9375,0.75,1.0
803,8,0.5805555555555556,0.3,0.75
804,19,0.8791666666666667,0.8095238095238095,0.8947368421052632
805,1,0.3108974358974359,0.05555555555555555,1.0
806,7,0.5229166666666667,0.3,0.42857142857142855
807,7,0.8258928571428572,0.7142857142857143,0.7142857142857143
808,3,0.45,0.2,0.3333333333333333
809,1,0.3333333333333333,0.3333333333333333,1.0
810,22,0.6285005574136009,0.46153846153846156,0.36363636363636365
811,4,0.21875,0.125,0.25
812,15,0.7572730179028133,0.5217391304347826,0.8
813,3,0.375,0.25,0.3333333333333333
814,5,0.7142857142857143,0.7142857142857143,1.0
815,3,1.0,1.0,1.0
816,1,1.0,1.0,1.0
817,1,1.0,1.0,1.0
818,5,0.6785714285714286,0.3333333333333333,0.4
819,1,0.625,0.25,1.0
820,5,0.4776785714285714,0.14285714285714285,0.2
821,4,0.26785714285714285,0.16666666666666666,0.25
822,1,1.0,1.0,1.0
823,5,0.95,0.8,0.8
824,10,0.2609311740890688,0.10526315789473684,0.0
825,2,1.0,1.0,1.0
826,5,0.6,0.6,0.6
827,2,0.875,0.5,1.0
828,2,0.8055555555555556,0.2222222222222222,1.0
829,5,0.6678571428571428,0.5,0.2
830,11,0.28809523809523807,0.2,0.09090909090909091
831,2,0.725,0.4,1.0
832,11,0.8465909090909091,0.75,0.7272727272727273
833,18,0.794078947368421,0.65,0.6666666666666666
834,1,1.0,1.0,1.0
835,8,0.4049145299145299,0.23076923076923078,0.25
836,2,0.4666666666666667,0.4,1.0
837,5,0.5833333333333333,0.3333333333333333,0.4
838,1,0.7692307692307693,0.07692307692307693,1.0
839,4,0.725,0.5,0.5
840,34,0.6926203877423389,0.43902439024390244,0.5294117647058824
841,16,0.5524456521739131,0.375,0.375
842,8,0.3975378787878788,0.18181818181818182,0.0
843,9,0.5927125506072874,0.2631578947368421,0.4444444444444444
844,3,0.6666666666666666,0.3333333333333333,0.3333333333333333
845,1,0.625,0.5,1.0
846,12,0.9807692307692308,0.9230769230769231,1.0
847,8,0.9444444444444444,0.7777777777777778,0.875
848,12,0.7504578754578755,0.6428571428571429,0.5833333333333334
849,4,0.33494208494208494,0.05405405405405406,0.25
850,2,0.3630952380952381,0.16666666666666666,1.0
851,19,0.8563875598086125,0.76,0.9473684210526315
852,13,0.4059436274509804,0.3333333333333333,0.07692307692307693
853,5,0.6770833333333334,0.25,0.4
854,14,0.5302083333333334,0.4375,0.21428571428571427
855,4,0.875,0.5,0.5
856,5,0.875,0.8333333333333334,1.0
857,5,0.5333333333333333,0.3333333333333333,0.8
858,4,0.5583333333333333,0.3333333333333333,0.0
859,1,1.0,1.0,1.0
860,14,0.6583333333333333,0.4666666666666667,0.5
861,1,0.8333333333333334,0.3333333333333333,1.0
862,11,0.39693417571707046,0.10526315789473684,0.18181818181818182
863,3,0.9,0.6,1.0
864,3,0.2916666666666667,0.16666666666666666,0.3333333333333333
865,2,0.7083333333333333,0.5,1.0
866,15,0.5865142796248934,0.35294117647058826,0.06666666666666667
867,5,0.7333333333333334,0.5,0.6
868,4,0.16666666666666666,0.16666666666666666,0.25
869,3,1.0,1.0,1.0
870,4,1.0,1.0,1.0
871,2,1.0,1.0,1.0
872,39,0.6476249690940559,0.5897435897435898,0.5897435897435898
873,1,1.0,1.0,1.0
874,5,0.44047619047619047,0.3333333333333333,0.4
875,5,0.40922619047619047,0.3333333333333333,0.0
876,4,0.5333333333333333,0.3333333333333333,0.0
877,6,0.7306547619047619,0.375,0.5
878,1,1.0,1.0,1.0
879,2,0.3125,0.2,0.0
880,7,0.875,0.875,1.0
881,3,0.5833333333333334,0.3333333333333333,0.3333333333333333
882,2,0.9166666666666666,0.6666666666666666,1.0
883,2,0.8333333333333333,0.6666666666666666,1.0
884,2,1.0,1.0,1.0
885,17,0.7847222222222222,0.6111111111111112,0.5882352941176471
886,1,1.0,1.0,1.0
887,1,1.0,1.0,1.0
888,2,1.0,1.0,1.0
889,1,1.0,1.0,1.0
890,8,0.5587121212121212,0.18181818181818182,0.0
891,1,0.7708333333333334,0.08333333333333333,1.0
892,2,0.6026785714285714,0.125,1.0
893,10,0.6884615384615385,0.46153846153846156,0.4
894,4,0.3526785714285714,0.125,0.0
895,1,1.0,1.0,1.0
896,4,0.14626640129736104,0.11764705882352941,0.0
897,5,0.6473214285714286,0.375,0.6
898,20,0.5204545454545455,0.4838709677419355,0.7
899,8,0.7361111111111112,0.5833333333333334,0.75
900,5,0.2656926406926407,0.14285714285714285,0.0
901,3,1.0,1.0,1.0
902,8,0.39537815126050424,0.35294117647058826,0.75
903,3,0.6083333333333333,0.5,0.6666666666666666
904,6,0.6924603174603174,0.5,0.5
905,2,0.3263888888888889,0.2222222222222222,0.5
906,33,0.2730020302694721,0.25,0.0
907,1,1.0,1.0,1.0
908,15,0.2895299145299145,0.2222222222222222,0.0
909,3,0.44166666666666665,0.3333333333333333,0.6666666666666666
910,13,0.7974969593100398,0.6842105263157895,1.0
911,9,0.5991452991452991,0.3076923076923077,0.0
912,1,1.0,1.0,1.0
913,5,1.0,1.0,1.0
914,4,0.6361111111111111,0.4444444444444444,0.75
915,4,0.5714285714285714,0.2857142857142857,0.5
916,2,1.0,1.0,1.0
917,1,1.0,1.0,1.0
918,5,0.6142857142857143,0.42857142857142855,0.6
919,4,0.4178571428571428,0.2857142857142857,0.25
920,3,0.45795454545454545,0.18181818181818182,0.3333333333333333
921,5,0.5,0.4,0.4
922,2,0.7083333333333333,0.5,1.0
923,2,0.5,0.5,0.5
924,6,0.5238095238095237,0.42857142857142855,0.5
925,1,1.0,1.0,1.0
926,20,0.4911821705426357,0.27906976744186046,0.5
927,12,0.48214285714285715,0.42857142857142855,0.5
928,5,0.5758928571428571,0.375,0.6
929,8,0.6696428571428571,0.25,0.25
930,8,0.3465686274509804,0.2,0.0
931,2,0.5791666666666667,0.06666666666666667,0.5
932,8,0.4284090909090909,0.25,0.375
933,18,0.45031055900621114,0.3333333333333333,0.3888888888888889
934,1,1.0,1.0,1.0
935,7,0.38668831168831164,0.2727272727272727,0.42857142857142855
936,17,0.8624011007911937,0.7894736842105263,0.8823529411764706
937,5,0.7083333333333334,0.4,0.4
938,3,1.0,1.0,1.0
939,5,0.8071428571428572,0.7142857142857143,0.8
940,2,0.44166666666666665,0.16666666666666666,0.0
941,8,0.5072829131652661,0.35294117647058826,0.75
942,1,1.0,1.0,1.0
943,2,0.625,0.5,1.0
944,1,0.625,0.25,1.0
945,1,1.0,1.0,1.0
946,1,1.0,1.0,1.0
947,5,0.6845238095238095,0.5,0.8
948,21,0.9307359307359307,0.8636363636363636,0.8571428571428571
949,4,0.75,0.5,0.75
950,4,1.0,1.0,1.0
951,9,0.7470779220779221,0.6428571428571429,0.8888888888888888
952,4,0.8875,0.75,0.75
953,7,0.5280032467532467,0.25,0.14285714285714285
954,8,0.2400883430295195,0.17647058823529413,0.0
955,3,0.418560606060606,0.09090909090909091,0.0
956,6,0.7723214285714286,0.625,0.8333333333333334
957,1,1.0,1.0,1.0
958,1,1.0,1.0,1.0
959,15,0.5668214654282766,0.2631578947368421,0.06666666666666667
960,5,0.6,0.6,0.6
961,15,0.678453947368421,0.5263157894736842,0.6666666666666666
962,2,1.0,1.0,1.0
963,8,0.7777777777777778,0.7777777777777778,0.875
964,5,0.6761904761904762,0.5714285714285714,0.8
965,2,0.7083333333333334,0.3333333333333333,0.5
966,7,0.8928571428571428,0.7142857142857143,0.5714285714285714
967,9,0.6388888888888888,0.5555555555555556,0.4444444444444444
968,4,0.7125,0.6,0.75
969,1,1.0,1.0,1.0
970,14,0.8392857142857143,0.7857142857142857,0.7857142857142857
971,1,0.3729166666666667,0.125,1.0
972,1,0.78125,0.125,1.0
973,1,0.6527777777777778,0.1111111111111111,1.0
974,1,0.14791666666666667,0.06666666666666667,1.0
975,5,0.6297619047619047,0.2857142857142857,0.4
976,3,1.0,1.0,1.0
977,4,0.41964285714285715,0.14285714285714285,0.25
978,11,0.6522727272727273,0.5333333333333333,0.6363636363636364
979,2,1.0,1.0,1.0
980,1,0.625,0.25,1.0
981,4,0.4446428571428571,0.25,0.5
982,1,1.0,1.0,1.0
983,7,0.528983918128655,0.2,0.42857142857142855
984,8,0.45444832944832947,0.3076923076923077,0.125
985,5,0.24285714285714285,0.2,0.0
986,1,0.5393939393939394,0.06666666666666667,1.0
987,3,0.5833333333333334,0.3333333333333333,0.6666666666666666
988,1,0.78125,0.125,1.0
989,4,0.45892857142857146,0.2857142857142857,0.5
990,4,0.7625,0.75,0.75
991,4,0.6214285714285714,0.2857142857142857,0.5
992,7,0.43813131313131315,0.36363636363636365,0.5714285714285714
993,6,0.513095238095238,0.2857142857142857,0.6666666666666666
994,3,0.3371212121212121,0.16666666666666666,0.3333333333333333
995,4,0.9,0.6,0.75
996,2,1.0,1.0,1.0
997,2,1.0,1.0,1.0
998,6,0.25396825396825395,0.2222222222222222,0.0
999,3,0.37083333333333335,0.25,0.3333333333333333
1000,1,1.0,1.0,1.0
1001,1,1.0,1.0,1.0
1002,6,0.5630411255411255,0.4166666666666667,0.6666666666666666
1003,9,0.75,0.6666666666666666,0.6666666666666666
1004,3,0.6666666666666666,0.6666666666666666,0.6666666666666666
1005,4,0.8500000000000001,0.8,1.0
1006,9,0.4947916666666667,0.3125,0.5555555555555556
1007,3,0.46428571428571425,0.3333333333333333,0.6666666666666666
1008,5,0.4253246753246753,0.2727272727272727,0.2
1009,4,0.55,0.5,0.75
1010,6,0.36204481792717086,0.09523809523809523,0.16666666666666666
1011,1,0.7857142857142857,0.14285714285714285,1.0
1012,2,0.38839285714285715,0.125,0.5
1013,2,0.4375,0.25,0.5
1014,3,0.75,0.6666666666666666,0.6666666666666666
1015,1,1.0,1.0,1.0
1016,3,0.3794642857142857,0.125,0.0
1017,1,1.0,1.0,1.0
1018,2,0.8333333333333334,0.3333333333333333,1.0
1019,4,0.5333333333333333,0.25,0.0
1020,13,0.8324175824175825,0.7142857142857143,0.7692307692307693
1021,2,0.625,0.5,0.5
1022,5,0.7,0.4,0.4
1023,1,1.0,1.0,1.0
1024,1,0.7571428571428571,0.02857142857142857,1.0
1025,5,0.19497863247863248,0.07692307692307693,0.0
1026,1,1.0,1.0,1.0
1027,1,1.0,1.0,1.0
1028,2,0.30952380952380953,0.2857142857142857,0.5
1029,5,0.38263888888888886,0.2222222222222222,0.0
1030,10,0.7704545454545455,0.7272727272727273,0.7
1031,3,0.625,0.4,0.6666666666666666
1032,2,1.0,1.0,1.0
1033,1,1.0,1.0,1.0
1034,1,1.0,1.0,1.0
1035,7,0.4718253968253968,0.3,0.0
1036,17,0.9411764705882353,0.7647058823529411,0.7647058823529411
1037,7,0.5357142857142857,0.5,0.5714285714285714
1038,1,0.5694444444444444,0.1111111111111111,1.0
1039,5,0.18125000000000002,0.125,0.0
1040,3,0.22142857142857142,0.14285714285714285,0.0
1041,9,0.7752525252525253,0.6666666666666666,0.6666666666666666
1042,3,1.0,1.0,1.0
1043,4,0.6196428571428572,0.42857142857142855,0.75
1044,4,1.0,1.0,1.0
1045,8,0.8576388888888888,0.5555555555555556,0.625
1046,7,0.9285714285714286,0.8571428571428571,0.7142857142857143
1047,1,1.0,1.0,1.0
1048,2,0.7,0.4,1.0
1049,3,0.44047619047619047,0.3333333333333333,0.0
1050,2,0.875,0.5,0.5
1051,8,0.5499999999999999,0.3333333333333333,0.375
1052,1,1.0,1.0,1.0
1053,5,0.5508928571428572,0.375,0.0
1054,13,0.9423076923076923,0.9230769230769231,0.9230769230769231
1055,7,0.7470238095238095,0.6666666666666666,0.7142857142857143
1056,2,0.9166666666666666,0.6666666666666666,1.0
1057,3,0.6083333333333333,0.3333333333333333,0.6666666666666666
1058,3,0.6,0.4,0.6666666666666666
1059,3,0.9166666666666666,0.6666666666666666,0.6666666666666666
1060,4,0.45,0.25,0.75
1061,3,0.8166666666666667,0.6,0.6666666666666666
1062,3,0.85,0.4,0.6666666666666666
1063,6,0.25,0.16666666666666666,0.16666666666666666
1064,3,0.6666666666666666,0.3333333333333333,0.6666666666666666
1065,1,1.0,1.0,1.0
1066,2,0.6625,0.25,1.0
1067,5,0.43333333333333335,0.16666666666666666,0.6
1068,1,1.0,1.0,1.0
1069,2,1.0,1.0,1.0
1070,3,0.5666666666666667,0.25,0.6666666666666666
1071,1,0.3430059523809524,0.0625,1.0
1072,2,1.0,1.0,1.0
1073,1,1.0,1.0,1.0
1074,3,0.5375,0.4,0.3333333333333333
1075,6,0.6875,0.625,0.5
1076,1,0.3,0.2,1.0
1077,8,0.5445512820512821,0.25,0.0
1078,5,0.7071428571428572,0.4,0.2
1079,10,0.8636363636363636,0.6363636363636364,0.7
1080,1,1.0,1.0,1.0
1081,1,1.0,1.0,1.0
1082,8,0.7638888888888888,0.625,0.625
1083,1,1.0,1.0,1.0
1084,5,0.5791208791208792,0.23076923076923078,0.2
1085,1,1.0,1.0,1.0
1086,4,0.35,0.3333333333333333,0.5
1087,1,1.0,1.0,1.0
1088,4,0.9375,0.75,0.75
1089,3,0.5333333333333333,0.4,0.6666666666666666
1090,1,1.0,1.0,1.0
1091,3,0.3958333333333333,0.3333333333333333,1.0
1092,1,0.78125,0.125,1.0
1093,8,0.5808080808080808,0.45454545454545453,0.5
1094,1,0.7692307692307693,0.07692307692307693,1.0
1095,12,0.6822916666666666,0.5625,0.5833333333333334
1096,1,0.19821428571428573,0.14285714285714285,1.0
1097,1,0.328258547008547,0.07692307692307693,1.0
1098,4,0.4226190476190476,0.3333333333333333,0.75
1099,1,0.6397058823529411,0.058823529411764705,1.0
1100,13,0.6493186090225563,0.5263157894736842,0.7692307692307693
1101,1,0.5625,0.125,1.0
1102,3,0.75,0.3333333333333333,0.3333333333333333
1103,1,0.07596153846153847,0.06666666666666667,1.0
1104,5,0.6285714285714286,0.3,0.6
1105,1,1.0,1.0,1.0
1106,2,1.0,1.0,1.0
1107,3,0.5625,0.4,0.6666666666666666
1108,6,0.5218253968253967,0.4444444444444444,0.6666666666666666
1109,5,0.95,0.8,0.8
1110,4,0.3607142857142857,0.14285714285714285,0.25
1111,1,0.5625,0.125,1.0
1112,12,0.5014705882352941,0.25,0.5
1113,1,0.78125,0.125,1.0
1114,5,0.9166666666666667,0.8333333333333334,1.0
1115,3,0.5833333333333333,0.3333333333333333,0.6666666666666666
1116,12,0.8990384615384616,0.75,0.75
1117,1,0.7916666666666666,0.16666666666666666,1.0
1118,1,0.765625,0.0625,1.0
1119,3,0.5113636363636364,0.2727272727272727,1.0
1120,3,0.9166666666666666,0.6666666666666666,0.6666666666666666
1121,4,0.825,0.5,0.75
1122,7,0.8392857142857143,0.75,0.8571428571428571
1123,1,0.625,0.5,1.0
1124,1,1.0,1.0,1.0
1125,2,0.46904761904761905,0.14285714285714285,0.5
1126,1,1.0,1.0,1.0
1127,1,1.0,1.0,1.0
1128,3,1.0,1.0,1.0
1129,2,0.6416666666666667,0.16666666666666666,0.5
1130,1,1.0,1.0,1.0
1131,3,0.476010101010101,0.18181818181818182,0.3333333333333333
1132,1,0.40476190476190477,0.14285714285714285,1.0
1133,4,0.7214285714285714,0.2857142857142857,0.5
1134,1,0.4107142857142857,0.14285714285714285,1.0
1135,5,0.5789682539682539,0.4444444444444444,0.8
1136,1,1.0,1.0,1.0
1137,1,1.0,1.0,1.0
1138,2,0.6666666666666666,0.3333333333333333,1.0
1139,4,0.75,0.5,0.5
1140,6,0.7666666666666667,0.4,0.6666666666666666
1141,6,0.5535714285714286,0.4444444444444444,0.5
1142,1,1.0,1.0,1.0
1143,3,0.5,0.3333333333333333,0.3333333333333333
1144,2,0.5583333333333333,0.4,1.0
1145,1,1.0,1.0,1.0
1146,2,0.7222222222222222,0.2222222222222222,1.0
1147,3,0.6458333333333334,0.25,0.3333333333333333
1148,6,0.4880952380952381,0.16666666666666666,0.16666666666666666
1149,1,0.7916666666666666,0.16666666666666666,1.0
1150,1,1.0,1.0,1.0
1151,2,1.0,1.0,1.0
1152,1,0.8125,0.25,1.0
1153,7,0.78125,0.75,0.8571428571428571
1154,2,1.0,1.0,1.0
1155,1,0.16904761904761906,0.07142857142857142,1.0
1156,2,1.0,1.0,1.0
1157,2,0.38571428571428573,0.14285714285714285,0.5
1158,1,1.0,1.0,1.0
1159,3,0.9375,0.75,1.0
1160,4,0.7178571428571429,0.5,0.75
1161,8,0.5533355533355533,0.42857142857142855,0.75
1162,8,0.6701388888888888,0.5555555555555556,0.5
1163,6,0.7946428571428571,0.5714285714285714,0.6666666666666666
1164,3,0.40476190476190477,0.2857142857142857,0.3333333333333333
1165,3,0.4097222222222222,0.16666666666666666,0.3333333333333333
1166,6,0.26438492063492064,0.1111111111111111,0.16666666666666666
1167,2,0.625,0.5,1.0
1168,2,0.44166666666666665,0.2,0.5
1169,4,0.46590909090909094,0.18181818181818182,0.5
1170,3,0.8333333333333333,0.6666666666666666,0.6666666666666666
1171,11,0.4982456140350877,0.4666666666666667,0.6363636363636364
1172,3,0.44166666666666665,0.16666666666666666,0.3333333333333333
1173,3,0.75,0.6666666666666666,0.6666666666666666
1174,9,0.6779411764705883,0.4117647058823529,0.6666666666666666
1175,10,0.7386363636363636,0.5,0.5
1176,2,0.4916666666666667,0.4,1.0
1177,5,0.47232142857142856,0.3,0.4
1178,1,0.78125,0.125,1.0
1179,1,0.31486568986568986,0.07142857142857142,1.0
1180,2,0.42500000000000004,0.4,1.0
1181,3,0.6547619047619048,0.2857142857142857,0.6666666666666666
1182,1,0.75,0.5,1.0
1183,1,0.4,0.2,1.0
1184,3,0.9375,0.75,1.0
1185,1,0.1884920634920635,0.1111111111111111,1.0
1186,1,1.0,1.0,1.0
1187,2,0.9166666666666666,0.6666666666666666,1.0
1188,1,1.0,1.0,1.0
1189,1,0.7857142857142857,0.14285714285714285,1.0
1190,4,1.0,1.0,1.0
1191,3,0.21904761904761905,0.14285714285714285,0.0
1192,5,0.5068181818181818,0.2727272727272727,0.4
1193,4,0.6488095238095238,0.42857142857142855,0.75
1194,1,0.7564102564102564,0.02564102564102564,1.0
1195,1,0.4041666666666667,0.05,1.0
1196,1,0.7857142857142857,0.14285714285714285,1.0
1197,1,1.0,1.0,1.0
1198,1,1.0,1.0,1.0
1199,4,0.5,0.5,0.5
1200,1,1.0,1.0,1.0
1201,1,1.0,1.0,1.0
1202,4,0.7625,0.75,0.75
1203,1,1.0,1.0,1.0
1204,3,1.0,1.0,1.0
1205,1,1.0,1.0,1.0
1206,5,0.5952380952380952,0.2,0.2
1207,13,0.6331168831168831,0.3181818181818182,0.38461538461538464
1208,2,0.09820804195804196,0.07692307692307693,0.0
1209,1,1.0,1.0,1.0
1210,4,0.6964285714285714,0.2857142857142857,0.5
1211,3,0.7,0.6,1.0
1212,3,0.9375,0.75,1.0
1213,2,0.6833333333333333,0.4,1.0
1214,1,0.8125,0.25,1.0
1215,1,1.0,1.0,1.0
1216,1,0.5416666666666666,0.3333333333333333,1.0
1217,7,0.32192460317460314,0.2222222222222222,0.0
1218,1,1.0,1.0,1.0
1219,1,1.0,1.0,1.0
1220,2,1.0,1.0,1.0
1221,4,0.825,0.5,0.75
1222,4,1.0,1.0,1.0
1223,5,0.65,0.4,0.4
1224,1,1.0,1.0,1.0
1225,1,0.32395833333333335,0.0625,1.0
1226,2,0.6833333333333333,0.4,1.0
1227,4,0.2815656565656566,0.18181818181818182,0.0
1228,1,0.5669642857142857,0.125,1.0
1229,4,1.0,1.0,1.0
1230,8,0.9722222222222222,0.8888888888888888,1.0
1231,2,0.75,0.6666666666666666,1.0
1232,1,0.5669642857142857,0.125,1.0
1233,1,0.59375,0.125,1.0
1234,1,1.0,1.0,1.0
1235,2,0.45,0.2,0.5
1236,2,0.5857142857142857,0.14285714285714285,0.5
1237,1,1.0,1.0,1.0
1238,1,0.5,0.5,1.0
1239,1,1.0,1.0,1.0
1240,5,0.6666666666666666,0.5,0.8
1241,1,1.0,1.0,1.0
1242,2,0.19962121212121212,0.16666666666666666,0.0
1243,1,1.0,1.0,1.0
1244,2,1.0,1.0,1.0
1245,1,1.0,1.0,1.0
1246,1,1.0,1.0,1.0
1247,1,0.5400641025641025,0.07692307692307693,1.0
1248,1,0.6125,0.2,1.0
1249,1,0.29256965944272445,0.05263157894736842,1.0
1250,6,0.39285714285714285,0.2857142857142857,0.3333333333333333
1251,1,0.7916666666666666,0.16666666666666666,1.0
1252,1,1.0,1.0,1.0
1253,1,1.0,1.0,1.0
1254,1,1.0,1.0,1.0
1255,4,0.25,0.16666666666666666,0.0
1256,2,0.5625,0.25,0.5
1257,6,0.9166666666666666,0.6666666666666666,1.0
1258,1,0.6666666666666666,0.3333333333333333,1.0
1259,1,0.6333333333333333,0.2,1.0
1260,1,1.0,1.0,1.0
1261,1,0.5458333333333333,0.08333333333333333,1.0
1262,6,0.875,0.8333333333333334,0.6666666666666666
1263,3,0.5520833333333334,0.16666666666666666,0.3333333333333333
1264,1,1.0,1.0,1.0
1265,1,1.0,1.0,1.0
1266,1,0.06785714285714285,0.02857142857142857,1.0
1267,3,0.9166666666666666,0.6666666666666666,0.6666666666666666
1268,12,0.533974358974359,0.38461538461538464,0.3333333333333333
1269,2,0.30494505494505497,0.07692307692307693,0.0
1270,1,1.0,1.0,1.0
1271,1,0.540625,0.0625,1.0
1272,1,1.0,1.0,1.0
1273,1,0.19444444444444442,0.1111111111111111,1.0
1274,1,1.0,1.0,1.0
1275,1,1.0,1.0,1.0
1276,4,0.3630952380952381,0.2857142857142857,0.0
1277,4,0.20416666666666666,0.125,0.25
1278,1,0.42916666666666664,0.05,1.0
1279,1,0.625,0.25,1.0
1280,1,1.0,1.0,1.0
1281,1,0.5714285714285714,0.14285714285714285,1.0
1282,5,0.5020833333333333,0.3,0.4
1283,3,1.0,1.0,1.0
1284,1,0.2375,0.08333333333333333,1.0
1285,1,0.78125,0.125,1.0
1286,1,0.47916666666666663,0.25,1.0
1287,1,1.0,1.0,1.0
1288,2,0.44166666666666665,0.2,0.5
1289,1,1.0,1.0,1.0
1290,6,0.4199346405228758,0.2222222222222222,0.3333333333333333
1291,4,0.336038961038961,0.25,0.0
1292,1,0.5773809523809523,0.14285714285714285,1.0
1293,11,0.5881265664160401,0.35,0.6363636363636364
1294,5,0.8666666666666667,0.6666666666666666,0.8
1295,1,1.0,1.0,1.0
1296,4,0.84375,0.375,0.75
1297,2,0.7916666666666666,0.16666666666666666,0.5
1298,2,1.0,1.0,1.0
1299,2,0.7666666666666666,0.4,1.0
1300,1,1.0,1.0,1.0
1301,2,0.6666666666666666,0.5,1.0
1302,1,1.0,1.0,1.0
1303,1,0.16744505494505496,0.07692307692307693,1.0
1304,1,1.0,1.0,1.0
1305,2,0.875,0.5,1.0
1306,1,1.0,1.0,1.0
1307,1,1.0,1.0,1.0
1308,3,1.0,1.0,1.0
1309,3,1.0,1.0,1.0
1310,5,0.3526785714285714,0.16666666666666666,0.0
1311,2,1.0,1.0,1.0
1312,1,1.0,1.0,1.0
1313,5,0.5401785714285714,0.375,0.2
1314,1,1.0,1.0,1.0
1315,1,1.0,1.0,1.0
1316,2,0.6277777777777778,0.1111111111111111,0.5
1317,9,0.8638888888888889,0.7777777777777778,0.7777777777777778
1318,1,1.0,1.0,1.0
1319,4,0.6214285714285714,0.2857142857142857,0.5
1320,1,0.8333333333333334,0.3333333333333333,1.0
1321,4,1.0,1.0,1.0
1322,1,0.6666666666666666,0.16666666666666666,1.0
1323,3,0.49772727272727274,0.09090909090909091,0.0
1324,6,0.9285714285714286,0.8571428571428571,1.0
1325,4,0.375,0.25,0.25
1326,1,0.3541666666666667,0.125,1.0
1327,1,1.0,1.0,1.0
1328,1,0.5625,0.125,1.0
1329,1,0.5504807692307693,0.07692307692307693,1.0
1330,1,1.0,1.0,1.0
1331,1,0.07417582417582418,0.07142857142857142,1.0
1332,1,1.0,1.0,1.0
1333,1,0.5857142857142857,0.14285714285714285,1.0
1334,1,1.0,1.0,1.0
1335,2,1.0,1.0,1.0
1336,1,0.7692307692307693,0.07692307692307693,1.0
1337,2,0.328258547008547,0.07692307692307693,0.0
1338,1,0.5227743271221532,0.043478260869565216,1.0
1339,2,1.0,1.0,1.0
1340,6,0.5918109668109668,0.45454545454545453,0.8333333333333334
1341,1,1.0,1.0,1.0
1342,1,0.8125,0.25,1.0
1343,5,0.42142857142857143,0.4,0.0
1344,2,0.5204545454545455,0.18181818181818182,1.0
1345,2,0.7380952380952381,0.2857142857142857,1.0
1346,2,0.2222222222222222,0.1111111111111111,0.5
1347,4,0.34375,0.25,0.25
1348,3,0.5770833333333333,0.3333333333333333,1.0
1349,1,1.0,1.0,1.0
1350,2,0.5773809523809523,0.14285714285714285,0.0
1351,2,0.7083333333333333,0.5,1.0
1352,4,0.4376984126984127,0.2222222222222222,0.5
1353,5,0.6875,0.25,0.4
1354,2,0.7916666666666666,0.5,1.0
1355,1,0.5625,0.125,1.0
1356,1,1.0,1.0,1.0
1357,2,0.725,0.4,1.0
1358,3,1.0,1.0,1.0
1359,2,0.875,0.5,0.5
1360,1,0.5520833333333334,0.041666666666666664,1.0
1361,1,1.0,1.0,1.0
1362,2,0.8333333333333333,0.6666666666666666,1.0
1363,6,0.5803571428571428,0.375,0.3333333333333333
1364,1,1.0,1.0,1.0
1365,1,1.0,1.0,1.0
1366,3,0.6499999999999999,0.6,0.6666666666666666
1367,1,1.0,1.0,1.0
1368,1,1.0,1.0,1.0
1369,1,1.0,1.0,1.0
1370,3,0.19664502164502165,0.07142857142857142,0.3333333333333333
1371,1,0.8125,0.25,1.0
1372,1,0.2777777777777778,0.1111111111111111,1.0
1373,1,1.0,1.0,1.0
1374,1,1.0,1.0,1.0
1375,1,1.0,1.0,1.0
1376,1,1.0,1.0,1.0
1377,2,1.0,1.0,1.0
1378,1,1.0,1.0,1.0
1379,1,0.45625,0.125,1.0
1380,1,1.0,1.0,1.0
1381,1,0.5278637770897833,0.05263157894736842,1.0
1382,1,0.27507440476190476,0.03125,1.0
1383,1,1.0,1.0,1.0
1384,3,0.5,0.5,0.6666666666666666
1385,1,0.3333333333333333,0.3333333333333333,1.0
1386,3,0.38571428571428573,0.14285714285714285,0.3333333333333333
1387,1,0.07417582417582418,0.07142857142857142,1.0
1388,1,1.0,1.0,1.0
1389,1,0.2869047619047619,0.047619047619047616,1.0
1390,1,1.0,1.0,1.0
1391,1,1.0,1.0,1.0
1392,1,1.0,1.0,1.0
1393,1,1.0,1.0,1.0
1394,1,1.0,1.0,1.0
1395,1,0.5625,0.125,1.0
1396,1,1.0,1.0,1.0
1397,1,0.6125,0.2,1.0
1398,1,0.8,0.2,1.0
1399,1,1.0,1.0,1.0
1400,1,1.0,1.0,1.0
1401,6,0.5162337662337662,0.42857142857142855,0.5
1402,1,0.13194444444444445,0.1111111111111111,1.0
1403,1,0.7916666666666666,0.16666666666666666,1.0
1404,1,0.8,0.2,1.0
1405,1,1.0,1.0,1.0
1406,1,0.78125,0.125,1.0
1407,1,0.15416666666666667,0.125,1.0
1408,3,0.41666666666666663,0.3333333333333333,0.3333333333333333
1409,1,1.0,1.0,1.0
1410,1,0.5625,0.125,1.0
1411,1,1.0,1.0,1.0
1412,1,0.35,0.2,1.0
1413,1,1.0,1.0,1.0
1414,1,1.0,1.0,1.0
1415,1,1.0,1.0,1.0
1416,2,0.35,0.16666666666666666,0.5
1417,5,0.7916666666666666,0.6666666666666666,0.8
1418,2,1.0,1.0,1.0
1419,1,0.29166666666666663,0.25,1.0
1420,3,0.2263888888888889,0.1,0.0
1421,1,0.18835227272727273,0.0625,1.0
1422,2,1.0,1.0,1.0
1423,1,0.7916666666666666,0.16666666666666666,1.0
1424,1,0.5721153846153846,0.038461538461538464,1.0
1425,4,0.4464285714285714,0.25,0.5
1426,1,0.3630952380952381,0.14285714285714285,1.0
1427,1,0.5520833333333334,0.08333333333333333,1.0
1428,1,0.5590277777777778,0.1111111111111111,1.0
1429,1,0.58125,0.125,1.0
1430,1,0.32569444444444445,0.06666666666666667,1.0
1431,1,0.8,0.2,1.0
1432,1,1.0,1.0,1.0
1433,1,0.3526785714285714,0.125,1.0
1434,1,0.78125,0.125,1.0
1435,1,0.32321428571428573,0.06666666666666667,1.0
1436,1,0.78125,0.125,1.0
1437,1,0.20625,0.125,1.0
1438,1,1.0,1.0,1.0
1439,2,0.9166666666666666,0.6666666666666666,1.0
1440,1,0.8,0.2,1.0
1441,1,1.0,1.0,1.0
1442,1,1.0,1.0,1.0
1443,2,1.0,1.0,1.0
1444,1,1.0,1.0,1.0
1445,3,0.525,0.25,0.6666666666666666
1446,2,1.0,1.0,1.0
1447,1,0.7559523809523809,0.023809523809523808,1.0
1448,4,1.0,1.0,1.0
1449,1,1.0,1.0,1.0
1450,1,1.0,1.0,1.0
1451,1,1.0,1.0,1.0
1452,2,0.85,0.4,1.0
1453,1,1.0,1.0,1.0
1454,1,1.0,1.0,1.0
1455,1,1.0,1.0,1.0
1456,1,1.0,1.0,1.0
1457,1,1.0,1.0,1.0
1458,1,1.0,1.0,1.0
1459,2,0.575,0.4,1.0
1460,1,0.7916666666666666,0.16666666666666666,1.0
1461,1,1.0,1.0,1.0
1462,1,1.0,1.0,1.0
1463,1,1.0,1.0,1.0
1464,1,1.0,1.0,1.0
1465,1,0.36904761904761907,0.14285714285714285,1.0
1466,1,1.0,1.0,1.0
